"MS_SubClass","MS_Zoning","Lot_Area","Street","Alley","Lot_Shape","Land_Contour","Utilities","Lot_Config","Land_Slope","Neighborhood","Condition_1","Condition_2","Bldg_Type","House_Style","Overall_Qual","Overall_Cond","Year_Built","Year_Remod/Add","Roof_Style","Roof_Matl","Exterior_1st","Exterior_2nd","Mas_Vnr_Type","Mas_Vnr_Area","Exter_Qual","Exter_Cond","Foundation","Bsmt_Qual","Bsmt_Cond","Bsmt_Exposure","BsmtFin_Type_1","BsmtFin_Type_2","Total_Bsmt_SF","Heating","Heating_QC","Central_Air","Electrical","Gr_Liv_Area","Bsmt_Full_Bath","Bsmt_Half_Bath","Full_Bath","Half_Bath","Bedroom_AbvGr","Kitchen_AbvGr","Kitchen_Qual","Functional","Fireplaces","Fireplace_Qu","Garage_Type","Garage_Finish","Garage_Cars","Garage_Area","Garage_Qual","Garage_Cond","Paved_Drive","Wood_Deck_SF","Open_Porch_SF","Enclosed_Porch","3Ssn_Porch","Screen_Porch","Pool_Area","Pool_QC","Fence","Misc_Feature","Misc_Val","Mo_Sold","Yr_Sold","Sale_Type","Sale_Condition","SalePrice","Has_Basement","Has_Garage","Has_Fireplace","Has_Pool","Has_Fence","Has_Alley","Has_MasVnr"
"060","RL",8726,"Pave","NA",4,"Lvl",4,"Inside",3,"CollgCr","Norm","Norm","1Fam","2Story",7,5,2002,2002,"Gable","CompShg","VinylSd","VinylSd","None",0,4,3,"PConc",4,3,1,1,1,872,"GasA",5,"Y",5,1909,0,0,2,1,4,1,4,8,0,0,"BuiltIn",2,2,529,3,3,3,0,108,0,0,0,0,0,0,"NA",0,9,2006,"WD","Normal",197000,1,1,0,0,0,0,0
"020","RL",50271,"Pave","NA",3,"Low",4,"Inside",3,"Veenker","Norm","Norm","1Fam","1Story",9,5,1981,1987,"Gable","WdShngl","WdShing","Wd Shng","None",0,4,3,"CBlock",5,3,4,6,1,1842,"GasA",4,"Y",5,1842,2,0,0,1,0,1,4,8,1,4,"Attchd",3,3,894,3,3,3,857,72,0,0,0,0,0,0,"NA",0,11,2006,"WD","Normal",385000,1,1,1,0,0,0,0
"050","RL",10836,"Pave","Grvl",4,"Lvl",4,"Inside",3,"OldTown","Norm","Norm","1Fam","1.5Fin",5,5,1922,1950,"Gable","CompShg","Wd Sdng","Wd Sdng","None",0,3,3,"BrkTil",3,3,1,1,1,892,"GasA",5,"Y",5,1436,0,1,1,0,3,1,3,8,1,4,"Detchd",1,4,1488,2,3,1,0,0,100,0,0,0,0,2,"NA",0,6,2008,"WD","Normal",139000,1,1,1,0,1,1,0
"160","FV",2160,"Pave","Pave",4,"Lvl",4,"Inside",3,"Somerst","Norm","Norm","Twnhs","2Story",7,5,1999,2000,"Gable","CompShg","MetalSd","MetalSd","BrkFace",212,4,3,"PConc",4,3,1,4,1,600,"GasA",5,"Y",5,1252,1,0,2,1,2,1,4,8,0,0,"Detchd",1,2,462,3,3,3,0,48,0,0,0,0,0,0,"NA",0,3,2008,"WD","Normal",160000,1,1,0,0,0,1,1
"050","RM",5520,"Pave","NA",3,"Lvl",4,"FR2",3,"BrkSide","Feedr","Norm","1Fam","1.5Fin",5,7,1920,1997,"Gable","CompShg","AsbShng","AsbShng","None",0,3,4,"BrkTil",3,3,1,5,1,565,"GasA",3,"Y",5,1216,1,0,1,0,3,1,3,8,1,4,"BuiltIn",2,1,355,2,3,3,0,0,180,0,0,0,0,3,"NA",0,4,2008,"WD","Normal",115000,1,1,1,0,1,0,0
"020","RL",9000,"Pave","NA",3,"HLS",4,"Inside",2,"NAmes","Norm","Norm","1Fam","1Story",6,6,1958,1958,"Flat","Tar&Grv","Wd Sdng","Wd Sdng","BrkFace",82,3,3,"CBlock",4,3,4,1,1,160,"GasA",2,"Y",5,1142,0,0,1,0,2,1,3,8,1,4,"Basment",2,1,384,3,3,3,0,28,64,0,0,0,0,0,"NA",0,4,2009,"WD","Normal",113500,1,1,1,0,0,0,1
"050","RM",6060,"Pave","NA",4,"Lvl",4,"Inside",3,"IDOTRR","Norm","Norm","1Fam","1.5Fin",4,5,1939,1950,"Gable","CompShg","AsbShng","AsbShng","None",0,3,3,"PConc",3,3,1,1,1,732,"GasA",4,"Y",5,1123,0,0,1,0,3,1,3,8,0,0,"Detchd",1,1,264,3,3,2,0,0,140,0,0,0,0,3,"NA",0,6,2007,"WD","Normal",1e+05,1,1,0,0,1,0,0
"020","RL",10197,"Pave","NA",3,"Lvl",4,"Inside",3,"NAmes","Norm","Norm","1Fam","1Story",6,5,1961,1961,"Gable","CompShg","WdShing","Wd Shng","BrkCmn",491,3,3,"CBlock",3,3,1,5,3,1362,"GasA",3,"Y",5,1362,1,0,1,1,3,1,3,8,1,3,"Attchd",1,2,504,3,3,3,0,20,0,0,0,0,0,0,"NA",0,6,2008,"COD","Normal",163000,1,1,1,0,0,0,1
"020","RL",9345,"Pave","NA",3,"Lvl",4,"Inside",3,"CollgCr","Norm","Norm","1Fam","1Story",8,5,2007,2007,"Gable","CompShg","VinylSd","VinylSd","Stone",156,4,3,"PConc",4,3,3,1,1,1615,"GasA",5,"Y",5,1615,0,0,2,0,3,1,4,8,1,4,"Attchd",2,3,864,3,3,3,168,30,0,0,0,0,0,0,"NA",0,5,2008,"WD","Normal",248500,1,1,1,0,0,0,1
"090","RH",7136,"Pave","NA",3,"HLS",4,"Inside",3,"Crawfor","Norm","Norm","Duplex","2Story",6,6,1946,1950,"Gable","CompShg","MetalSd","MetalSd","BrkFace",423,3,3,"CBlock",4,3,1,3,1,979,"GasA",3,"N",2,1958,0,0,2,0,4,2,3,8,0,0,"Attchd",1,2,492,3,3,3,0,0,0,0,0,0,0,0,"NA",0,8,2007,"WD","Normal",145000,1,1,0,0,0,0,1
"020","RL",10400,"Pave","NA",4,"Lvl",4,"Inside",3,"NWAmes","Norm","Norm","1Fam","1Story",7,5,1976,1976,"Gable","CompShg","HdBoard","HdBoard","BrkFace",189,3,3,"CBlock",4,3,1,1,1,1090,"GasA",3,"Y",5,1370,0,0,2,0,3,1,3,8,1,3,"Attchd",2,2,479,3,3,3,0,0,0,0,0,0,0,3,"NA",0,6,2009,"WD","Family",152000,1,1,1,0,1,0,1
"120","RL",3922,"Pave","NA",4,"Lvl",4,"Inside",3,"Blmngtn","Norm","Norm","TwnhsE","1Story",7,5,2006,2007,"Gable","CompShg","WdShing","Wd Shng","BrkFace",72,4,3,"PConc",5,3,3,1,1,1258,"GasA",5,"Y",5,1258,0,0,2,0,2,1,4,8,1,4,"Attchd",3,3,648,3,3,3,144,16,0,0,0,0,0,0,"NA",0,6,2007,"New","Partial",172500,1,1,1,0,0,0,1
"020","RM",5805,"Pave","Grvl",4,"Bnk",4,"Inside",2,"OldTown","Norm","Norm","1Fam","1Story",5,7,1957,1957,"Hip","CompShg","MetalSd","MetalSd","None",0,3,3,"CBlock",3,3,2,4,3,1347,"GasA",4,"Y",5,1347,1,1,1,0,3,1,4,8,0,0,"Detchd",1,2,551,3,3,3,0,0,0,0,0,0,0,0,"NA",0,6,2010,"WD","Normal",143000,1,1,0,0,0,1,0
"030","RL",11600,"Pave","NA",4,"Lvl",4,"Inside",3,"Crawfor","Norm","Norm","1Fam","1Story",4,5,1922,1950,"Gable","CompShg","MetalSd","MetalSd","None",0,3,3,"BrkTil",2,3,1,1,1,700,"GasA",5,"Y",5,1180,0,0,1,0,2,1,2,8,1,4,"Detchd",1,1,252,3,2,3,0,0,67,0,0,0,0,0,"NA",0,7,2006,"WD","Normal",137500,1,1,1,0,0,0,0
"090","RL",8544,"Pave","NA",4,"Lvl",4,"Inside",3,"NAmes","Norm","Norm","Duplex","1Story",3,4,1949,1950,"Gable","CompShg","Stucco","Stucco","BrkFace",340,3,3,"Slab",0,0,0,0,0,0,"Wall",2,"N",3,1040,0,0,2,0,2,2,3,8,0,0,"Detchd",1,2,400,3,3,3,0,0,0,0,0,0,0,0,"NA",0,5,2006,"WD","Normal",87500,0,1,0,0,0,0,1
"045","RM",7449,"Pave","Grvl",4,"Bnk",4,"Inside",3,"IDOTRR","Norm","Norm","1Fam","1.5Unf",7,7,1930,1950,"Gable","CompShg","Wd Sdng","Wd Sdng","None",0,3,3,"PConc",3,3,1,1,1,637,"GasA",5,"Y",2,1108,0,0,1,0,3,1,4,8,1,4,"Attchd",1,1,280,3,3,1,0,0,205,0,0,0,0,4,"NA",0,6,2007,"WD","Normal",139400,1,1,1,0,1,1,0
"020","RL",11457,"Pave","NA",3,"Lvl",4,"Corner",3,"Timber","Norm","Norm","1Fam","1Story",6,5,1988,1988,"Gable","CompShg","HdBoard","HdBoard","None",0,3,3,"CBlock",4,3,2,6,1,1392,"GasA",3,"Y",5,1412,1,0,2,0,3,1,4,8,1,3,"Attchd",1,2,576,3,3,3,0,0,169,0,0,0,0,0,"NA",0,3,2009,"WD","Normal",175000,1,1,1,0,0,0,0
"020","RL",8532,"Pave","NA",4,"Lvl",4,"Inside",3,"NAmes","Norm","Norm","1Fam","1Story",5,6,1954,1990,"Hip","CompShg","Wd Sdng","Wd Sdng","BrkFace",650,3,3,"CBlock",3,3,1,3,1,1297,"GasA",4,"Y",5,1297,0,1,1,0,3,1,3,8,1,3,"Attchd",3,2,498,3,3,3,0,0,0,0,0,0,0,0,"NA",0,10,2009,"WD","Normal",153000,1,1,1,0,0,0,1
"050","RL",5190,"Pave","NA",4,"Lvl",4,"Inside",3,"Edwards","Norm","Norm","1Fam","1.5Fin",7,5,1948,1950,"Gable","CompShg","BrkFace","Plywood","None",0,3,3,"CBlock",3,3,1,1,1,570,"GasA",3,"Y",5,1079,0,0,1,0,2,1,3,8,1,4,"Attchd",1,1,249,3,3,3,135,0,0,0,0,0,0,0,"NA",0,1,2008,"WD","Normal",125600,1,1,1,0,0,0,0
"060","RL",15038,"Pave","NA",2,"Lvl",4,"Corner",3,"Gilbert","Norm","Norm","1Fam","2Story",6,5,1996,1996,"Gable","CompShg","HdBoard","HdBoard","None",0,3,3,"PConc",4,3,1,3,1,916,"GasA",4,"Y",5,1636,0,0,2,1,3,1,3,8,1,3,"Attchd",3,2,386,3,3,3,168,84,0,0,0,0,0,0,"NA",0,11,2008,"WD","Normal",173000,1,1,1,0,0,0,0
"060","RL",16900,"Pave","NA",4,"Lvl",4,"Inside",3,"NridgHt","Norm","Norm","1Fam","2Story",8,5,2001,2002,"Gable","CompShg","VinylSd","VinylSd","BrkFace",1110,4,3,"PConc",5,3,2,6,1,1479,"GasA",5,"Y",5,2649,1,0,2,1,4,1,4,8,1,3,"Attchd",3,3,746,3,3,3,0,60,0,0,0,0,0,0,"NA",0,1,2008,"WD","Normal",421250,1,1,1,0,0,0,1
"020","RL",11354,"Pave","NA",4,"Lvl",4,"Inside",3,"CollgCr","Norm","Norm","1Fam","1Story",7,5,2000,2000,"Gable","CompShg","VinylSd","VinylSd","None",0,4,3,"PConc",3,3,4,6,1,1673,"GasA",5,"Y",5,1673,1,0,2,0,3,1,4,8,1,3,"Attchd",2,2,583,3,3,3,306,113,0,0,116,0,0,0,"NA",0,1,2007,"WD","Normal",270000,1,1,1,0,0,0,0
"070","RL",7200,"Pave","NA",4,"Lvl",4,"Corner",3,"OldTown","Artery","Norm","1Fam","2Story",7,9,1910,2008,"Gable","CompShg","VinylSd","VinylSd","None",0,4,4,"PConc",3,3,1,1,1,560,"GasA",5,"Y",5,1690,0,0,2,0,4,1,4,8,0,0,"Detchd",1,2,624,3,3,3,0,0,112,0,0,0,0,0,"NA",0,8,2009,"WD","Normal",156500,1,1,0,0,0,0,0
"020","RL",12243,"Pave","NA",3,"Lvl",4,"Inside",3,"NWAmes","Norm","Norm","1Fam","1Story",5,6,1971,1971,"Gable","CompShg","Plywood","Plywood","None",0,3,3,"CBlock",4,3,3,5,1,1484,"GasA",4,"Y",5,1484,0,0,2,0,3,1,3,8,1,3,"Attchd",1,2,487,3,3,3,224,0,0,0,180,0,0,0,"NA",0,2,2007,"WD","Normal",175000,1,1,1,0,0,0,0
"050","RL",13680,"Pave","NA",4,"HLS",4,"Inside",2,"Crawfor","Norm","Norm","1Fam","1.5Fin",5,6,1940,1950,"Gable","CompShg","Wd Sdng","Wd Sdng","None",0,3,3,"CBlock",3,3,1,5,1,840,"GasA",5,"Y",5,1567,1,0,1,1,2,1,3,6,2,3,"Detchd",1,2,440,3,3,3,0,21,150,0,0,0,0,4,"NA",0,2,2009,"WD","Normal",205000,1,1,1,0,1,0,0
"080","RL",6305,"Pave","NA",4,"Lvl",4,"Inside",3,"Edwards","Norm","Norm","1Fam","SLvl",6,6,1975,1975,"Gable","CompShg","Plywood","Plywood","None",0,3,3,"CBlock",3,3,3,5,1,1008,"GasA",3,"Y",5,1096,1,0,1,0,3,1,3,8,1,2,"Detchd",1,1,352,3,3,3,0,0,0,0,0,0,0,0,"NA",0,6,2010,"WD","Normal",125200,1,1,1,0,0,0,0
"060","RL",8998,"Pave","NA",3,"Lvl",4,"Inside",3,"CollgCr","Norm","Norm","1Fam","2Story",7,5,2000,2000,"Gable","CompShg","VinylSd","VinylSd","BrkFace",120,4,3,"PConc",4,3,2,6,1,782,"GasA",5,"Y",5,1652,0,0,2,1,3,1,4,8,0,0,"Attchd",2,2,532,3,3,3,0,70,0,0,0,0,0,0,"NA",0,6,2008,"WD","Normal",207500,1,1,0,0,0,0,1
"060","RL",9675,"Pave","NA",4,"Lvl",4,"Inside",3,"Somerst","Norm","Norm","1Fam","2Story",7,5,2005,2005,"Gable","CompShg","VinylSd","VinylSd","None",0,4,3,"PConc",4,3,2,6,1,1113,"GasA",5,"Y",5,1971,0,0,2,1,3,1,4,8,1,4,"Attchd",2,2,689,3,3,3,0,48,0,0,0,0,0,0,"NA",0,2,2009,"WD","Normal",253000,1,1,1,0,0,0,0
"060","RL",9771,"Pave","NA",1,"Lvl",4,"Corner",3,"SawyerW","Norm","Norm","1Fam","2Story",6,5,1995,2002,"Gable","CompShg","HdBoard","HdBoard","BrkFace",190,4,3,"PConc",4,3,1,2,1,1077,"GasA",5,"Y",5,2814,0,1,2,1,4,1,4,8,1,3,"BuiltIn",3,2,614,3,3,3,48,32,0,0,216,0,0,4,"NA",0,6,2008,"WD","Normal",260000,1,1,1,0,1,0,1
"160","RM",1526,"Pave","NA",4,"Lvl",4,"Inside",3,"MeadowV","Norm","Norm","Twnhs","2Story",4,5,1970,1970,"Gable","CompShg","CemntBd","CmentBd","None",0,3,3,"CBlock",3,3,1,1,1,546,"GasA",3,"Y",5,1092,0,0,1,1,3,1,3,8,0,0,"NA",0,0,0,0,0,3,0,34,0,0,0,0,0,4,"NA",0,6,2006,"WD","Normal",79500,1,0,0,0,1,0,0
"020","RL",13214,"Pave","NA",3,"HLS",4,"Inside",3,"Timber","Norm","Norm","1Fam","1Story",9,5,2008,2009,"Hip","CompShg","Stucco","CmentBd","None",0,5,3,"PConc",5,3,4,1,1,2002,"GasA",5,"Y",5,2018,0,0,2,0,3,1,5,8,1,4,"Attchd",3,3,746,3,3,3,144,76,0,0,0,0,0,0,"NA",0,5,2010,"WD","Normal",378500,1,1,1,0,0,0,0
"020","RL",7200,"Pave","NA",4,"Lvl",4,"Inside",3,"NAmes","Norm","Norm","1Fam","1Story",5,7,1950,1950,"Hip","CompShg","Wd Sdng","Wd Sdng","None",0,3,3,"CBlock",0,0,0,0,0,0,"GasA",3,"Y",2,1040,0,0,1,0,2,1,3,8,0,0,"Detchd",1,2,625,3,3,3,0,0,0,0,0,0,0,0,"NA",0,6,2006,"WD","Normal",109500,0,1,0,0,0,0,0
"020","FV",7180,"Pave","Pave",3,"Lvl",4,"Inside",3,"Somerst","Norm","Norm","1Fam","1Story",8,5,2001,2002,"Gable","CompShg","CemntBd","CmentBd","None",0,4,3,"PConc",4,3,1,1,1,1568,"GasA",5,"Y",5,1568,0,0,2,0,3,1,4,8,1,3,"Attchd",2,2,564,3,3,3,0,266,0,0,0,0,0,0,"NA",0,9,2006,"WD","Normal",221000,1,1,1,0,0,1,0
"050","RL",8405,"Pave","Grvl",4,"Lvl",4,"Inside",3,"Edwards","Norm","Norm","1Fam","1.5Fin",5,8,1900,1950,"Gable","CompShg","MetalSd","MetalSd","None",0,3,3,"BrkTil",3,4,1,3,4,861,"GasA",5,"Y",5,1367,1,0,1,0,4,1,3,8,0,0,"Detchd",1,1,384,3,3,3,0,130,112,0,0,0,0,3,"NA",0,4,2008,"WD","Normal",119000,1,1,0,0,1,1,0
"180","RM",3675,"Pave","NA",4,"Lvl",4,"Inside",3,"Edwards","Norm","Norm","TwnhsE","SFoyer",6,5,2005,2006,"Gable","CompShg","VinylSd","VinylSd","BrkFace",80,3,3,"Wood",4,3,4,6,1,547,"GasA",4,"Y",5,1072,1,0,1,0,2,1,3,8,0,0,"Basment",3,2,525,3,3,3,0,28,0,0,0,0,0,0,"NA",0,4,2009,"WD","Normal",145500,1,1,0,0,0,0,1
"060","RL",12474,"Pave","NA",4,"Lvl",4,"Inside",3,"NridgHt","Norm","Norm","1Fam","2Story",10,5,2007,2008,"Gable","CompShg","VinylSd","VinylSd","Stone",272,5,3,"PConc",5,3,3,6,1,1682,"GasA",5,"Y",5,2332,1,0,2,1,3,1,5,8,1,5,"BuiltIn",3,3,846,3,3,3,196,134,0,0,0,0,0,0,"NA",0,8,2008,"New","Partial",426000,1,1,1,0,0,0,1
"190","RL",34650,"Pave","NA",4,"Bnk",4,"Inside",3,"Gilbert","Norm","Norm","2fmCon","1Story",5,5,1955,1955,"Hip","CompShg","Wd Sdng","Wd Sdng","None",0,3,3,"CBlock",3,3,2,3,1,1056,"GasA",3,"N",5,1056,1,0,1,0,3,1,3,8,0,0,"Attchd",3,2,572,3,3,3,264,0,0,0,0,0,0,0,"NA",0,1,2006,"WD","Normal",145000,1,1,0,0,0,0,0
"060","RL",8450,"Pave","NA",4,"Lvl",4,"Inside",3,"CollgCr","Norm","Norm","1Fam","2Story",7,5,2003,2003,"Gable","CompShg","VinylSd","VinylSd","BrkFace",196,4,3,"PConc",4,3,1,6,1,856,"GasA",5,"Y",5,1710,1,0,2,1,3,1,4,8,0,0,"Attchd",2,2,548,3,3,3,0,61,0,0,0,0,0,0,"NA",0,2,2008,"WD","Normal",208500,1,1,0,0,0,0,1
"060","RL",12867,"Pave","NA",3,"Lvl",4,"Corner",3,"NridgHt","Norm","Norm","1Fam","2Story",8,5,2005,2006,"Gable","CompShg","CemntBd","CmentBd","None",0,4,3,"PConc",5,3,3,1,1,1209,"GasA",5,"Y",5,2253,0,0,2,1,3,1,5,8,1,4,"Attchd",3,2,575,3,3,3,243,142,0,0,0,0,0,0,"NA",0,7,2006,"New","Partial",344133,1,1,1,0,0,0,0
"020","RL",13001,"Pave","NA",3,"Lvl",4,"Inside",3,"NWAmes","PosN","Norm","1Fam","1Story",6,5,1971,1971,"Hip","CompShg","HdBoard","HdBoard","BrkFace",176,3,3,"CBlock",3,3,2,5,4,1625,"GasA",3,"Y",5,1220,0,1,2,0,2,1,3,8,1,3,"Attchd",1,2,944,3,3,3,0,0,249,0,0,0,0,0,"NA",0,9,2007,"WD","Normal",170000,1,1,1,0,0,0,1
"120","RL",3196,"Pave","NA",4,"Lvl",4,"Inside",3,"Blmngtn","Norm","Norm","TwnhsE","1Story",8,5,2003,2003,"Gable","CompShg","VinylSd","VinylSd","BrkFace",40,4,3,"PConc",4,3,4,1,1,1273,"GasA",5,"Y",5,1456,0,0,2,0,2,1,4,8,1,3,"Attchd",3,2,400,3,3,3,143,20,0,0,0,0,0,0,"NA",0,5,2006,"WD","Normal",215000,1,1,1,0,0,0,1
"150","RL",1700,"Pave","NA",4,"HLS",4,"Inside",3,"ClearCr","Norm","Norm","Twnhs","1.5Fin",7,5,1980,1981,"Gable","CompShg","VinylSd","VinylSd","None",0,4,3,"PConc",4,3,2,6,1,430,"GasA",3,"Y",5,1700,1,0,2,1,2,1,4,8,0,0,"Basment",3,1,450,4,3,3,188,36,0,0,200,0,0,0,"NA",0,4,2006,"WD","Normal",148400,1,1,0,0,0,0,0
"080","RL",15584,"Pave","NA",4,"Lvl",4,"Inside",3,"ClearCr","Norm","Norm","1Fam","SLvl",5,5,1956,1956,"Hip","CompShg","Wd Sdng","Wd Sdng","BrkFace",366,3,3,"CBlock",3,3,2,1,1,825,"GasA",5,"Y",5,2071,0,1,1,1,4,1,3,8,1,3,"Attchd",1,1,336,3,3,3,131,28,0,0,0,0,0,0,"NA",0,10,2009,"WD","Normal",165000,1,1,1,0,0,0,1
"120","RL",5950,"Pave","NA",3,"HLS",4,"Inside",2,"StoneBr","Norm","Norm","TwnhsE","1Story",8,5,1989,1989,"Gable","CompShg","HdBoard","HdBoard","None",0,4,3,"PConc",4,3,4,6,1,1337,"GasA",4,"Y",5,1337,1,0,2,0,2,1,4,8,1,3,"Attchd",2,2,462,3,3,3,0,73,154,0,0,0,0,0,"NA",0,4,2008,"WD","Normal",188500,1,1,1,0,0,0,0
"090","RL",9671,"Pave","NA",4,"Lvl",4,"Corner",3,"NAmes","Artery","Norm","Duplex","2Story",6,5,1969,1969,"Gable","CompShg","MetalSd","MetalSd","Stone",480,3,3,"CBlock",3,3,1,1,1,1248,"GasA",3,"Y",5,2544,0,0,2,2,6,2,3,8,0,0,"Attchd",2,3,907,3,3,3,0,0,0,0,0,0,0,0,"NA",0,8,2009,"WD","Normal",190000,1,1,0,0,0,0,1
"050","RL",8741,"Pave","NA",4,"Lvl",4,"Inside",3,"Edwards","Norm","Norm","1Fam","1.5Fin",6,4,1945,1950,"Gable","CompShg","VinylSd","VinylSd","None",0,3,3,"CBlock",3,2,1,2,1,735,"GasA",3,"Y",3,1487,0,0,1,1,3,1,3,8,1,4,"Detchd",1,1,220,3,3,3,0,140,0,0,0,0,0,3,"NA",0,4,2010,"WD","Normal",113000,1,1,1,0,1,0,0
"030","RL",10800,"Pave","Grvl",4,"Lvl",4,"Inside",3,"OldTown","Norm","Norm","1Fam","1Story",5,6,1920,1950,"Hip","CompShg","Stucco","Stucco","None",0,3,3,"BrkTil",3,3,1,3,1,1120,"GasA",5,"Y",5,1130,1,0,1,0,2,1,3,8,1,4,"Detchd",1,2,720,3,3,3,229,0,0,0,0,0,0,0,"NA",0,6,2006,"WD","Normal",120000,1,1,1,0,0,1,0
"020","RL",7800,"Pave","NA",4,"Lvl",4,"Inside",3,"NAmes","Norm","Norm","1Fam","1Story",5,6,1954,1954,"Gable","CompShg","HdBoard","HdBoard","BrkFace",200,3,3,"PConc",3,3,1,2,1,1268,"GasA",4,"Y",5,1268,0,0,1,0,2,1,3,8,1,4,"Attchd",3,1,244,3,3,3,0,98,0,0,0,0,0,0,"NA",0,3,2010,"WD","Normal",132000,1,1,1,0,0,0,1
"090","RL",6040,"Pave","NA",4,"Lvl",4,"Inside",3,"Edwards","Norm","Norm","Duplex","1Story",4,5,1955,1955,"Gable","CompShg","AsbShng","Plywood","None",0,3,3,"PConc",0,0,0,0,0,0,"GasA",3,"N",1,1152,0,0,2,0,2,2,2,8,0,0,"NA",0,0,0,0,0,1,0,0,0,0,0,0,0,0,"NA",0,6,2008,"WD","AdjLand",82000,0,0,0,0,0,0,0
"060","RL",8390,"Pave","NA",3,"Lvl",4,"Inside",3,"Gilbert","Norm","Norm","1Fam","2Story",7,5,1999,1999,"Gable","CompShg","VinylSd","VinylSd","None",0,3,3,"PConc",4,3,1,1,1,831,"GasA",5,"Y",5,1651,0,0,2,1,3,1,3,8,1,3,"BuiltIn",3,2,450,3,3,3,0,103,0,0,0,0,0,0,"NA",0,5,2008,"WD","Normal",185900,1,1,1,0,0,0,0
"160","RM",1680,"Pave","NA",4,"Lvl",4,"Inside",3,"BrDale","Norm","Norm","Twnhs","2Story",6,5,1973,1973,"Gable","CompShg","HdBoard","HdBoard","BrkFace",504,3,3,"CBlock",3,3,1,4,1,483,"GasA",3,"Y",5,987,1,0,1,1,2,1,3,8,0,0,"Detchd",1,1,264,3,3,3,0,0,0,0,0,0,0,0,"NA",0,7,2009,"WD","Normal",111000,1,1,0,0,0,0,1
"060","RL",9024,"Pave","NA",3,"Lvl",4,"Inside",3,"Gilbert","Norm","Norm","1Fam","2Story",6,5,2004,2004,"Gable","CompShg","VinylSd","VinylSd","None",0,4,3,"PConc",4,3,1,1,1,789,"GasA",5,"Y",5,1515,0,0,2,1,3,1,4,8,1,4,"Attchd",3,2,393,3,3,3,0,75,0,0,0,0,0,0,"NA",0,7,2008,"WD","Normal",179000,1,1,1,0,0,0,0
"070","RL",13515,"Pave","Pave",4,"Lvl",4,"Inside",3,"BrkSide","Norm","Norm","1Fam","2Story",6,6,1919,1950,"Gambrel","CompShg","Wd Sdng","Wd Sdng","None",0,3,3,"PConc",3,3,1,1,1,764,"GasA",5,"Y",3,1824,0,0,1,0,3,1,3,8,1,4,"Detchd",1,2,520,3,3,1,0,0,126,0,0,0,0,4,"NA",0,7,2007,"WD","Normal",180500,1,1,1,0,1,1,0
"050","RM",4080,"Pave","Grvl",4,"Lvl",4,"Inside",3,"OldTown","Norm","Norm","1Fam","1.5Fin",6,8,1935,1998,"Gable","CompShg","Wd Sdng","Wd Sdng","None",0,3,3,"PConc",3,3,1,1,1,901,"GasA",4,"Y",5,1378,0,0,1,0,3,1,4,8,0,0,"Detchd",1,1,162,2,2,2,54,0,40,0,0,0,0,0,"NA",0,6,2009,"WD","Normal",128900,1,1,0,0,0,1,0
"020","RL",17871,"Pave","NA",2,"Lvl",4,"Inside",3,"Crawfor","Norm","Norm","1Fam","1Story",4,5,1995,1996,"Gable","CompShg","VinylSd","VinylSd","None",0,3,3,"PConc",4,3,1,1,1,1680,"GasA",4,"Y",5,1680,0,0,2,0,4,1,4,8,0,0,"Attchd",1,2,628,3,3,3,152,0,0,0,0,0,0,0,"NA",0,6,2007,"WD","Normal",170000,1,1,0,0,0,0,0
"060","RL",9109,"Pave","NA",4,"Lvl",4,"Inside",3,"SawyerW","RRAe","Norm","1Fam","2Story",7,5,1994,1994,"Gable","CompShg","VinylSd","VinylSd","None",0,4,3,"PConc",4,3,1,2,6,754,"GasA",5,"Y",5,1540,1,0,2,1,3,1,4,8,0,0,"Attchd",2,2,495,3,3,3,140,32,0,0,0,0,0,0,"NA",0,10,2009,"WD","Normal",184000,1,1,0,0,0,0,0
"120","RL",4043,"Pave","NA",4,"Lvl",4,"Inside",3,"NPkVill","Norm","Norm","TwnhsE","1Story",6,5,1977,1977,"Gable","CompShg","Plywood","Plywood","None",0,3,3,"CBlock",4,3,1,5,1,1069,"GasA",3,"Y",5,1069,0,0,2,0,2,1,3,8,1,2,"Attchd",2,2,440,3,3,3,0,55,0,0,165,0,0,0,"NA",0,7,2010,"WD","Normal",127500,1,1,1,0,0,0,0
"050","C (all)",11040,"Pave","NA",4,"Low",4,"Inside",2,"IDOTRR","Norm","Norm","1Fam","1.5Fin",4,6,1920,1950,"Gable","CompShg","MetalSd","MetalSd","None",0,3,3,"CBlock",3,3,1,3,1,637,"GasA",4,"Y",5,1336,0,0,1,1,3,1,3,8,0,0,"CarPort",1,1,570,3,3,3,0,47,120,0,0,0,0,0,"NA",0,9,2006,"COD","Normal",108000,1,1,0,0,0,0,0
"020","FV",12853,"Pave","Pave",3,"Lvl",4,"Inside",3,"Somerst","Norm","Norm","1Fam","1Story",8,5,2010,2010,"Gable","CompShg","CemntBd","CmentBd","None",0,4,3,"PConc",5,1,1,6,1,1642,"GasA",5,"Y",5,1418,1,0,1,1,1,1,4,8,1,4,"Attchd",2,3,852,3,3,3,160,192,0,224,0,0,0,0,"NA",0,4,2010,"New","Partial",267916,1,1,1,0,0,1,0
"080","RL",7937,"Pave","NA",3,"Lvl",4,"CulDSac",3,"Mitchel","Norm","Norm","1Fam","SLvl",6,6,1984,1984,"Gable","CompShg","HdBoard","HdBoard","None",0,3,3,"CBlock",3,3,3,6,1,1003,"GasA",3,"Y",5,1003,1,0,1,0,3,1,3,8,0,0,"Detchd",1,2,588,3,3,3,120,0,0,0,0,0,0,4,"NA",0,3,2006,"WD","Normal",142500,1,1,0,0,1,0,0
"020","RL",7599,"Pave","NA",4,"Lvl",4,"Corner",3,"Mitchel","Norm","Norm","1Fam","1Story",4,6,1982,2006,"Gable","CompShg","HdBoard","Plywood","None",0,3,3,"CBlock",3,3,1,5,1,845,"GasA",3,"Y",5,845,1,0,1,0,2,1,3,8,0,0,"Detchd",1,2,360,3,3,3,0,0,0,0,0,0,0,0,"NA",0,6,2007,"WD","Normal",129500,1,1,0,0,0,0,0
"020","RL",9742,"Pave","NA",4,"Lvl",4,"Inside",3,"CollgCr","Norm","Norm","1Fam","1Story",8,5,2002,2002,"Hip","CompShg","VinylSd","VinylSd","BrkFace",281,4,3,"PConc",4,3,1,1,1,1777,"GasA",5,"Y",5,1795,0,0,2,0,3,1,4,8,1,4,"Attchd",2,2,534,3,3,3,171,159,0,0,0,0,0,0,"NA",0,9,2008,"WD","Normal",230000,1,1,1,0,0,0,1
"120","RL",8012,"Pave","NA",4,"Lvl",4,"Inside",3,"SawyerW","Norm","Norm","TwnhsE","1Story",6,5,1992,1992,"Gable","CompShg","Plywood","ImStucc","None",0,4,3,"PConc",4,3,1,6,1,1575,"GasA",4,"Y",5,1575,1,0,2,0,2,1,4,8,0,0,"Attchd",2,2,529,3,3,3,0,0,52,0,0,0,0,0,"NA",0,7,2007,"WD","Normal",179200,1,1,0,0,0,0,0
"060","RL",11218,"Pave","NA",4,"Lvl",4,"Inside",3,"SawyerW","Norm","Norm","1Fam","2Story",6,5,1992,1992,"Gable","CompShg","Wd Sdng","Wd Sdng","None",0,4,3,"PConc",4,3,1,1,1,1055,"GasA",5,"Y",5,1845,0,0,2,1,3,1,4,8,1,3,"Attchd",2,2,462,3,3,3,635,104,0,0,0,0,0,4,"Shed",400,5,2010,"WD","Normal",189000,1,1,1,0,1,0,0
"020","RL",9736,"Pave","NA",4,"Lvl",4,"Inside",3,"NAmes","Feedr","Norm","1Fam","1Story",6,6,1957,1969,"Gable","CompShg","Wd Sdng","Wd Sdng","BrkFace",289,3,3,"CBlock",3,3,1,4,3,1331,"GasA",4,"Y",5,1721,0,0,1,0,4,1,3,8,3,3,"Attchd",1,2,464,3,3,3,0,0,0,0,0,0,0,0,"NA",0,4,2007,"WD","Normal",174850,1,1,1,0,0,0,1
"060","RL",7655,"Pave","NA",3,"Lvl",4,"CulDSac",3,"Gilbert","Norm","Norm","1Fam","2Story",6,5,1993,1994,"Gable","CompShg","HdBoard","HdBoard","None",0,3,3,"PConc",4,3,1,1,1,903,"GasA",4,"Y",5,1642,0,0,2,1,3,1,3,8,1,3,"Attchd",2,2,392,3,3,3,290,84,0,0,0,0,0,0,"NA",0,7,2007,"WD","Normal",168000,1,1,1,0,0,0,0
"060","RL",53504,"Pave","NA",2,"HLS",4,"CulDSac",2,"StoneBr","Norm","Norm","1Fam","2Story",8,5,2003,2003,"Hip","CompShg","CemntBd","Wd Shng","BrkFace",603,5,3,"PConc",4,3,4,5,1,1650,"GasA",5,"Y",5,3279,1,0,3,1,4,1,5,5,1,4,"BuiltIn",3,3,841,3,3,3,503,36,0,0,210,0,0,0,"NA",0,6,2010,"WD","Normal",538000,1,1,1,0,0,0,1
"120","RM",4426,"Pave","NA",4,"Lvl",4,"Inside",3,"CollgCr","Norm","Norm","TwnhsE","1Story",6,5,2004,2004,"Gable","CompShg","VinylSd","VinylSd","BrkFace",147,4,3,"PConc",4,3,4,6,1,848,"GasA",5,"Y",5,848,1,0,1,0,1,1,4,8,1,3,"Attchd",2,2,420,3,3,3,149,0,0,0,0,0,0,0,"NA",0,5,2008,"WD","Normal",141000,1,1,1,0,0,0,1
"020","RL",14330,"Pave","NA",3,"Lvl",4,"CulDSac",3,"CollgCr","Norm","Norm","1Fam","1Story",5,6,1975,2001,"Gable","CompShg","Plywood","Wd Sdng","None",0,3,3,"CBlock",3,3,1,3,5,864,"GasA",3,"Y",5,1558,1,0,2,0,2,1,3,6,0,0,"Attchd",3,2,440,3,3,3,140,0,239,0,227,0,0,0,"NA",0,8,2008,"WD","Normal",163000,1,1,0,0,0,0,0
"020","RL",14418,"Pave","NA",3,"Lvl",4,"Inside",3,"NridgHt","Norm","Norm","1Fam","1Story",9,5,2007,2007,"Hip","CompShg","VinylSd","VinylSd","BrkFace",480,5,3,"PConc",5,3,4,6,1,1950,"GasA",5,"Y",5,1950,1,0,2,0,2,1,5,8,1,4,"Attchd",3,3,706,3,3,3,156,207,0,0,0,0,0,0,"NA",0,5,2008,"WD","Normal",383000,1,1,1,0,0,0,1
"030","RH",9800,"Pave","NA",4,"Lvl",4,"Corner",3,"SawyerW","Feedr","Norm","1Fam","1Story",5,5,1920,1950,"Gable","CompShg","Wd Sdng","Wd Sdng","None",0,3,2,"BrkTil",3,3,1,1,1,816,"GasA",3,"N",3,1012,0,0,1,0,2,1,3,8,0,0,"Detchd",1,1,429,3,3,3,121,0,80,0,0,0,0,0,"NA",0,4,2010,"WD","Normal",67500,1,1,0,0,0,0,0
"020","RL",17541,"Pave","NA",3,"Lvl",4,"Corner",3,"Edwards","Norm","Norm","1Fam","1Story",5,7,1948,2005,"Hip","CompShg","Wd Sdng","Wd Sdng","None",0,3,4,"CBlock",3,4,2,4,1,409,"GasA",5,"Y",5,1325,0,0,2,0,3,1,4,8,1,3,"Detchd",1,2,576,3,3,3,0,42,0,0,0,0,0,0,"NA",0,7,2007,"WD","Normal",216000,1,1,1,0,0,0,0
"070","RM",6882,"Pave","NA",4,"Lvl",4,"Inside",3,"IDOTRR","Norm","Norm","1Fam","2Story",6,7,1914,2006,"Gable","CompShg","Wd Sdng","Wd Sdng","None",0,3,3,"PConc",3,3,1,1,1,684,"GasA",3,"Y",5,1355,0,0,1,1,3,1,4,8,0,0,"NA",0,0,0,0,0,3,136,0,115,0,0,0,0,0,"NA",0,3,2007,"WD","Normal",127000,1,0,0,0,0,0,0
"160","RM",1533,"Pave","NA",4,"Lvl",4,"Inside",3,"MeadowV","Norm","Norm","Twnhs","2Story",4,6,1970,2008,"Gable","CompShg","CemntBd","CmentBd","None",0,3,3,"CBlock",3,3,1,1,1,546,"GasA",3,"Y",5,1344,0,0,1,1,3,1,3,8,1,3,"NA",0,0,0,0,0,3,0,0,0,0,0,0,0,0,"NA",0,5,2009,"WD","Normal",97000,1,0,1,0,0,0,0
"020","RL",14892,"Pave","NA",3,"HLS",4,"CulDSac",3,"Gilbert","Norm","Norm","1Fam","1Story",9,5,2006,2007,"Gable","CompShg","VinylSd","VinylSd","Stone",160,5,3,"PConc",5,3,4,6,1,1746,"GasA",5,"Y",5,1746,1,0,2,0,3,1,5,8,2,4,"Attchd",3,3,758,3,3,3,201,39,0,0,0,0,0,0,"NA",0,10,2009,"WD","Normal",377500,1,1,1,0,0,0,1
"060","RL",10557,"Pave","NA",3,"Lvl",4,"Inside",3,"NoRidge","Norm","Norm","1Fam","2Story",9,5,1998,1998,"Gable","CompShg","MetalSd","MetalSd","BrkFace",422,4,3,"PConc",5,3,4,6,1,1408,"GasA",5,"Y",5,3078,1,0,2,1,4,1,4,8,1,3,"Attchd",3,3,806,3,3,3,108,87,0,0,0,0,0,0,"NA",0,7,2007,"WD","Normal",410000,1,1,1,0,0,0,1
"020","RL",8020,"Pave","NA",3,"Lvl",4,"Inside",3,"Sawyer","Norm","Norm","1Fam","1Story",5,6,1964,1964,"Gable","CompShg","HdBoard","HdBoard","None",0,3,3,"CBlock",3,3,1,5,1,912,"GasA",3,"N",5,912,0,0,1,0,3,1,3,8,0,0,"NA",0,0,0,0,0,3,0,0,0,0,0,0,0,2,"NA",0,4,2006,"WD","Normal",124000,1,0,0,0,1,0,0
"020","RL",10200,"Pave","NA",4,"Lvl",4,"Inside",3,"NAmes","Norm","Norm","1Fam","1Story",5,7,1954,2003,"Gable","CompShg","Wd Sdng","Wd Sdng","BrkFace",104,3,3,"CBlock",3,3,1,5,4,1086,"GasA",4,"Y",5,1086,1,0,1,0,3,1,3,8,0,0,"Attchd",1,2,490,3,3,3,0,0,0,0,0,0,0,2,"NA",0,5,2010,"WD","Normal",144900,1,1,0,0,1,0,1
"060","RL",14277,"Pave","NA",4,"Lvl",4,"Inside",3,"NridgHt","Norm","Norm","1Fam","2Story",8,5,2003,2003,"Gable","CompShg","VinylSd","VinylSd","BrkFace",280,4,3,"PConc",5,3,2,6,1,1317,"GasA",5,"Y",5,2385,1,0,2,1,3,1,4,8,1,4,"Attchd",3,3,818,3,3,3,192,228,0,0,0,0,0,0,"NA",0,1,2007,"WD","Normal",350000,1,1,1,0,0,0,1
"160","FV",2980,"Pave","NA",4,"Lvl",4,"Corner",3,"Somerst","Norm","Norm","TwnhsE","2Story",6,5,2000,2000,"Gable","CompShg","MetalSd","MetalSd","BrkFace",1159,4,3,"PConc",4,3,1,6,1,756,"GasA",5,"Y",5,1512,1,0,2,1,2,1,4,8,0,0,"Detchd",1,2,440,3,3,3,0,32,0,0,0,0,0,0,"NA",0,5,2010,"WD","Normal",177000,1,1,0,0,0,0,1
"120","RL",10110,"Pave","NA",3,"Lvl",4,"Inside",3,"NridgHt","Norm","Norm","TwnhsE","1Story",9,5,2008,2008,"Hip","CompShg","MetalSd","MetalSd","BrkFace",492,5,3,"PConc",4,3,1,6,1,1858,"GasA",5,"Y",5,1866,1,0,2,0,2,1,5,8,1,4,"Attchd",3,3,870,3,3,3,0,48,0,0,0,0,0,0,"NA",0,11,2008,"New","Partial",336860,1,1,1,0,0,0,1
"020","RL",8789,"Pave","NA",3,"Lvl",4,"Inside",3,"Sawyer","Norm","Norm","1Fam","1Story",5,6,1967,1967,"Gable","CompShg","VinylSd","VinylSd","None",0,3,3,"CBlock",3,3,2,3,1,912,"GasA",3,"Y",5,941,0,0,1,0,3,1,3,8,1,1,"Attchd",1,1,288,3,3,3,64,0,0,0,0,0,0,0,"NA",0,6,2006,"WD","Normal",129200,1,1,1,0,0,0,0
"020","RL",11650,"Pave","NA",4,"Lvl",4,"Corner",3,"NAmes","PosA","Norm","1Fam","1Story",7,5,1959,1959,"Hip","CompShg","Plywood","Plywood","BrkCmn",58,3,3,"Slab",0,0,0,0,0,0,"GasA",4,"Y",3,1472,0,0,2,0,2,1,4,8,1,4,"Attchd",1,2,484,3,3,3,0,68,0,0,227,0,0,0,"NA",0,6,2006,"WD","Normal",157500,0,1,1,0,0,0,1
"060","RL",11134,"Pave","NA",4,"Lvl",4,"Inside",3,"NoRidge","Norm","Norm","1Fam","2Story",8,5,1992,1993,"Gable","CompShg","HdBoard","HdBoard","BrkFace",180,4,3,"PConc",4,3,1,6,1,1390,"GasA",5,"Y",5,2225,1,0,2,1,4,1,4,8,1,3,"Attchd",2,3,713,3,3,3,198,30,0,0,0,0,0,0,"NA",0,6,2010,"WD","Normal",285000,1,1,1,0,0,0,1
"120","RL",7892,"Pave","NA",4,"Lvl",4,"Inside",3,"SawyerW","Norm","Norm","TwnhsE","1Story",6,5,1993,1993,"Gable","CompShg","Plywood","Plywood","None",0,4,3,"PConc",4,3,1,6,1,1199,"GasA",5,"Y",5,1199,0,0,2,0,2,1,4,8,0,0,"Attchd",2,2,530,3,3,3,0,63,0,0,0,0,0,0,"NA",0,3,2008,"WD","Normal",153900,1,1,0,0,0,0,0
"090","RM",8927,"Pave","NA",4,"Lvl",4,"Inside",3,"Sawyer","RRAe","Norm","Duplex","1.5Fin",6,6,1977,1977,"Gable","CompShg","VinylSd","VinylSd","None",0,3,4,"CBlock",0,0,0,0,0,0,"GasA",3,"Y",5,1654,0,0,2,0,4,2,3,8,0,0,"Attchd",2,2,528,3,3,3,0,0,0,0,0,0,0,0,"NA",0,8,2006,"WD","Normal",119500,0,1,0,0,0,0,0
"020","RL",7800,"Pave","NA",4,"Lvl",4,"Inside",3,"Sawyer","Norm","Norm","1Fam","1Story",5,7,1967,2004,"Hip","CompShg","HdBoard","HdBoard","BrkFace",89,3,3,"PConc",3,3,1,5,1,864,"GasA",5,"Y",5,899,0,0,1,0,3,1,4,8,0,0,"Attchd",3,1,288,3,3,3,64,0,0,0,0,0,0,3,"NA",0,6,2009,"WD","Normal",130000,1,1,0,0,1,0,1
"020","RL",5175,"Pave","NA",4,"Lvl",4,"Inside",3,"BrkSide","RRAn","Feedr","1Fam","1Story",5,8,1958,2000,"Gable","CompShg","VinylSd","VinylSd","None",0,3,3,"CBlock",3,3,1,4,5,808,"GasA",5,"Y",5,808,0,0,1,0,2,1,3,8,0,0,"Detchd",1,1,308,3,3,1,143,0,0,0,0,0,0,0,"NA",0,7,2007,"COD","Normal",112000,1,1,0,0,0,0,0
"020","RL",9187,"Pave","NA",4,"Bnk",4,"Corner",3,"Mitchel","Norm","Norm","1Fam","1Story",6,5,1983,1983,"Gable","CompShg","VinylSd","VinylSd","None",0,3,4,"PConc",3,3,1,5,1,1084,"GasA",3,"Y",5,1080,0,0,1,1,3,1,3,8,0,0,"Attchd",1,2,484,3,3,3,120,0,158,0,0,0,0,0,"NA",0,6,2007,"WD","Normal",134000,1,1,0,0,0,0,0
"050","RL",45600,"Pave","NA",2,"Bnk",4,"Inside",3,"ClearCr","Norm","Norm","1Fam","1.5Fin",6,8,1908,1997,"Gable","CompShg","Wd Sdng","Wd Sdng","None",0,3,3,"BrkTil",3,3,1,1,1,907,"GasA",3,"Y",5,2358,0,0,3,0,5,1,3,8,1,4,"Detchd",1,2,360,2,3,3,486,40,0,0,175,0,0,0,"NA",0,9,2008,"WD","Normal",240000,1,1,1,0,0,0,0
"060","RL",11000,"Pave","NA",4,"Lvl",4,"FR2",3,"NoRidge","Norm","Norm","1Fam","2Story",8,5,2000,2000,"Gable","CompShg","VinylSd","VinylSd","BrkFace",72,4,3,"PConc",4,3,1,1,1,969,"GasA",5,"Y",5,2285,0,0,2,1,4,1,4,8,1,3,"BuiltIn",3,3,648,3,3,3,0,56,0,0,0,0,0,0,"NA",0,6,2007,"WD","Normal",248000,1,1,1,0,0,0,1
"020","RL",10170,"Pave","NA",4,"Lvl",4,"Corner",3,"NAmes","Norm","Norm","1Fam","1Story",6,6,1951,1951,"Hip","CompShg","Wd Sdng","Wd Sdng","BrkFace",522,3,3,"CBlock",3,3,1,1,1,216,"GasA",3,"Y",5,1575,0,0,1,1,2,1,4,8,1,4,"Attchd",1,2,400,3,3,3,0,0,0,0,0,0,0,0,"NA",0,6,2006,"WD","Normal",155000,1,1,1,0,0,0,1
"040","RL",6854,"Pave","NA",4,"Bnk",4,"Inside",2,"BrkSide","Norm","Norm","1Fam","1Story",5,7,1925,1994,"Gable","CompShg","MetalSd","MetalSd","None",0,3,4,"PConc",3,3,1,2,3,756,"GasA",3,"N",3,1060,1,0,1,0,1,1,3,5,1,4,"Detchd",1,1,308,2,3,3,0,65,0,0,150,0,0,0,"NA",0,8,2007,"WD","Normal",136500,1,1,1,0,0,0,0
"120","RL",7390,"Pave","NA",3,"Lvl",4,"Inside",3,"NridgHt","Norm","Norm","TwnhsE","1Story",9,5,2008,2009,"Hip","CompShg","MetalSd","MetalSd","BrkFace",308,5,3,"PConc",5,3,1,6,1,1884,"GasA",5,"Y",5,1884,1,0,2,0,2,1,5,8,1,4,"Attchd",3,2,649,3,3,3,231,90,0,0,0,0,0,0,"NA",0,5,2009,"New","Partial",320000,1,1,1,0,0,0,1
"075","RM",10800,"Pave","NA",4,"Lvl",4,"Inside",3,"OldTown","Norm","Norm","1Fam","2.5Unf",7,7,1914,1970,"Gable","CompShg","Wd Sdng","Wd Sdng","None",0,3,3,"BrkTil",4,3,2,3,1,880,"GasW",2,"N",5,1768,0,0,1,1,2,1,3,8,2,3,"Detchd",1,2,320,3,3,1,0,341,0,0,0,0,0,0,"NA",0,10,2006,"WD","Normal",163000,1,1,1,0,0,0,0
"020","RL",8250,"Pave","NA",4,"Lvl",4,"Inside",3,"NAmes","Norm","Norm","1Fam","1Story",6,7,1964,1964,"Hip","CompShg","HdBoard","HdBoard","Stone",260,3,3,"CBlock",4,3,1,3,1,1092,"GasA",5,"Y",5,1092,1,0,1,0,3,1,3,8,0,0,"Attchd",2,2,504,3,4,3,0,0,0,0,0,0,0,3,"NA",0,7,2008,"WD","Normal",145000,1,1,0,0,1,0,1
"090","RL",8944,"Pave","NA",4,"Lvl",4,"Inside",3,"NAmes","Norm","Norm","Duplex","1Story",5,5,1967,1967,"Gable","CompShg","Plywood","Plywood","None",0,3,3,"CBlock",3,3,1,1,1,1584,"GasA",3,"Y",5,1584,0,0,2,0,4,2,3,5,0,0,"Detchd",1,3,792,3,3,3,0,152,0,0,0,0,0,0,"NA",0,4,2009,"WD","Normal",124000,1,1,0,0,0,0,0
"020","RL",47280,"Pave","NA",3,"Lvl",4,"Inside",3,"Gilbert","Norm","Norm","1Fam","1Story",6,5,1950,1950,"Hip","CompShg","AsbShng","AsbShng","BrkFace",44,3,3,"CBlock",3,3,1,1,1,1488,"GasA",4,"Y",5,1488,0,0,2,1,3,1,3,8,1,3,"Attchd",2,2,738,3,3,3,0,0,180,0,0,0,0,0,"NA",0,7,2008,"WD","Family",133000,1,1,1,0,0,0,1
"060","RL",11584,"Pave","NA",4,"Lvl",4,"Inside",3,"NWAmes","Norm","Norm","1Fam","SLvl",7,6,1979,1979,"Hip","CompShg","HdBoard","HdBoard","BrkFace",96,3,3,"CBlock",3,3,1,6,3,539,"GasA",3,"Y",5,1725,0,0,2,1,3,1,3,8,1,3,"Attchd",2,2,550,3,3,3,0,88,216,0,0,0,0,0,"NA",0,11,2007,"WD","Normal",197000,1,1,1,0,0,0,1
"020","RL",9464,"Pave","NA",4,"Lvl",4,"Corner",3,"NAmes","Norm","Norm","1Fam","1Story",6,7,1958,1958,"Hip","CompShg","MetalSd","MetalSd","BrkFace",135,3,4,"CBlock",3,3,1,4,1,1080,"GasA",4,"Y",5,1080,0,0,1,0,3,1,3,8,0,0,"Attchd",1,1,288,3,3,3,0,0,0,0,130,0,0,0,"NA",0,6,2008,"WD","Normal",136000,1,1,0,0,0,0,1
"060","RL",8000,"Pave","NA",4,"Lvl",4,"Inside",3,"NWAmes","PosA","Norm","1Fam","2Story",6,6,1970,1970,"Gable","CompShg","VinylSd","VinylSd","BrkFace",525,3,3,"CBlock",3,3,1,3,1,1008,"GasA",3,"Y",5,2411,1,0,2,1,4,1,3,8,1,1,"Attchd",2,2,570,3,3,3,0,192,0,0,0,0,0,0,"NA",0,6,2007,"WD","Normal",240050,1,1,1,0,0,0,1
"020","RL",7094,"Pave","NA",3,"Lvl",4,"Inside",3,"Sawyer","Norm","Norm","1Fam","1Story",5,5,1966,1966,"Gable","CompShg","VinylSd","VinylSd","None",0,3,3,"CBlock",3,3,1,3,2,894,"GasA",3,"Y",5,894,0,0,1,0,3,1,3,8,0,0,"Detchd",2,1,384,3,3,3,0,0,0,0,0,0,0,3,"NA",0,5,2007,"WD","Normal",125000,1,1,0,0,1,0,0
"020","RL",6953,"Pave","NA",4,"Lvl",4,"Inside",3,"Mitchel","Norm","Norm","1Fam","1Story",5,7,1971,2004,"Gable","CompShg","VinylSd","VinylSd","None",0,3,4,"CBlock",3,3,1,5,1,864,"GasA",5,"Y",5,874,0,0,1,0,3,1,3,8,0,0,"Detchd",1,1,352,3,3,3,0,0,0,0,0,0,0,0,"NA",0,6,2010,"ConLD","Normal",130000,1,1,0,0,0,0,0
"060","RL",29959,"Pave","NA",2,"Lvl",4,"FR2",3,"NoRidge","Norm","Norm","1Fam","2Story",7,6,1994,1994,"Gable","CompShg","HdBoard","HdBoard","None",0,4,3,"PConc",4,3,1,6,1,973,"GasA",5,"Y",5,1850,0,0,2,1,3,1,4,8,1,4,"BuiltIn",3,2,467,3,3,3,168,98,0,0,0,0,0,0,"NA",0,1,2009,"WD","Normal",248000,1,1,1,0,0,0,0
"060","RL",14154,"Pave","NA",4,"Lvl",4,"Corner",3,"NridgHt","Norm","Norm","1Fam","2Story",7,5,2006,2006,"Gable","CompShg","VinylSd","VinylSd","BrkFace",350,4,3,"PConc",5,4,1,1,1,1063,"GasA",5,"Y",5,2172,0,0,2,1,3,1,4,8,1,4,"Attchd",2,3,947,3,3,3,192,62,0,0,0,0,0,0,"NA",0,8,2007,"New","Partial",280000,1,1,1,0,0,0,1
"020","RL",20693,"Pave","NA",3,"Bnk",4,"Corner",3,"Crawfor","Norm","Norm","1Fam","1Story",7,5,1971,1971,"Gable","CompShg","Plywood","Plywood","BrkFace",652,3,3,"CBlock",4,3,1,3,1,1696,"GasA",5,"Y",5,1696,0,0,2,0,3,1,3,8,2,3,"Attchd",3,2,625,3,3,3,0,146,0,0,0,0,0,2,"NA",0,2,2007,"WD","Normal",198000,1,1,1,0,1,0,1
"090","RL",7040,"Pave","NA",4,"Lvl",4,"Inside",3,"SawyerW","Feedr","Norm","Duplex","SFoyer",5,5,1979,1979,"Gable","CompShg","Plywood","Plywood","BrkFace",216,3,3,"CBlock",4,3,3,6,1,1094,"GasA",3,"Y",5,1229,2,0,0,2,2,2,4,8,2,3,"Detchd",1,2,672,3,3,3,120,0,0,0,0,0,0,0,"NA",0,6,2009,"WD","Alloca",148325,1,1,1,0,0,0,1
"070","RM",6120,"Pave","NA",4,"Lvl",4,"Inside",3,"BrkSide","Norm","Norm","1Fam","2Story",5,8,1920,2004,"Gable","CompShg","MetalSd","MetalSd","None",0,3,3,"BrkTil",3,3,2,1,1,939,"GasA",5,"Y",5,1513,0,0,1,1,4,1,3,8,0,0,"Detchd",1,1,180,2,2,1,24,0,150,0,0,0,0,0,"NA",0,5,2007,"WD","Normal",137500,1,1,0,0,0,0,0
"030","RM",10320,"Pave","NA",4,"Lvl",4,"Inside",3,"IDOTRR","RRNe","Norm","1Fam","1Story",5,8,1912,1991,"Gable","CompShg","Wd Sdng","Wd Sdng","None",0,3,3,"BrkTil",2,3,1,1,1,451,"GasA",3,"Y",5,759,0,0,1,0,1,1,3,8,0,0,"Detchd",1,2,576,3,3,1,40,0,0,0,0,0,0,0,"NA",0,8,2008,"ConLD","Family",85000,1,1,0,0,0,0,0
"050","RL",6191,"Pave","NA",4,"Lvl",4,"Corner",3,"SWISU","Norm","Norm","1Fam","1.5Fin",5,4,1941,1950,"Gable","CompShg","Wd Sdng","Wd Sdng","None",0,3,3,"CBlock",2,2,1,2,1,824,"GasA",3,"N",5,1288,0,0,1,0,4,1,3,8,0,0,"Detchd",1,1,240,3,3,3,0,0,0,0,0,0,0,0,"NA",0,11,2006,"WD","Normal",112000,1,1,0,0,0,0,0
"020","RL",12537,"Pave","NA",3,"Lvl",4,"CulDSac",3,"NAmes","Norm","Norm","1Fam","1Story",5,6,1971,2008,"Gable","CompShg","VinylSd","VinylSd","None",0,3,3,"CBlock",3,3,1,6,1,1078,"GasA",5,"Y",5,1078,1,0,1,1,3,1,3,8,1,2,"Attchd",3,2,500,3,3,3,0,0,0,0,0,0,0,0,"NA",0,4,2010,"WD","Normal",149900,1,1,1,0,0,0,0
"060","RM",9780,"Pave","Grvl",4,"Lvl",4,"Inside",3,"IDOTRR","Norm","Norm","1Fam","2Story",7,9,1950,2005,"Gable","CompShg","VinylSd","VinylSd","None",0,3,5,"CBlock",3,3,1,2,3,976,"GasA",5,"Y",5,1952,0,0,1,1,4,1,4,8,2,3,"Detchd",3,1,299,3,3,3,285,0,0,0,216,0,0,0,"NA",0,4,2007,"WD","Normal",212300,1,1,1,0,0,1,0
"070","RM",9928,"Pave","Grvl",4,"Lvl",4,"Inside",3,"OldTown","Norm","Norm","1Fam","2Story",7,8,1915,1994,"Gable","CompShg","Wd Sdng","Wd Sdng","None",0,3,4,"BrkTil",3,3,1,1,1,672,"GasA",2,"Y",5,1944,0,0,2,0,3,1,3,6,0,0,"Detchd",1,1,216,3,3,1,24,28,0,0,0,0,0,0,"Shed",400,6,2009,"WD","Normal",179900,1,1,0,0,0,1,0
"020","RL",8990,"Pave","NA",3,"Lvl",4,"Inside",3,"CollgCr","Norm","Norm","1Fam","1Story",7,5,2006,2006,"Gable","CompShg","VinylSd","VinylSd","None",0,4,3,"PConc",4,3,2,1,1,1498,"GasA",5,"Y",5,1498,0,0,2,0,2,1,4,8,0,0,"Attchd",2,2,675,3,3,3,351,33,0,0,0,0,0,0,"NA",0,4,2006,"New","Partial",204900,1,1,0,0,0,0,0
"050","RL",5400,"Pave","NA",4,"Lvl",4,"Corner",3,"OldTown","Artery","Norm","1Fam","1.5Fin",4,6,1920,1950,"Gable","CompShg","CBlock","CBlock","None",0,2,3,"PConc",3,3,1,5,3,840,"GasA",5,"Y",5,1374,0,0,1,0,2,1,3,8,0,0,"Detchd",3,1,338,3,3,3,0,0,198,0,0,0,0,0,"NA",0,10,2009,"WD","Normal",105000,1,1,0,0,0,0,0
"020","RL",8688,"Pave","NA",4,"Lvl",4,"Inside",3,"Somerst","Norm","Norm","1Fam","1Story",7,5,2005,2005,"Gable","CompShg","VinylSd","VinylSd","BrkFace",228,4,3,"PConc",4,3,3,1,1,1616,"GasA",5,"Y",5,1616,0,0,2,0,3,1,4,8,0,0,"Attchd",2,3,834,3,3,3,208,59,0,0,0,0,0,0,"NA",0,4,2006,"WD","Normal",232000,1,1,0,0,0,0,1
"060","RL",14067,"Pave","NA",4,"Lvl",4,"FR3",3,"Gilbert","Norm","Norm","1Fam","2Story",6,5,1991,1991,"Gable","CompShg","HdBoard","HdBoard","BrkFace",194,3,3,"PConc",4,3,1,5,1,836,"GasA",4,"Y",5,1709,1,0,2,1,3,1,4,8,0,0,"Attchd",3,2,416,3,3,3,0,40,0,0,0,0,0,4,"NA",0,9,2008,"WD","Normal",185000,1,1,0,0,1,0,1
"020","RL",16669,"Pave","NA",3,"Lvl",4,"Corner",3,"Timber","Norm","Norm","1Fam","1Story",8,6,1981,1981,"Hip","WdShake","Plywood","Plywood","BrkFace",653,4,3,"CBlock",4,3,1,1,1,1686,"GasA",3,"Y",5,1707,0,0,2,1,2,1,3,8,1,3,"Attchd",2,2,511,3,3,3,574,64,0,0,0,0,0,0,"NA",0,1,2006,"WD","Normal",228000,1,1,1,0,0,0,1
"020","RL",9610,"Pave","NA",3,"Lvl",4,"Corner",3,"NAmes","Feedr","Norm","1Fam","1Story",6,6,1958,1958,"Hip","CompShg","Wd Sdng","Wd Sdng","BrkFace",632,3,3,"CBlock",3,3,1,3,1,1121,"GasA",5,"Y",3,1336,0,0,1,1,3,1,3,8,1,3,"Attchd",2,2,488,3,3,3,80,0,0,0,0,0,0,0,"NA",0,12,2006,"WD","Normal",162000,1,1,1,0,0,0,1
"020","RL",12048,"Pave","NA",4,"Lvl",4,"Inside",3,"Edwards","Norm","Norm","1Fam","1Story",5,6,1952,2002,"Gable","CompShg","Wd Sdng","Wd Sdng","BrkFace",232,3,3,"Slab",0,0,0,0,0,0,"GasA",4,"Y",5,1488,0,0,1,0,3,1,3,8,1,5,"Attchd",2,2,569,3,3,3,0,189,36,0,348,0,0,0,"NA",0,4,2006,"WD","Normal",135000,0,1,1,0,0,0,1
"090","RL",7018,"Pave","NA",4,"Bnk",4,"Inside",3,"SawyerW","Norm","Norm","Duplex","1Story",5,5,1979,1979,"Gable","CompShg","HdBoard","HdBoard","None",0,3,2,"Slab",0,0,0,0,0,0,"GasA",3,"Y",5,1535,0,0,2,0,4,2,3,8,0,0,"Attchd",1,2,410,3,3,3,0,0,0,0,0,0,0,0,"NA",0,6,2009,"WD","Alloca",118964,0,1,0,0,0,0,0
"020","RL",6950,"Pave","NA",3,"Lvl",4,"Inside",3,"CollgCr","Norm","Norm","1Fam","1Story",5,7,1979,1979,"Gable","CompShg","HdBoard","HdBoard","BrkFace",40,3,3,"CBlock",3,3,1,5,4,914,"GasA",3,"Y",5,914,1,0,1,0,2,1,3,8,0,0,"Attchd",1,2,444,3,3,3,0,0,0,0,0,0,0,0,"NA",0,10,2009,"WD","Normal",134900,1,1,0,0,0,0,1
"020","RL",9280,"Pave","NA",4,"Lvl",4,"Inside",3,"Edwards","Norm","Norm","1Fam","1Story",5,6,1951,1951,"Gable","CompShg","Wd Sdng","Wd Sdng","None",0,3,3,"CBlock",2,3,1,5,1,1342,"GasA",5,"Y",5,1342,1,0,1,0,4,1,3,8,0,0,"Detchd",1,1,256,3,3,3,0,0,0,0,0,0,0,0,"NA",0,4,2007,"WD","Normal",125000,1,1,0,0,0,0,0
"050","RM",6000,"Pave","NA",4,"Lvl",4,"Corner",3,"BrkSide","Norm","Norm","1Fam","1.5Fin",6,7,1929,1950,"Gable","CompShg","WdShing","Wd Shng","None",0,3,3,"BrkTil",3,3,1,1,1,862,"GasA",3,"Y",5,1158,0,0,1,0,3,1,3,8,1,4,"BuiltIn",2,1,208,3,3,3,0,0,112,0,0,0,0,0,"NA",0,7,2008,"WD","Normal",120000,1,1,1,0,0,0,0
"020","RL",9803,"Pave","NA",4,"Lvl",4,"Inside",3,"Timber","Norm","Norm","1Fam","1Story",7,5,2009,2010,"Gable","CompShg","VinylSd","VinylSd","None",0,4,3,"PConc",4,3,1,1,1,1214,"GasA",5,"Y",5,1214,0,0,2,0,2,1,4,8,0,0,"Attchd",2,2,520,3,3,3,0,25,0,0,0,0,0,0,"NA",0,1,2010,"New","Partial",179781,1,1,0,0,0,0,0
"020","RL",14559,"Pave","NA",4,"Lvl",4,"Inside",3,"NAmes","Norm","Norm","1Fam","1Story",5,7,1951,2000,"Hip","CompShg","Wd Sdng","Wd Sdng","BrkCmn",70,4,3,"CBlock",3,3,1,4,3,1008,"GasA",5,"Y",5,1363,1,0,1,0,2,1,3,7,2,3,"CarPort",1,1,288,3,3,3,324,42,0,0,168,0,0,0,"Shed",2000,6,2009,"WD","Normal",164900,1,1,1,0,0,0,1
"020","RL",11717,"Pave","NA",3,"Lvl",4,"Inside",3,"NWAmes","PosA","Norm","1Fam","1Story",6,6,1970,1970,"Hip","CompShg","HdBoard","HdBoard","BrkFace",571,3,3,"CBlock",3,3,1,1,1,1442,"GasA",3,"Y",5,1442,0,0,2,0,2,1,3,8,1,3,"Attchd",2,2,615,3,3,3,371,0,0,0,0,0,0,0,"NA",0,2,2009,"WD","Normal",185000,1,1,1,0,0,0,1
"070","RM",6451,"Pave","Grvl",4,"Lvl",4,"Inside",3,"OldTown","Norm","Norm","1Fam","2Story",7,7,1900,1970,"Gable","CompShg","AsbShng","Wd Sdng","None",0,3,3,"Stone",3,3,1,3,1,712,"GasA",4,"Y",5,1428,1,0,1,0,4,1,3,8,0,0,"Detchd",3,2,576,3,3,3,264,0,84,0,0,0,0,0,"NA",0,5,2006,"WD","Normal",139900,1,1,0,0,0,1,0
"060","RL",9085,"Pave","NA",4,"Lvl",4,"Inside",3,"NoRidge","Norm","Norm","1Fam","2Story",7,5,1995,1996,"Gable","CompShg","VinylSd","VinylSd","BrkFace",286,4,3,"PConc",4,3,1,6,1,1070,"GasA",5,"Y",5,2061,1,0,2,1,3,1,4,8,1,3,"Attchd",3,2,647,3,3,3,296,102,209,0,0,0,0,0,"NA",0,11,2009,"WD","Normal",260000,1,1,1,0,0,0,1
"020","RL",12228,"Pave","NA",4,"Lvl",4,"Corner",3,"NridgHt","Norm","Norm","1Fam","1Story",7,5,2006,2006,"Hip","CompShg","VinylSd","VinylSd","Stone",206,4,3,"PConc",5,4,1,1,1,1721,"GasA",5,"Y",5,1740,0,0,2,0,4,1,4,8,0,0,"Attchd",2,3,874,3,3,3,0,43,0,0,0,0,0,0,"NA",0,9,2006,"New","Partial",293000,1,1,0,0,0,0,1
"020","RL",8400,"Pave","NA",4,"Lvl",4,"Inside",3,"CollgCr","Norm","Norm","1Fam","1Story",7,5,2004,2005,"Gable","CompShg","VinylSd","VinylSd","BrkFace",109,4,3,"PConc",4,3,3,6,1,1473,"GasA",5,"Y",5,1484,1,0,2,0,3,1,4,8,0,0,"Attchd",2,2,606,3,3,3,0,35,0,144,0,0,0,0,"NA",0,5,2010,"WD","Normal",213000,1,1,0,0,0,0,1
"050","RL",5000,"Pave","Pave",4,"Lvl",4,"Inside",3,"SWISU","Norm","Norm","1Fam","1.5Fin",5,6,1924,1950,"Gable","CompShg","BrkFace","Wd Sdng","None",0,3,3,"BrkTil",3,3,1,2,1,1026,"GasA",3,"Y",5,1691,0,0,2,0,3,1,4,8,1,4,"Detchd",1,1,308,3,3,3,0,0,242,0,0,0,0,0,"NA",0,5,2010,"WD","Normal",127000,1,1,1,0,0,1,0
"020","RL",7200,"Pave","NA",4,"Lvl",4,"Corner",3,"NAmes","Norm","Norm","1Fam","1Story",5,7,1952,1952,"Gable","CompShg","MetalSd","MetalSd","None",0,3,4,"CBlock",3,4,1,5,4,732,"GasA",3,"Y",5,732,1,0,1,0,2,1,3,8,0,0,"Detchd",1,1,240,3,3,3,0,68,0,0,0,0,0,0,"NA",0,9,2009,"WD","Normal",118900,1,1,0,0,0,0,0
"120","RM",3907,"Pave","NA",3,"Bnk",4,"Inside",2,"Blueste","Norm","Norm","TwnhsE","1Story",8,5,1988,1988,"Gable","CompShg","HdBoard","HdBoard","None",0,3,3,"CBlock",4,3,4,6,1,1004,"GasA",4,"Y",5,1020,1,0,1,0,1,1,3,8,0,0,"Attchd",1,2,509,3,3,3,135,0,0,0,0,0,0,0,"NA",0,3,2007,"WD","Normal",2e+05,1,1,0,0,0,0,0
"030","RM",5925,"Pave","NA",4,"Lvl",4,"Corner",3,"OldTown","Norm","Norm","1Fam","1Story",2,4,1940,1950,"Gable","CompShg","MetalSd","MetalSd","None",0,3,4,"BrkTil",0,0,0,0,0,0,"GasA",2,"N",3,612,0,0,1,0,1,1,3,8,0,0,"Detchd",1,1,308,3,2,1,0,0,25,0,0,0,0,0,"NA",0,10,2009,"WD","Normal",45000,0,1,0,0,0,0,0
"090","RL",9246,"Pave","NA",3,"Lvl",4,"Inside",3,"NWAmes","Feedr","Norm","Duplex","1Story",5,5,1973,1973,"Gable","CompShg","Plywood","Plywood","BrkFace",564,3,3,"CBlock",3,3,1,1,1,1656,"GasA",3,"Y",5,1656,0,0,2,0,4,2,3,8,0,0,"Detchd",1,2,506,3,3,3,0,211,0,0,0,0,0,0,"NA",0,11,2008,"WD","Normal",135000,1,1,0,0,0,0,1
"085","RL",8846,"Pave","NA",3,"Lvl",4,"CulDSac",3,"CollgCr","Norm","Norm","1Fam","SFoyer",5,5,1996,1996,"Gable","CompShg","VinylSd","VinylSd","None",0,4,3,"PConc",4,3,3,6,1,870,"GasA",5,"Y",5,914,0,0,1,0,2,1,3,8,0,0,"Detchd",1,2,576,3,3,3,0,0,0,0,0,0,0,0,"NA",0,7,2006,"WD","Normal",148000,1,1,0,0,0,0,0
"020","RL",17043,"Pave","NA",3,"Lvl",4,"CulDSac",3,"NWAmes","Norm","Norm","1Fam","1Story",6,5,1979,1998,"Gable","CompShg","HdBoard","HdBoard","None",0,3,4,"CBlock",4,2,1,1,1,1362,"GasA",3,"Y",5,1586,0,0,2,0,3,1,3,8,1,3,"Attchd",1,2,435,3,3,3,192,0,0,0,0,0,0,0,"NA",0,1,2009,"WD","Normal",181000,1,1,1,0,0,0,0
"085","RL",6723,"Pave","NA",4,"Lvl",4,"Inside",3,"Mitchel","Norm","Norm","1Fam","SFoyer",5,7,1971,1971,"Gable","CompShg","Wd Sdng","HdBoard","None",0,3,3,"CBlock",4,3,3,6,1,796,"GasA",3,"Y",5,796,0,1,1,0,2,1,3,8,0,0,"NA",0,0,0,0,0,3,129,0,0,0,0,0,0,2,"NA",0,9,2007,"WD","Normal",138000,1,0,0,0,1,0,0
"020","RL",9892,"Pave","NA",4,"Lvl",4,"Inside",2,"Mitchel","Norm","Norm","1Fam","1Story",8,5,1994,1995,"Hip","CompShg","VinylSd","VinylSd","None",0,4,4,"PConc",4,4,4,6,2,1679,"GasA",5,"Y",5,1803,1,1,2,1,3,1,4,8,2,3,"Attchd",1,2,482,3,3,3,129,64,222,0,0,0,0,2,"NA",0,2,2010,"WD","Normal",285000,1,1,1,0,1,0,0
"060","RL",14364,"Pave","NA",3,"Low",4,"Inside",2,"SawyerW","Norm","Norm","1Fam","2Story",7,5,1988,1989,"Gable","CompShg","Plywood","Plywood","BrkFace",128,4,3,"CBlock",4,3,4,6,1,1157,"GasA",5,"Y",5,2062,1,0,2,1,3,1,3,8,1,4,"Attchd",3,2,454,3,3,3,60,55,0,0,154,0,0,0,"NA",0,4,2007,"WD","Normal",277000,1,1,1,0,0,0,1
"050","RM",8800,"Pave","Grvl",4,"Lvl",4,"Corner",3,"OldTown","Norm","Norm","1Fam","1.5Fin",4,7,1910,2004,"Gable","CompShg","Wd Sdng","Wd Sdng","None",0,3,3,"BrkTil",3,2,1,1,1,576,"GasA",4,"Y",5,1140,0,0,1,0,3,1,3,6,0,0,"NA",0,0,0,0,0,1,0,160,0,0,0,0,0,0,"NA",0,6,2010,"WD","Normal",96500,1,0,0,0,0,1,0
"090","RL",8544,"Pave","NA",4,"Lvl",4,"Corner",3,"NAmes","Norm","Norm","Duplex","1Story",3,4,1950,1950,"Gable","CompShg","BrkFace","BrkFace","None",0,3,3,"Slab",0,0,0,0,0,0,"Wall",2,"N",3,1040,0,0,2,0,2,2,3,8,0,0,"Detchd",1,2,400,3,3,3,0,0,0,0,0,0,0,0,"NA",0,6,2009,"WD","Normal",92900,0,1,0,0,0,0,0
"080","RL",11084,"Pave","NA",3,"Lvl",4,"Corner",3,"Gilbert","Norm","Norm","1Fam","SLvl",7,5,2004,2004,"Gable","CompShg","VinylSd","VinylSd","None",0,4,3,"PConc",4,3,1,6,1,384,"GasA",5,"Y",5,1374,1,0,2,1,3,1,4,8,1,4,"BuiltIn",3,2,400,3,3,3,100,0,0,0,0,0,0,0,"NA",0,6,2007,"WD","Family",175000,1,1,1,0,0,0,0
"020","RL",12469,"Pave","NA",4,"Lvl",4,"FR2",3,"NridgHt","Norm","Norm","1Fam","1Story",9,5,2006,2007,"Hip","CompShg","VinylSd","VinylSd","Stone",378,5,3,"PConc",5,3,4,6,1,1790,"GasA",5,"Y",5,1816,1,0,2,0,3,1,5,8,1,4,"Attchd",3,3,730,3,3,3,186,36,0,0,0,0,0,0,"NA",0,8,2007,"New","Partial",356000,1,1,1,0,0,0,1
"020","RL",21750,"Pave","NA",4,"Lvl",4,"Inside",3,"Mitchel","Norm","Norm","1Fam","1Story",5,4,1960,2006,"Hip","CompShg","HdBoard","HdBoard","BrkFace",75,3,2,"Slab",0,0,0,0,0,0,"GasA",3,"Y",5,1771,0,0,1,0,3,1,3,7,1,3,"Attchd",1,2,336,3,3,3,0,0,0,0,0,0,0,4,"NA",0,11,2009,"WD","Normal",115000,0,1,1,0,1,0,1
"160","FV",3230,"Pave","Pave",4,"Lvl",4,"Corner",3,"Somerst","Norm","Norm","TwnhsE","2Story",6,5,1999,1999,"Gable","CompShg","MetalSd","MetalSd","BrkFace",1129,3,3,"PConc",4,3,1,6,1,729,"GasA",4,"Y",5,1458,0,0,2,1,2,1,3,8,1,2,"Detchd",1,2,440,3,3,3,0,32,0,0,0,0,0,0,"NA",0,6,2007,"WD","Normal",176000,1,1,1,0,0,1,1
"020","RL",11166,"Pave","NA",4,"Lvl",4,"Inside",3,"CollgCr","Norm","Norm","1Fam","1Story",7,5,2001,2001,"Gable","CompShg","VinylSd","VinylSd","BrkFace",180,4,3,"PConc",4,3,2,6,1,1492,"GasA",5,"Y",5,1492,0,0,2,0,3,1,4,8,1,3,"Attchd",2,2,608,3,3,3,0,114,0,0,168,0,0,0,"NA",0,7,2009,"WD","Family",201000,1,1,1,0,0,0,1
"020","RL",13200,"Pave","NA",3,"Lvl",4,"Inside",3,"NAmes","Feedr","Norm","1Fam","1Story",6,6,1958,1958,"Gable","CompShg","Wd Sdng","Wd Sdng","BrkFace",187,3,3,"CBlock",3,3,1,2,1,1395,"GasA",5,"Y",5,1570,1,0,1,0,3,1,3,8,1,3,"Attchd",2,2,441,3,3,3,490,0,0,0,0,0,0,0,"NA",0,5,2008,"WD","Normal",166800,1,1,1,0,0,0,1
"020","RL",11825,"Pave","NA",4,"Lvl",4,"Inside",3,"NridgHt","Norm","Norm","1Fam","1Story",8,5,2006,2007,"Gable","CompShg","CemntBd","CmentBd","Stone",302,4,3,"PConc",5,3,2,1,1,1694,"GasA",5,"Y",5,1694,0,0,2,0,3,1,4,8,1,4,"Attchd",2,3,856,3,3,3,0,112,0,0,0,0,0,0,"NA",0,6,2007,"New","Partial",322400,1,1,1,0,0,0,1
"120","RL",7175,"Pave","NA",4,"Lvl",4,"Inside",3,"SawyerW","Norm","Norm","TwnhsE","1Story",6,5,1984,1984,"Gable","CompShg","Plywood","Plywood","None",0,3,3,"CBlock",4,3,1,5,2,744,"GasA",3,"Y",5,752,1,0,1,0,2,1,3,8,0,0,"Attchd",1,1,264,3,3,3,353,0,0,0,90,0,0,3,"NA",0,2,2010,"WD","Normal",125000,1,1,0,0,1,0,0
"020","RL",9316,"Pave","NA",3,"Lvl",4,"Inside",3,"Sawyer","Norm","Norm","1Fam","1Story",5,5,1965,1965,"Gable","CompShg","HdBoard","Plywood","None",0,3,3,"CBlock",3,3,1,3,1,1024,"GasA",4,"Y",5,1020,0,0,2,0,3,1,3,8,0,0,"Attchd",1,1,288,3,3,3,171,0,0,0,0,0,0,3,"NA",0,5,2009,"Oth","Family",124100,1,1,0,0,1,0,0
"090","RL",10791,"Pave","NA",4,"Lvl",4,"Inside",3,"Sawyer","Norm","Norm","Duplex","1Story",4,5,1967,1967,"Gable","CompShg","MetalSd","MetalSd","None",0,3,3,"Slab",0,0,0,0,0,0,"GasA",3,"Y",5,1296,0,0,2,0,2,2,3,8,0,0,"CarPort",1,2,516,3,3,3,0,0,0,0,0,0,0,0,"Shed",500,10,2006,"WD","Normal",90000,0,1,0,0,0,0,0
"160","RL",2179,"Pave","NA",4,"Lvl",4,"Inside",3,"NPkVill","Norm","Norm","Twnhs","2Story",6,5,1976,1976,"Gable","CompShg","Plywood","Brk Cmn","None",0,3,3,"CBlock",4,3,1,5,1,855,"GasA",4,"Y",5,1456,0,0,2,1,3,1,3,8,1,3,"Attchd",2,2,460,3,3,3,0,28,0,0,0,0,0,0,"NA",0,7,2006,"WD","Normal",144000,1,1,1,0,0,0,0
"060","RL",13700,"Pave","NA",3,"Lvl",4,"Inside",3,"NAmes","Norm","Norm","1Fam","2Story",7,6,1965,1988,"Gable","CompShg","VinylSd","VinylSd","Stone",288,3,3,"CBlock",3,3,4,5,1,864,"GasA",3,"Y",5,1820,0,0,1,2,4,1,4,8,2,4,"Attchd",1,2,492,3,3,3,60,84,0,0,273,0,0,4,"NA",0,5,2008,"WD","Normal",201800,1,1,1,0,1,0,1
"020","RL",13891,"Pave","NA",4,"Lvl",4,"Inside",3,"NridgHt","Norm","Norm","1Fam","1Story",9,5,2007,2007,"Hip","CompShg","VinylSd","VinylSd","Stone",456,5,3,"PConc",5,3,4,6,1,2552,"GasA",5,"Y",5,2552,1,0,2,0,3,1,5,8,2,5,"Attchd",3,3,932,3,3,3,130,28,0,0,0,0,0,0,"NA",0,10,2007,"New","Partial",479069,1,1,1,0,0,0,1
"020","RL",7250,"Pave","NA",4,"Lvl",4,"Inside",3,"Gilbert","Norm","Norm","1Fam","1Story",6,5,1993,1993,"Gable","CompShg","HdBoard","HdBoard","BrkFace",45,3,3,"PConc",4,3,1,1,1,1181,"GasA",5,"Y",5,1190,0,0,2,0,3,1,4,8,1,3,"Attchd",1,2,430,3,3,3,0,21,0,0,0,0,0,0,"NA",0,11,2009,"WD","Normal",166000,1,1,1,0,0,0,1
"160","FV",2998,"Pave","NA",4,"Lvl",4,"Inside",3,"Somerst","Norm","Norm","TwnhsE","2Story",6,5,2000,2000,"Gable","CompShg","MetalSd","MetalSd","BrkFace",513,4,3,"PConc",4,3,1,6,1,756,"GasA",5,"Y",5,1512,1,0,2,1,2,1,4,8,0,0,"Detchd",1,2,440,3,3,3,0,32,0,0,0,0,0,0,"NA",0,8,2009,"WD","Normal",180000,1,1,0,0,0,0,1
"120","RL",2304,"Pave","NA",4,"Lvl",4,"Inside",3,"NPkVill","Norm","Norm","Twnhs","1Story",7,7,1978,1978,"Gable","CompShg","Plywood","Brk Cmn","None",0,3,3,"CBlock",4,3,1,6,1,1061,"GasA",3,"Y",5,1055,0,0,2,0,2,1,3,8,0,0,"Attchd",1,1,319,3,3,3,108,32,0,0,0,0,0,0,"NA",0,4,2007,"WD","Normal",142500,1,1,0,0,0,0,0
"020","RL",7740,"Pave","NA",4,"Lvl",4,"Inside",3,"NridgHt","Norm","Norm","TwnhsE","1Story",9,5,2006,2006,"Hip","CompShg","MetalSd","MetalSd","BrkFace",518,4,3,"PConc",5,4,1,6,1,1686,"GasA",5,"Y",5,1686,1,0,2,0,1,1,5,8,1,4,"Attchd",3,3,899,3,3,3,266,100,0,0,0,0,0,0,"NA",0,6,2006,"New","Partial",332200,1,1,1,0,0,0,1
"060","RL",15810,"Pave","NA",3,"Lvl",4,"Inside",3,"Gilbert","RRAn","Norm","1Fam","2Story",6,5,2007,2007,"Gable","CompShg","VinylSd","VinylSd","None",0,4,3,"CBlock",4,3,1,1,1,768,"GasA",5,"Y",5,1496,0,0,3,0,3,1,4,8,0,0,"Attchd",1,2,572,3,3,3,100,0,0,0,0,0,0,0,"NA",0,5,2007,"New","Partial",181755,1,1,0,0,0,0,0
"050","RL",6342,"Pave","NA",4,"Lvl",4,"Inside",3,"Sawyer","Feedr","Norm","1Fam","1.5Fin",5,8,1875,1996,"Gable","CompShg","VinylSd","VinylSd","None",0,3,4,"CBlock",3,3,1,1,1,780,"GasA",4,"N",5,1020,0,0,1,0,2,1,3,8,0,0,"NA",0,0,0,0,0,1,0,0,176,0,0,0,0,0,"NA",0,5,2010,"WD","Normal",94000,1,0,0,0,0,0,0
"070","RL",11988,"Pave","NA",3,"HLS",4,"Inside",2,"Crawfor","Norm","Norm","1Fam","2Story",6,7,1934,1995,"Hip","CompShg","Stucco","Stucco","None",0,3,3,"CBlock",3,3,1,2,1,715,"GasA",2,"Y",3,1660,0,0,1,1,3,1,3,8,1,4,"Detchd",1,1,240,3,3,3,0,0,0,0,0,0,0,0,"NA",0,8,2008,"WD","Normal",188700,1,1,1,0,0,0,0
"020","RL",10593,"Pave","NA",3,"Lvl",4,"Inside",3,"NoRidge","Norm","Norm","1Fam","1Story",7,5,1996,1996,"Hip","CompShg","VinylSd","VinylSd","BrkFace",338,4,3,"PConc",4,3,1,6,1,1720,"GasA",5,"Y",5,1720,1,0,2,0,3,1,4,8,1,3,"Attchd",3,2,527,3,3,3,240,56,154,0,0,0,0,0,"NA",0,3,2010,"WD","Normal",260400,1,1,1,0,0,0,1
"020","RL",9239,"Pave","NA",4,"Lvl",4,"Inside",3,"Sawyer","Feedr","Norm","1Fam","1Story",5,8,1963,2003,"Gable","CompShg","VinylSd","VinylSd","None",0,3,4,"CBlock",3,3,1,6,1,960,"GasA",5,"Y",5,960,1,0,1,0,3,1,4,8,0,0,"Attchd",3,1,300,3,3,3,168,0,0,0,0,0,0,0,"NA",0,5,2008,"WD","Normal",144900,1,1,0,0,0,0,0
"020","A (agr)",31250,"Pave","NA",4,"Lvl",4,"Inside",3,"Mitchel","Artery","Norm","1Fam","1Story",1,3,1951,1951,"Gable","CompShg","CBlock","VinylSd","None",0,3,2,"CBlock",0,0,0,0,0,0,"GasA",3,"Y",3,1600,0,0,1,1,3,1,3,5,0,0,"Attchd",1,1,270,2,3,1,0,0,135,0,0,0,0,0,"NA",0,5,2006,"WD","Normal",81500,0,1,0,0,0,0,0
"050","RL",16466,"Pave","NA",3,"Lvl",4,"Inside",3,"Edwards","Norm","Norm","1Fam","1.5Fin",5,7,1955,1955,"Gable","CompShg","MetalSd","MetalSd","None",0,3,4,"PConc",3,3,1,1,1,816,"GasA",3,"Y",5,1393,0,0,1,1,3,1,3,8,0,0,"Attchd",1,1,300,3,3,3,121,0,0,0,265,0,0,0,"NA",0,4,2008,"WD","Normal",135500,1,1,0,0,0,0,0
"020","RL",9600,"Pave","NA",4,"Lvl",4,"Corner",3,"NAmes","Norm","Norm","1Fam","1Story",5,6,1959,1959,"Gable","CompShg","MetalSd","MetalSd","BrkFace",132,3,3,"CBlock",3,3,1,5,1,1041,"GasA",5,"Y",5,1041,1,0,1,0,3,1,3,8,0,0,"Attchd",2,1,270,3,3,3,224,88,0,0,0,0,0,3,"NA",0,7,2009,"WD","Normal",124500,1,1,0,0,1,0,1
"020","RL",8760,"Pave","NA",4,"Lvl",4,"Inside",3,"NAmes","Norm","Norm","1Fam","1Story",6,7,1957,1999,"Gable","CompShg","VinylSd","VinylSd","None",0,3,3,"CBlock",3,3,1,5,1,936,"GasA",3,"Y",5,936,1,0,1,0,2,1,4,8,0,0,"Attchd",2,1,315,3,3,3,0,0,0,219,0,0,0,0,"NA",0,9,2007,"WD","Normal",141000,1,1,0,0,0,0,0
"160","FV",3768,"Pave","NA",4,"Lvl",4,"FR2",3,"Somerst","Norm","Norm","TwnhsE","2Story",7,5,1999,1999,"Hip","CompShg","MetalSd","MetalSd","BrkFace",218,4,3,"PConc",4,3,1,6,1,691,"GasA",5,"Y",5,1452,1,0,2,1,3,1,4,8,0,0,"Detchd",1,2,506,3,3,3,0,34,0,0,0,0,0,0,"NA",0,9,2009,"WD","Normal",156000,1,1,0,0,0,0,1
"020","RH",11622,"Pave","NA",4,"Lvl",4,"Inside",3,"NAmes","Feedr","Norm","1Fam","1Story",5,6,1961,1961,"Gable","CompShg","VinylSd","VinylSd","None",0,3,3,"CBlock",3,3,1,3,2,882,"GasA",3,"Y",5,896,0,0,1,0,2,1,3,8,0,0,"Attchd",1,1,730,3,3,3,140,0,0,0,120,0,0,3,"NA",0,6,2010,"WD","Normal",105000,1,1,0,0,1,0,0
"070","RM",11700,"Pave","Pave",3,"Lvl",4,"Corner",3,"OldTown","Norm","Norm","1Fam","2Story",7,7,1880,2003,"Mansard","CompShg","Stucco","Stucco","None",0,4,3,"Stone",3,2,1,1,1,1240,"GasW",3,"N",5,2640,0,0,1,1,4,1,4,8,1,4,"Detchd",1,4,864,3,3,1,181,0,386,0,0,0,0,0,"NA",0,5,2009,"WD","Normal",265979,1,1,1,0,0,1,0
"060","RL",9750,"Pave","NA",4,"Lvl",4,"Corner",3,"CollgCr","Norm","Norm","1Fam","2Story",7,6,1998,1998,"Gable","CompShg","VinylSd","VinylSd","None",0,3,3,"PConc",4,3,3,6,1,1108,"GasA",5,"Y",5,2097,1,0,2,1,3,1,4,8,1,3,"Detchd",2,2,583,3,3,3,253,170,0,0,0,0,0,0,"NA",0,6,2006,"WD","Normal",274300,1,1,1,0,0,0,0
"020","RL",11422,"Pave","NA",3,"Lvl",4,"Inside",3,"CollgCr","Norm","Norm","1Fam","1Story",8,5,2007,2008,"Hip","CompShg","VinylSd","VinylSd","Stone",352,4,3,"PConc",5,3,3,6,1,1838,"GasA",5,"Y",5,1838,1,0,2,0,3,1,4,8,2,4,"Attchd",2,2,524,3,3,3,154,222,0,0,0,0,0,0,"NA",0,4,2009,"WD","Normal",272500,1,1,1,0,0,0,1
"020","RL",11500,"Pave","NA",3,"Lvl",4,"CulDSac",3,"Edwards","Norm","Norm","1Fam","1Story",4,3,1957,1957,"Gable","CompShg","Wd Sdng","Wd Sdng","None",0,3,4,"Slab",0,0,0,0,0,0,"GasA",5,"N",5,845,0,0,1,0,3,1,3,8,0,0,"Detchd",1,1,290,3,3,1,186,0,0,0,0,0,0,0,"NA",0,1,2009,"WD","Normal",84000,0,1,0,0,0,0,0
"060","FV",8125,"Pave","NA",4,"Lvl",4,"Inside",3,"Somerst","Norm","Norm","1Fam","2Story",6,5,2005,2005,"Gable","CompShg","VinylSd","VinylSd","None",0,4,3,"PConc",4,3,1,1,1,858,"GasA",5,"Y",5,1716,0,0,2,1,3,1,4,8,0,0,"Attchd",2,2,615,3,3,3,0,53,0,0,0,0,0,0,"NA",0,2,2006,"WD","Normal",200825,1,1,0,0,0,0,0
"060","RL",10542,"Pave","NA",4,"Lvl",4,"Inside",3,"NoRidge","Norm","Norm","1Fam","2Story",7,5,1993,1994,"Hip","CompShg","Wd Sdng","ImStucc","BrkFace",651,4,3,"PConc",4,3,4,6,1,1311,"GasA",5,"Y",5,2418,1,0,2,1,3,1,4,8,1,3,"Attchd",2,3,983,3,3,3,250,154,216,0,0,0,0,0,"NA",0,8,2008,"WD","Normal",341000,1,1,1,0,0,0,1
"030","RM",6240,"Pave","Grvl",4,"Lvl",4,"Inside",3,"IDOTRR","Norm","Norm","1Fam","1.5Fin",4,5,1925,1950,"Gable","CompShg","MetalSd","MetalSd","None",0,3,3,"CBlock",3,3,1,4,1,780,"GasA",3,"Y",3,1208,0,0,1,0,2,1,3,8,0,0,"Detchd",1,2,539,3,3,3,0,23,112,0,0,0,0,0,"NA",0,1,2009,"WD","Normal",103000,1,1,0,0,0,1,0
"075","RM",8100,"Pave","NA",4,"Lvl",4,"Corner",3,"OldTown","Norm","Norm","1Fam","2.5Unf",5,5,1898,1965,"Hip","CompShg","AsbShng","AsbShng","None",0,3,3,"PConc",3,3,1,1,1,849,"GasA",3,"N",3,2138,0,0,2,0,2,3,3,8,0,0,"Detchd",1,2,360,2,1,1,40,156,0,0,0,0,0,3,"NA",0,11,2009,"WD","Normal",106000,1,1,0,0,1,0,0
"060","RL",9591,"Pave","NA",4,"Lvl",4,"Inside",3,"NridgHt","Norm","Norm","1Fam","2Story",8,5,2004,2005,"Gable","CompShg","VinylSd","VinylSd","BrkFace",344,4,3,"PConc",5,3,3,1,1,1143,"GasA",5,"Y",5,2473,0,0,2,1,4,1,4,8,1,4,"BuiltIn",2,3,852,3,3,3,192,151,0,0,0,0,0,0,"NA",0,10,2007,"WD","Normal",317000,1,1,1,0,0,0,1
"060","RL",8068,"Pave","NA",3,"Lvl",4,"Inside",3,"Gilbert","Norm","Norm","1Fam","2Story",6,5,2002,2002,"Gable","CompShg","VinylSd","VinylSd","None",0,4,3,"PConc",4,3,1,1,1,1010,"GasA",5,"Y",5,2267,0,0,2,1,4,1,4,8,1,3,"BuiltIn",2,2,390,3,3,3,120,46,0,0,0,0,0,0,"NA",0,12,2009,"ConLI","Normal",2e+05,1,1,1,0,0,0,0
"050","RM",6240,"Pave","NA",4,"Lvl",4,"Inside",3,"BrkSide","Norm","Norm","1Fam","1.5Fin",5,7,1930,1992,"Gable","CompShg","Wd Sdng","Wd Sdng","None",0,3,3,"BrkTil",3,3,1,1,1,966,"GasA",5,"Y",5,1426,0,0,1,0,3,1,3,8,1,4,"Detchd",1,1,230,2,3,3,174,0,96,0,0,0,0,4,"NA",0,7,2007,"WD","Normal",131750,1,1,1,0,1,0,0
"050","RM",6000,"Pave","Grvl",4,"Lvl",4,"Inside",3,"OldTown","Norm","Norm","1Fam","1.5Fin",6,6,1927,1950,"Gable","CompShg","MetalSd","MetalSd","None",0,3,3,"BrkTil",3,3,1,3,1,845,"GasA",3,"Y",5,1296,0,0,1,0,3,1,3,8,0,0,"Detchd",1,2,576,3,3,3,0,0,175,0,0,0,0,0,"NA",0,7,2007,"WD","Normal",127500,1,1,0,0,0,1,0
"060","RL",11929,"Pave","NA",3,"Lvl",4,"CulDSac",3,"NoRidge","Norm","Norm","1Fam","2Story",8,7,1995,1995,"Gable","CompShg","VinylSd","VinylSd","BrkFace",466,4,3,"PConc",4,3,3,1,1,1242,"GasA",5,"Y",5,2501,0,0,2,1,4,1,4,8,1,3,"Attchd",2,3,751,3,3,3,192,87,0,0,0,0,0,0,"NA",0,6,2008,"WD","Normal",290000,1,1,1,0,0,0,1
"190","RM",9600,"Pave","Grvl",4,"Lvl",4,"Inside",3,"OldTown","Norm","Norm","2fmCon","2Story",5,5,1920,1960,"Gable","CompShg","AsbShng","AsbShng","None",0,3,3,"BrkTil",3,3,1,3,1,973,"GasA",3,"Y",1,2350,0,0,2,0,4,2,3,8,0,0,"2Types",1,2,393,3,3,3,0,0,219,0,0,0,0,0,"NA",0,4,2008,"WD","Normal",130000,1,1,0,0,0,1,0
"080","RL",9200,"Pave","NA",4,"Lvl",4,"Inside",3,"NAmes","Norm","Norm","1Fam","SLvl",6,5,1965,1965,"Gable","CompShg","HdBoard","HdBoard","BrkFace",98,3,3,"CBlock",3,3,4,6,1,1042,"GasA",3,"Y",5,1042,0,0,2,0,3,1,3,8,0,0,"Attchd",2,2,440,3,3,3,192,0,0,0,0,0,0,4,"NA",0,5,2007,"WD","Normal",161000,1,1,0,0,1,0,1
"020","RL",22692,"Pave","NA",3,"Lvl",4,"Inside",3,"Edwards","Norm","Norm","1Fam","1Story",5,5,1953,1953,"Gable","CompShg","MetalSd","MetalSd","None",0,3,3,"CBlock",3,3,1,3,1,1073,"GasA",3,"Y",5,1630,0,0,2,0,3,1,3,5,1,3,"Detchd",1,2,649,3,3,2,0,64,0,0,0,0,0,0,"NA",0,3,2007,"COD","Normal",130000,1,1,1,0,0,0,0
"030","RM",5000,"Pave","NA",4,"Lvl",4,"Inside",3,"BrkSide","Feedr","Norm","1Fam","1Story",4,7,1925,1950,"Gable","CompShg","MetalSd","MetalSd","None",0,3,3,"BrkTil",3,3,1,3,1,765,"GasA",3,"N",2,765,1,0,1,0,2,1,4,8,0,0,"Detchd",1,1,200,2,3,2,135,0,41,0,0,0,0,3,"NA",0,4,2010,"WD","Normal",87000,1,1,0,0,1,0,0
"060","RL",10560,"Pave","NA",4,"Lvl",4,"Corner",3,"SawyerW","Norm","Norm","1Fam","2Story",7,5,1993,1994,"Gable","CompShg","VinylSd","VinylSd","None",0,4,4,"PConc",4,4,1,6,1,1079,"GasA",5,"Y",5,1879,1,0,2,1,3,1,4,8,1,3,"Attchd",2,2,473,3,3,3,400,100,144,0,0,0,0,3,"NA",0,8,2009,"WD","Normal",239900,1,1,1,0,1,0,0
"020","RL",10452,"Pave","NA",3,"Lvl",4,"Inside",3,"Edwards","Norm","Norm","1Fam","1Story",6,5,1953,1953,"Hip","CompShg","Wd Sdng","Wd Sdng","Stone",216,3,3,"CBlock",3,3,2,3,1,1094,"GasA",5,"Y",5,1094,0,0,1,0,3,1,3,8,2,4,"Attchd",2,2,495,3,3,3,0,0,0,0,287,0,0,0,"NA",0,6,2008,"WD","Normal",155000,1,1,1,0,0,0,1
"090","RL",8668,"Pave","NA",4,"Lvl",4,"Corner",3,"NAmes","Norm","Norm","Duplex","1Story",5,5,1968,1968,"Gable","CompShg","MetalSd","MetalSd","None",0,3,3,"CBlock",3,3,1,1,1,1560,"GasA",3,"Y",5,1560,0,0,2,0,4,2,3,8,0,0,"Detchd",1,3,792,3,3,3,0,0,0,0,0,0,0,0,"NA",0,5,2007,"WD","Normal",126000,1,1,0,0,0,0,0
"060","RL",9430,"Pave","NA",4,"Lvl",4,"Inside",3,"NoRidge","Norm","Norm","1Fam","2Story",8,5,1999,1999,"Gable","CompShg","VinylSd","VinylSd","BrkFace",673,4,3,"PConc",4,3,2,6,1,1252,"GasA",5,"Y",5,2365,1,0,2,1,3,1,4,8,1,4,"Attchd",2,3,856,3,3,3,0,128,0,0,180,0,0,0,"NA",0,7,2009,"WD","Normal",337000,1,1,1,0,0,0,1
"060","RL",13142,"Pave","NA",3,"Lvl",4,"Corner",3,"CollgCr","PosN","Norm","1Fam","2Story",6,5,1997,1997,"Gable","CompShg","VinylSd","VinylSd","BrkFace",128,3,3,"PConc",4,3,1,6,1,864,"GasA",5,"Y",5,1771,1,0,2,1,3,1,4,8,0,0,"Attchd",2,2,600,3,3,3,0,96,0,0,0,0,0,0,"NA",0,7,2008,"WD","Normal",215700,1,1,0,0,0,0,1
"020","RL",35133,"Grvl","NA",4,"Lvl",4,"Inside",2,"Timber","Norm","Norm","1Fam","1Story",5,4,1963,1963,"Hip","CompShg","MetalSd","MetalSd","BrkFace",226,3,3,"CBlock",3,3,4,3,1,1572,"GasA",4,"Y",5,1572,1,0,1,1,3,1,3,8,2,3,"2Types",2,3,995,3,3,3,0,263,0,0,263,0,0,0,"NA",0,5,2007,"WD","Normal",186700,1,1,1,0,0,0,1
"060","RL",15138,"Pave","NA",3,"Lvl",4,"Inside",3,"NoRidge","Norm","Norm","1Fam","2Story",8,5,1995,1996,"Gable","CompShg","VinylSd","VinylSd","BrkFace",506,4,3,"PConc",4,3,1,6,1,1462,"GasA",5,"Y",5,2794,1,0,2,1,4,1,5,8,1,3,"Attchd",3,3,810,3,3,3,0,146,202,0,0,0,0,0,"NA",0,7,2009,"WD","Normal",403000,1,1,1,0,0,0,1
"060","RL",14948,"Pave","NA",3,"Lvl",4,"Inside",3,"NridgHt","Norm","Norm","1Fam","2Story",9,5,2008,2008,"Hip","CompShg","VinylSd","VinylSd","Stone",268,5,3,"PConc",5,3,3,6,1,1452,"GasA",5,"Y",5,2713,1,0,2,1,3,1,5,8,1,4,"Attchd",3,3,858,3,3,3,126,66,0,0,0,0,0,0,"NA",0,11,2008,"New","Partial",446261,1,1,1,0,0,0,1
"020","RL",17485,"Pave","NA",2,"Lvl",4,"Inside",3,"Edwards","Norm","Norm","1Fam","1Story",7,5,2009,2010,"Gable","CompShg","VinylSd","VinylSd","Stone",96,4,3,"PConc",4,3,4,6,1,1508,"GasA",5,"Y",5,1508,1,0,1,0,1,1,4,8,2,3,"Attchd",2,2,572,3,3,3,0,0,0,0,0,0,0,0,"NA",0,1,2010,"Con","Partial",308030,1,1,1,0,0,0,1
"060","RL",9130,"Pave","NA",4,"Lvl",4,"Inside",3,"NWAmes","Feedr","Norm","1Fam","2Story",6,8,1966,2000,"Hip","CompShg","HdBoard","HdBoard","BrkFace",252,3,3,"CBlock",3,3,1,6,3,800,"GasA",4,"Y",5,1632,0,1,1,1,4,1,4,8,0,0,"Attchd",1,2,484,3,3,3,0,40,0,0,0,0,0,0,"NA",0,7,2008,"WD","Normal",173000,1,1,0,0,0,0,1
"160","RM",2160,"Pave","NA",4,"Lvl",4,"Inside",3,"BrDale","Norm","Norm","TwnhsE","2Story",5,6,1973,1973,"Gable","CompShg","HdBoard","HdBoard","BrkFace",200,3,3,"CBlock",3,3,1,2,1,765,"GasA",4,"Y",5,1365,0,0,1,1,3,1,4,7,1,2,"Attchd",1,2,440,3,3,3,0,36,0,0,0,0,0,0,"NA",0,6,2006,"WD","Normal",125500,1,1,1,0,0,0,1
"020","FV",12606,"Pave","NA",3,"Lvl",4,"Inside",3,"Somerst","Norm","Norm","1Fam","1Story",9,5,2007,2008,"Gable","CompShg","VinylSd","VinylSd","Stone",120,4,3,"PConc",4,3,3,1,1,1530,"GasA",5,"Y",5,1530,0,0,2,0,3,1,4,8,1,4,"Attchd",2,3,984,3,3,3,212,136,0,0,0,0,0,0,"NA",0,5,2009,"WD","Normal",250000,1,1,1,0,0,0,1
"080","RL",8660,"Pave","NA",3,"Lvl",4,"Inside",3,"CollgCr","Norm","Norm","1Fam","SLvl",5,5,1976,1976,"Gable","CompShg","VinylSd","VinylSd","BrkFace",113,3,4,"CBlock",4,3,3,6,1,1015,"GasA",3,"Y",5,1025,0,0,2,0,3,1,3,8,1,2,"Detchd",1,2,370,3,3,3,127,0,0,0,0,0,0,0,"NA",0,7,2007,"WD","Normal",153500,1,1,1,0,0,0,1
"060","RL",13069,"Pave","NA",3,"Lvl",4,"Inside",3,"NridgHt","Norm","Norm","1Fam","2Story",8,5,2004,2004,"Gable","CompShg","VinylSd","VinylSd","BrkFace",502,4,3,"PConc",4,3,3,1,1,1706,"GasA",5,"Y",5,2956,0,0,2,1,5,1,5,8,1,5,"BuiltIn",2,3,916,3,3,3,194,50,0,0,0,0,0,0,"NA",0,8,2007,"WD","Normal",342000,1,1,1,0,0,0,1
"090","RM",7200,"Pave","Grvl",4,"Lvl",4,"Inside",3,"OldTown","Norm","Norm","Duplex","SFoyer",5,5,1980,1980,"Gable","CompShg","MetalSd","MetalSd","BrkFace",180,3,3,"CBlock",4,3,4,6,1,936,"GasA",3,"Y",5,936,1,0,1,0,2,1,3,8,0,0,"Detchd",1,2,672,3,3,3,49,0,0,0,0,0,0,0,"NA",0,8,2007,"WD","Normal",140000,1,1,0,0,0,1,1
"085","RL",16647,"Pave","NA",3,"Lvl",4,"CulDSac",3,"Sawyer","RRAe","Norm","1Fam","SFoyer",5,5,1975,1981,"Gable","CompShg","HdBoard","HdBoard","None",0,3,3,"CBlock",4,3,4,5,1,1390,"GasA",3,"Y",5,1701,1,0,2,0,3,1,3,6,2,3,"Basment",3,2,611,3,3,3,0,0,0,0,0,0,0,0,"NA",0,1,2007,"WD","Normal",171000,1,1,1,0,0,0,0
"070","RM",5250,"Pave","Pave",4,"Lvl",4,"Inside",3,"OldTown","Norm","Norm","1Fam","2Story",8,5,1872,1987,"Gable","CompShg","MetalSd","MetalSd","None",0,3,4,"BrkTil",3,2,1,2,1,684,"OthW",2,"N",5,2358,0,0,2,0,4,1,3,8,0,0,"NA",0,0,0,0,0,3,0,54,20,0,0,0,0,0,"NA",0,12,2008,"WD","Normal",122000,1,0,0,0,0,1,0
"020","RL",16280,"Pave","NA",4,"Lvl",4,"Inside",3,"Veenker","Norm","Norm","1Fam","1Story",8,9,1976,2007,"Gable","CompShg","VinylSd","VinylSd","None",0,5,5,"CBlock",4,5,2,6,3,1426,"GasA",5,"Y",5,1671,1,0,3,0,3,1,5,8,1,4,"Attchd",2,2,550,3,3,3,280,90,0,0,0,0,0,2,"NA",0,5,2008,"WD","Normal",290000,1,1,1,0,1,0,0
"060","RL",9468,"Pave","NA",2,"Lvl",4,"CulDSac",3,"CollgCr","Norm","Norm","1Fam","2Story",6,5,1999,1999,"Gable","CompShg","VinylSd","VinylSd","BrkFace",148,3,3,"PConc",4,3,2,6,1,840,"GasA",5,"Y",5,1755,1,0,2,1,3,1,3,8,1,3,"Attchd",2,2,530,3,3,3,176,73,0,0,0,0,0,0,"NA",0,8,2006,"WD","Normal",214000,1,1,1,0,0,0,1
"080","RL",11275,"Pave","NA",4,"Lvl",4,"Corner",3,"NAmes","PosN","Norm","1Fam","SLvl",7,7,1967,2007,"Mansard","WdShake","Wd Sdng","Wd Sdng","BrkFace",300,4,4,"CBlock",4,3,1,1,1,710,"GasA",5,"Y",5,2978,0,0,2,1,5,1,4,8,1,4,"BuiltIn",3,2,564,3,3,3,240,0,0,0,0,0,0,0,"NA",0,6,2010,"WD","Normal",242000,1,1,1,0,0,0,1
"020","RL",14175,"Pave","NA",4,"Bnk",4,"Inside",2,"Sawyer","PosA","Norm","1Fam","1Story",5,5,1956,1998,"Hip","CompShg","BrkFace","BrkFace","None",0,3,3,"CBlock",3,3,1,3,5,1240,"GasA",4,"Y",5,1375,1,0,1,0,3,1,3,8,1,4,"Attchd",1,1,323,3,3,3,0,0,0,0,0,0,0,0,"NA",0,12,2007,"WD","Normal",187000,1,1,1,0,0,0,0
"060","RL",7875,"Pave","NA",4,"Lvl",4,"Inside",3,"Gilbert","Norm","Norm","1Fam","2Story",7,5,2003,2003,"Gable","CompShg","VinylSd","VinylSd","None",0,4,3,"PConc",4,3,1,1,1,783,"GasA",5,"Y",5,1509,0,0,2,1,3,1,4,8,1,4,"Attchd",3,2,393,3,3,3,0,75,0,0,0,0,0,0,"NA",0,7,2006,"WD","Normal",180000,1,1,1,0,0,0,0
"120","RL",7658,"Pave","NA",4,"Lvl",4,"Inside",3,"NridgHt","Norm","Norm","TwnhsE","1Story",9,5,2005,2005,"Hip","CompShg","MetalSd","MetalSd","BrkFace",412,5,3,"PConc",5,3,1,6,1,1752,"GasA",5,"Y",5,1752,1,0,2,0,2,1,5,8,1,4,"Attchd",2,2,576,3,3,3,196,82,0,0,0,0,0,0,"NA",0,2,2010,"WD","Normal",319900,1,1,1,0,0,0,1
"050","RL",8520,"Pave","NA",4,"Lvl",4,"Corner",3,"NAmes","Artery","Norm","1Fam","1.5Fin",5,4,1952,1952,"Gable","CompShg","BrkFace","Wd Sdng","None",0,3,2,"CBlock",3,3,1,3,1,910,"GasA",2,"Y",5,1385,0,0,2,0,4,1,3,8,0,0,"Detchd",1,2,720,3,3,3,0,0,0,0,0,0,0,3,"NA",0,6,2010,"WD","Normal",166000,1,1,0,0,1,0,0
"020","RL",7733,"Pave","NA",3,"Lvl",4,"Inside",3,"SawyerW","Norm","Norm","1Fam","1Story",6,5,2005,2005,"Gable","CompShg","VinylSd","VinylSd","None",0,3,3,"PConc",3,3,2,6,1,1142,"GasA",5,"Y",5,1142,0,0,1,1,3,1,4,8,0,0,"NA",0,0,0,0,0,3,4,50,0,0,0,0,0,0,"NA",0,1,2006,"WD","Normal",139500,1,0,0,0,0,0,0
"030","RL",8250,"Pave","NA",4,"Lvl",4,"Inside",3,"Edwards","Norm","Norm","1Fam","1Story",5,7,1935,1950,"Gable","CompShg","Wd Sdng","Wd Sdng","None",0,3,3,"Slab",0,0,0,0,0,0,"GasA",3,"N",5,1032,0,0,1,0,2,1,3,8,1,3,"Detchd",1,1,260,3,3,3,0,0,121,0,0,0,0,0,"NA",0,6,2006,"WD","Normal",125000,0,1,1,0,0,0,0
"160","RM",2760,"Pave","NA",4,"Lvl",4,"Inside",3,"BrDale","Norm","Norm","TwnhsE","2Story",6,5,1973,1973,"Gable","CompShg","HdBoard","HdBoard","BrkFace",514,3,3,"CBlock",3,3,1,1,1,525,"GasA",3,"Y",5,1092,0,0,1,1,3,1,3,8,0,0,"Detchd",1,2,440,3,3,3,0,0,0,0,0,0,0,0,"NA",0,12,2006,"WD","Normal",105500,1,1,0,0,0,0,1
"020","RL",57200,"Pave","NA",3,"Bnk",4,"Inside",1,"Timber","Norm","Norm","1Fam","1Story",5,5,1948,1950,"Gable","CompShg","Wd Sdng","Wd Sdng","None",0,3,3,"CBlock",3,3,3,4,3,747,"GasA",3,"Y",5,1687,1,0,1,0,3,1,3,7,2,3,"Detchd",1,2,572,3,3,1,0,0,50,0,0,0,0,0,"NA",0,6,2010,"WD","Normal",160000,1,1,1,0,0,0,0
"020","RL",7200,"Pave","NA",4,"Lvl",4,"Inside",3,"NAmes","Norm","Norm","1Fam","1Story",5,7,1955,2007,"Gable","CompShg","VinylSd","VinylSd","None",0,3,3,"Slab",0,0,0,0,0,0,"GasA",5,"Y",5,827,0,0,1,0,2,1,3,5,1,1,"Detchd",1,1,392,3,3,3,0,0,0,0,0,0,0,0,"NA",0,4,2010,"WD","Normal",107500,0,1,1,0,0,0,0
"020","RL",14780,"Pave","NA",3,"HLS",4,"Corner",2,"NridgHt","Norm","Norm","1Fam","1Story",9,5,2005,2005,"Hip","CompShg","VinylSd","VinylSd","BrkFace",568,5,3,"PConc",5,3,4,6,1,1868,"GasA",5,"Y",5,1868,1,0,2,0,2,1,5,8,1,4,"Attchd",3,3,1085,3,3,3,354,56,0,0,156,0,0,0,"NA",0,6,2006,"WD","Normal",415000,1,1,1,0,0,0,1
"050","RM",9600,"Pave","Grvl",4,"Lvl",4,"Inside",3,"OldTown","Norm","Norm","1Fam","1.5Fin",5,8,1925,1994,"Gambrel","CompShg","VinylSd","VinylSd","None",0,3,3,"PConc",3,3,2,1,1,702,"GasA",4,"Y",5,1472,0,0,1,0,3,1,4,8,0,0,"Detchd",1,1,250,3,2,2,0,0,84,0,0,0,0,2,"NA",0,7,2007,"WD","Normal",125000,1,1,0,0,1,1,0
"060","FV",7500,"Pave","NA",4,"Lvl",4,"Inside",3,"Somerst","Norm","Norm","1Fam","2Story",7,5,2002,2002,"Gable","CompShg","VinylSd","VinylSd","None",0,4,3,"PConc",4,3,1,1,1,952,"GasA",5,"Y",5,1812,0,0,2,1,3,1,3,8,1,3,"Attchd",2,2,469,3,3,3,144,112,0,0,0,0,0,0,"NA",0,4,2008,"WD","Normal",205000,1,1,1,0,0,0,0
"060","RL",35760,"Pave","NA",3,"Lvl",4,"CulDSac",3,"NoRidge","Norm","Norm","1Fam","2Story",10,5,1995,1996,"Hip","CompShg","HdBoard","HdBoard","BrkFace",1378,4,4,"PConc",5,3,4,6,1,1930,"GasA",5,"Y",5,3627,1,0,3,1,4,1,4,8,1,3,"Attchd",3,3,807,3,3,3,361,76,0,0,0,0,0,0,"NA",0,7,2006,"WD","Normal",625000,1,1,1,0,0,0,1
"045","RM",6900,"Pave","NA",4,"Lvl",4,"Corner",3,"OldTown","Norm","Norm","1Fam","1.5Fin",6,7,1938,2000,"Gable","CompShg","MetalSd","MetalSd","None",0,3,3,"PConc",4,3,1,1,1,827,"GasA",4,"Y",5,1251,0,0,1,0,3,1,2,8,0,0,"Detchd",1,1,240,2,3,1,0,0,0,0,0,0,0,0,"NA",0,1,2010,"WD","Normal",119000,1,1,0,0,0,0,0
"120","RM",4500,"Pave","NA",4,"Lvl",4,"FR2",3,"Mitchel","Norm","Norm","TwnhsE","1Story",6,5,1998,1998,"Hip","CompShg","VinylSd","VinylSd","BrkFace",320,3,3,"PConc",5,3,1,6,1,1204,"GasA",5,"Y",5,1204,1,0,2,0,2,1,3,8,0,0,"Attchd",3,2,412,3,3,3,0,247,0,0,0,0,0,0,"NA",0,6,2009,"WD","Normal",162000,1,1,0,0,0,0,1
"030","RL",12342,"Pave","NA",3,"Lvl",4,"Inside",3,"Edwards","Norm","Norm","1Fam","1Story",4,5,1940,1950,"Gable","CompShg","VinylSd","VinylSd","None",0,3,3,"CBlock",3,3,1,4,1,861,"GasA",5,"Y",5,861,0,0,1,0,1,1,3,8,0,0,"Detchd",1,2,539,3,3,3,158,0,0,0,0,0,0,0,"NA",0,3,2009,"WD","Normal",82500,1,1,0,0,0,0,0
"020","RL",8780,"Pave","NA",3,"Lvl",4,"Corner",3,"Mitchel","Norm","Norm","1Fam","1Story",5,5,1985,1985,"Gable","CompShg","HdBoard","Plywood","None",0,3,3,"CBlock",3,3,1,5,1,833,"GasA",5,"Y",5,833,1,0,1,0,3,1,3,8,0,0,"NA",0,0,0,0,0,3,0,0,0,0,0,0,0,3,"NA",0,3,2009,"WD","Normal",112000,1,0,0,0,1,0,0
"020","RL",10533,"Pave","NA",3,"Lvl",4,"Inside",3,"NAmes","Norm","Norm","1Fam","1Story",6,6,1956,1956,"Hip","CompShg","VinylSd","VinylSd","BrkFace",244,3,4,"CBlock",3,3,1,3,1,1008,"GasA",3,"Y",5,1024,1,0,1,0,2,1,4,8,2,3,"Attchd",1,1,313,3,3,3,0,0,0,0,280,0,0,0,"NA",0,8,2006,"WD","Normal",157500,1,1,1,0,0,0,1
"020","RL",10152,"Pave","NA",4,"Lvl",4,"Inside",3,"NAmes","Norm","Norm","1Fam","1Story",5,5,1956,1956,"Hip","CompShg","MetalSd","MetalSd","BrkFace",120,3,3,"CBlock",3,3,1,4,1,1048,"GasA",3,"Y",5,1048,1,0,1,0,3,1,3,8,0,0,"Attchd",1,1,286,3,3,3,0,20,0,0,192,0,0,0,"NA",0,6,2007,"WD","Normal",135000,1,1,0,0,0,0,1
"020","RL",13770,"Pave","NA",4,"Lvl",4,"Corner",3,"Sawyer","Feedr","Norm","1Fam","1Story",5,6,1958,1998,"Gable","CompShg","Plywood","Plywood","BrkFace",340,3,3,"CBlock",3,3,2,3,4,1158,"GasA",3,"Y",5,1176,1,0,1,0,3,1,3,8,2,4,"Attchd",1,1,303,3,3,3,0,0,0,0,0,0,0,0,"NA",0,10,2007,"VWD","Normal",137000,1,1,1,0,0,0,1
"050","RM",12150,"Pave","Grvl",4,"Lvl",4,"Inside",3,"OldTown","Norm","Norm","1Fam","1.5Fin",5,5,1954,1954,"Gable","CompShg","MetalSd","MetalSd","BrkFace",335,3,3,"BrkTil",3,3,1,1,1,1050,"GasA",5,"N",2,1795,0,0,2,0,4,1,3,8,0,0,"Attchd",1,1,352,2,3,3,0,0,0,0,0,0,0,0,"NA",0,11,2008,"WD","Normal",131500,1,1,0,0,0,1,1
"060","RL",26178,"Pave","NA",3,"Lvl",4,"Inside",2,"Timber","Norm","Norm","1Fam","2Story",7,5,1989,1990,"Hip","CompShg","MetalSd","MetalSd","BrkFace",293,4,3,"PConc",4,3,4,6,1,1210,"GasA",5,"Y",5,2519,1,0,2,1,4,1,4,8,2,4,"Attchd",2,2,628,3,3,3,320,27,0,0,0,0,0,0,"NA",0,4,2006,"WD","Normal",335000,1,1,1,0,0,0,1
"020","RL",12704,"Pave","NA",4,"Lvl",4,"Inside",3,"NridgHt","Norm","Norm","1Fam","1Story",8,5,2007,2007,"Hip","CompShg","VinylSd","VinylSd","Stone",302,4,3,"PConc",5,3,1,6,1,1582,"GasA",5,"Y",5,1582,1,0,2,0,3,1,4,8,0,0,"Attchd",3,3,905,3,3,3,209,95,0,0,0,0,0,0,"NA",0,1,2008,"New","Partial",317500,1,1,0,0,0,0,1
"020","RM",5820,"Pave","NA",4,"Lvl",4,"Inside",3,"OldTown","Norm","Norm","1Fam","1Story",3,8,1955,2005,"Gable","CompShg","VinylSd","VinylSd","None",0,3,4,"CBlock",3,3,1,5,1,1162,"GasA",5,"Y",5,1163,1,0,1,0,3,1,3,8,0,0,"Attchd",1,1,220,2,3,3,142,98,0,0,0,0,0,0,"NA",0,7,2006,"WD","Normal",126175,1,1,0,0,0,0,0
"030","RM",3153,"Pave","Grvl",4,"Lvl",4,"Inside",3,"OldTown","Norm","Norm","1Fam","1Story",5,6,1920,1990,"Gable","CompShg","MetalSd","MetalSd","None",0,3,3,"BrkTil",3,3,1,1,1,967,"GasA",4,"Y",5,967,0,0,1,0,2,1,3,8,1,4,"Detchd",1,1,180,2,3,1,0,0,26,0,0,0,0,0,"NA",0,7,2007,"WD","Normal",99900,1,1,1,0,0,1,0
"030","RL",10800,"Pave","Grvl",4,"Lvl",4,"Corner",3,"OldTown","Norm","Norm","1Fam","1Story",3,5,1890,1998,"Gable","CompShg","VinylSd","VinylSd","None",0,3,3,"BrkTil",3,3,1,1,1,630,"GasA",3,"Y",3,725,0,0,1,1,1,1,3,8,0,0,"Detchd",1,1,320,3,3,3,0,30,0,0,0,0,0,0,"NA",0,11,2009,"WD","Normal",78500,1,1,0,0,0,1,0
"120","RL",3782,"Pave","NA",3,"Lvl",4,"CulDSac",3,"Greens","Norm","Norm","TwnhsE","1Story",8,5,1981,1981,"Gable","CompShg","Wd Sdng","Plywood","None",0,4,3,"CBlock",4,3,4,6,1,1226,"GasA",3,"Y",5,1226,1,0,1,0,1,1,4,8,2,3,"Attchd",3,2,484,3,3,3,133,78,0,0,0,0,0,0,"NA",0,9,2009,"WD","Normal",211500,1,1,1,0,0,0,0
"020","RL",6600,"Pave","NA",4,"Lvl",4,"Inside",3,"Mitchel","Norm","Norm","1Fam","1Story",5,6,1982,2005,"Gable","CompShg","HdBoard","Plywood","None",0,3,3,"CBlock",3,3,1,6,1,845,"GasA",4,"Y",5,845,0,0,1,0,3,1,4,8,0,0,"Attchd",1,1,264,3,3,3,0,0,0,0,0,0,0,0,"NA",0,7,2008,"WD","Normal",134500,1,1,0,0,0,0,0
"045","RM",5680,"Pave","Grvl",4,"Lvl",4,"Inside",3,"OldTown","Norm","Norm","1Fam","1.5Fin",5,4,1901,1950,"Gable","CompShg","AsbShng","AsbShng","None",0,3,3,"CBlock",3,3,1,1,1,592,"GasA",3,"N",3,1173,0,0,2,0,3,1,3,8,0,0,"Detchd",1,1,240,3,2,3,0,25,77,0,0,0,0,3,"NA",0,9,2007,"WD","AdjLand",113000,1,1,0,0,1,1,0
"080","RL",7706,"Pave","NA",4,"Lvl",4,"Inside",3,"Mitchel","Norm","Norm","1Fam","SLvl",6,5,1993,1996,"Gable","CompShg","HdBoard","HdBoard","None",0,3,4,"CBlock",4,3,3,3,6,384,"GasA",5,"Y",5,1091,0,1,1,0,2,1,3,8,0,0,"Attchd",3,1,429,3,3,3,280,0,0,0,0,0,0,0,"Shed",700,8,2009,"WD","Normal",131250,1,1,0,0,0,0,0
"020","RL",7785,"Pave","NA",3,"Lvl",4,"Inside",3,"NAmes","Norm","Norm","1Fam","1Story",5,5,1956,1956,"Gable","CompShg","HdBoard","HdBoard","None",0,3,3,"Slab",0,0,0,0,0,0,"GasA",3,"Y",5,1014,0,0,1,0,2,1,3,8,0,0,"Attchd",2,1,267,3,3,3,0,0,40,0,200,0,0,2,"NA",0,3,2008,"WD","Normal",98000,0,1,0,0,1,0,0
"075","RM",9600,"Pave","Grvl",4,"Lvl",4,"Inside",3,"OldTown","Norm","Norm","1Fam","2.5Unf",6,5,1917,1950,"Gable","CompShg","AsbShng","AsbShng","None",0,3,3,"BrkTil",4,3,1,3,1,735,"OthW",2,"N",5,2058,0,0,1,1,3,1,3,8,1,4,"Detchd",1,2,396,2,2,2,0,0,259,0,0,0,0,0,"NA",0,4,2008,"WD","Normal",129500,1,1,1,0,0,1,0
"020","RL",8402,"Pave","NA",4,"Lvl",4,"Inside",3,"Mitchel","Feedr","Norm","1Fam","1Story",5,5,2007,2007,"Gable","CompShg","VinylSd","VinylSd","None",0,3,3,"PConc",4,3,1,5,1,1120,"GasA",5,"Y",5,1120,0,0,1,0,3,1,3,8,0,0,"NA",0,0,0,0,0,3,0,30,0,0,0,0,0,0,"NA",0,12,2007,"New","Partial",147000,1,0,0,0,0,0,0
"020","RL",8556,"Pave","NA",4,"Lvl",4,"Inside",3,"CollgCr","Norm","Norm","1Fam","1Story",7,5,2006,2006,"Gable","CompShg","VinylSd","VinylSd","None",0,4,3,"PConc",4,3,3,1,1,1240,"GasA",5,"Y",5,1240,0,0,2,0,2,1,4,8,0,0,"Attchd",2,3,826,3,3,3,140,93,0,0,0,0,0,0,"NA",0,5,2007,"WD","Normal",194000,1,1,0,0,0,0,0
"070","RL",7200,"Pave","Grvl",4,"Lvl",4,"Inside",3,"OldTown","Norm","Norm","1Fam","2Story",6,8,1915,1950,"Gable","CompShg","MetalSd","MetalSd","None",0,3,5,"CBlock",3,3,1,3,1,663,"GasA",5,"Y",5,1595,0,0,2,0,3,1,3,8,1,4,"Detchd",1,2,528,3,3,3,49,0,231,0,0,0,0,0,"NA",0,4,2006,"WD","Normal",155500,1,1,1,0,0,1,0
"060","RL",12350,"Pave","NA",4,"Lvl",4,"Inside",3,"NridgHt","Norm","Norm","1Fam","2Story",9,5,2009,2009,"Gable","CompShg","VinylSd","VinylSd","None",0,4,3,"PConc",5,3,1,6,1,1365,"GasA",5,"Y",5,2690,1,0,2,1,3,1,5,8,1,4,"Attchd",2,3,864,3,3,3,0,197,0,0,0,0,0,0,"NA",0,7,2009,"New","Partial",398800,1,1,1,0,0,0,0
"060","FV",8125,"Pave","NA",4,"Lvl",4,"Inside",3,"Somerst","Norm","Norm","1Fam","2Story",7,5,2005,2006,"Gable","CompShg","VinylSd","VinylSd","None",0,4,3,"PConc",4,3,1,1,1,756,"GasA",5,"Y",5,1553,0,0,2,1,3,1,4,8,0,0,"Attchd",2,2,615,3,3,3,0,45,0,0,0,0,0,0,"NA",0,3,2006,"New","Partial",186500,1,1,0,0,0,0,0
"120","FV",5330,"Pave","Pave",2,"Lvl",4,"Inside",3,"Somerst","Norm","Norm","TwnhsE","1Story",8,5,2006,2007,"Gable","CompShg","VinylSd","VinylSd","None",0,4,3,"PConc",4,3,1,1,1,1550,"GasA",5,"Y",5,1550,0,0,2,1,2,1,4,8,0,0,"Attchd",3,2,528,3,3,3,0,102,0,0,0,0,0,0,"NA",0,7,2007,"New","Partial",207500,1,1,0,0,0,1,0
"080","RL",10500,"Pave","NA",4,"Lvl",4,"FR2",3,"NAmes","Norm","Norm","1Fam","SLvl",5,7,1971,2005,"Gambrel","CompShg","MetalSd","AsphShn","BrkFace",82,3,3,"CBlock",3,3,3,5,1,372,"GasA",3,"Y",5,1109,0,1,1,0,3,1,3,8,0,0,"BuiltIn",1,1,288,3,3,3,35,0,0,0,0,0,0,2,"NA",0,12,2007,"WD","Normal",139000,1,1,0,0,1,0,1
"160","RM",1484,"Pave","NA",4,"Lvl",4,"Inside",3,"MeadowV","Norm","Norm","TwnhsE","2Story",4,4,1972,1972,"Gable","CompShg","CemntBd","CmentBd","None",0,3,3,"CBlock",3,3,1,3,1,546,"GasA",3,"Y",5,1092,0,0,1,1,3,1,3,8,0,0,"Attchd",1,1,253,3,2,3,0,0,0,0,0,0,0,0,"NA",0,5,2006,"WD","Normal",79400,1,1,0,0,0,0,0
"020","RL",25485,"Pave","NA",3,"Lvl",4,"CulDSac",3,"Crawfor","Norm","Norm","1Fam","1Story",6,4,1960,1960,"Gable","CompShg","Wd Sdng","MetalSd","BrkFace",423,3,2,"CBlock",3,4,2,2,3,1560,"GasA",3,"Y",5,1560,0,0,1,1,3,1,3,8,3,3,"Attchd",2,2,580,3,3,3,0,75,584,0,0,0,0,0,"NA",0,5,2007,"WD","Normal",201000,1,1,1,0,0,0,1
"020","RL",10140,"Pave","NA",4,"Lvl",4,"Inside",3,"NWAmes","Norm","Norm","1Fam","1Story",5,6,1975,1975,"Gable","CompShg","HdBoard","HdBoard","None",0,3,3,"CBlock",4,3,1,5,1,1056,"GasA",5,"Y",5,1074,1,0,1,1,3,1,3,8,0,0,"Attchd",2,2,495,3,3,3,0,88,0,0,0,0,0,3,"NA",0,7,2006,"WD","Normal",153500,1,1,0,0,1,0,0
"050","RL",14190,"Pave","NA",4,"Lvl",4,"Inside",3,"OldTown","Artery","Norm","1Fam","1.5Fin",4,7,1890,2006,"Gable","CompShg","VinylSd","VinylSd","None",0,4,4,"CBlock",2,3,1,1,1,925,"GasA",4,"Y",5,1544,0,0,2,0,3,1,3,8,0,0,"NA",0,0,0,0,0,1,231,0,0,0,0,0,0,0,"NA",0,4,2007,"WD","Normal",138000,1,0,0,0,0,0,0
"050","RM",7000,"Pave","NA",4,"Lvl",4,"Corner",3,"IDOTRR","Norm","Norm","1Fam","1.5Fin",6,7,1940,1950,"Gable","CompShg","Wd Sdng","Wd Sdng","None",0,3,3,"BrkTil",3,3,1,5,1,720,"GasA",4,"Y",3,1215,0,0,1,0,3,1,4,8,0,0,"Detchd",3,2,720,3,3,3,0,0,30,0,0,0,0,3,"NA",0,5,2007,"WD","Normal",141000,1,1,0,0,1,0,0
"070","RL",10918,"Pave","NA",4,"Lvl",4,"Inside",3,"Crawfor","Norm","Norm","1Fam","2Story",7,9,1926,2004,"Gambrel","CompShg","MetalSd","MetalSd","None",0,4,3,"BrkTil",4,3,1,1,1,1276,"GasA",5,"Y",5,2080,0,0,1,1,3,1,4,8,2,4,"Detchd",1,1,282,3,3,3,0,0,0,0,145,0,0,3,"NA",0,6,2009,"WD","Normal",234000,1,1,1,0,1,0,0
"020","RL",21750,"Pave","NA",4,"HLS",4,"Inside",2,"Mitchel","Artery","Norm","1Fam","1Story",5,5,1954,1954,"Hip","CompShg","HdBoard","HdBoard","None",0,3,3,"CBlock",3,3,1,1,1,988,"GasA",5,"Y",3,988,0,0,1,0,2,1,3,8,0,0,"Attchd",2,2,520,3,3,1,0,0,0,0,0,0,0,0,"NA",0,2,2008,"WD","Normal",113000,1,1,0,0,0,0,0
"070","RL",12000,"Pave","NA",4,"Bnk",4,"Inside",3,"Crawfor","Norm","Norm","1Fam","2Story",7,7,1941,1950,"Gable","CompShg","MetalSd","MetalSd","None",0,3,3,"CBlock",3,3,1,3,1,704,"GasA",5,"Y",5,1564,0,0,1,1,3,1,2,8,1,4,"Attchd",1,1,234,3,3,3,0,0,0,0,0,0,0,0,"NA",0,7,2009,"WD","Normal",174500,1,1,1,0,0,0,0
"160","RM",1680,"Pave","NA",4,"Lvl",4,"Inside",3,"BrDale","Norm","Norm","Twnhs","2Story",6,6,1972,1972,"Gable","CompShg","HdBoard","HdBoard","BrkFace",425,3,3,"CBlock",3,3,1,3,2,483,"GasA",3,"Y",5,987,1,0,1,1,2,1,3,8,0,0,"Detchd",1,1,288,3,3,3,0,0,0,0,0,0,0,0,"NA",0,7,2009,"WD","Normal",97000,1,1,0,0,0,0,1
"020","RL",15602,"Pave","NA",3,"Lvl",4,"Inside",3,"Crawfor","Norm","Norm","1Fam","1Story",7,8,1959,1997,"Gable","CompShg","BrkFace","Wd Sdng","None",0,3,3,"CBlock",3,3,1,5,1,1501,"GasA",3,"Y",5,1801,1,0,2,0,1,1,3,8,2,3,"Attchd",3,2,484,3,3,3,0,54,0,0,161,0,0,2,"NA",0,3,2010,"WD","Normal",289000,1,1,1,0,1,0,0
"020","RL",12444,"Pave","NA",4,"Lvl",4,"FR2",3,"NridgHt","Norm","Norm","1Fam","1Story",8,5,2008,2008,"Hip","CompShg","VinylSd","VinylSd","Stone",426,5,3,"PConc",5,3,3,6,1,1932,"GasA",5,"Y",5,1932,1,0,2,0,2,1,5,8,1,4,"Attchd",3,3,774,3,3,3,0,66,0,304,0,0,0,0,"NA",0,11,2008,"New","Partial",394617,1,1,1,0,0,0,1
"020","RL",7801,"Pave","NA",3,"Lvl",4,"Corner",3,"Crawfor","Feedr","Norm","1Fam","1Story",6,5,1951,1951,"Hip","CompShg","WdShing","Plywood","BrkFace",88,3,2,"PConc",3,3,1,3,1,1091,"GasA",2,"N",3,1091,0,1,1,0,2,1,3,8,1,3,"Attchd",3,1,344,3,3,3,66,105,0,0,221,0,0,3,"NA",0,5,2008,"WD","Normal",104000,1,1,1,0,1,0,1
"070","RH",6629,"Pave","NA",4,"Lvl",4,"Inside",3,"Edwards","Artery","Norm","1Fam","2Story",6,6,1925,1950,"Gambrel","CompShg","Wd Sdng","Wd Sdng","None",0,3,4,"BrkTil",3,3,1,4,1,672,"GasA",3,"N",5,1369,1,0,2,0,3,1,3,8,0,0,"Detchd",1,1,300,3,3,3,147,0,0,0,0,0,0,0,"NA",0,7,2009,"WD","Normal",103600,1,1,0,0,0,0,0
"050","RM",6000,"Pave","NA",4,"Lvl",4,"Inside",3,"BrkSide","Norm","Norm","1Fam","1.5Fin",6,7,1937,2000,"Gable","CompShg","Wd Sdng","Wd Sdng","None",0,3,4,"BrkTil",3,3,1,3,2,825,"GasA",5,"Y",5,1497,0,0,2,0,3,1,3,8,0,0,"Detchd",1,1,672,3,3,3,272,0,0,0,0,0,0,4,"NA",0,5,2008,"WD","Normal",157000,1,1,0,0,1,0,0
"060","RL",10927,"Pave","NA",4,"Lvl",4,"Inside",3,"NridgHt","Norm","Norm","1Fam","2Story",8,5,2005,2005,"Gable","CompShg","VinylSd","VinylSd","BrkFace",280,4,3,"PConc",4,3,3,6,1,1058,"GasA",5,"Y",5,1904,1,0,2,1,3,1,5,8,1,4,"BuiltIn",3,2,736,3,3,3,179,60,0,0,0,0,0,0,"NA",0,6,2006,"WD","Normal",275000,1,1,1,0,0,0,1
"020","RL",9116,"Pave","NA",4,"Lvl",4,"Corner",3,"Mitchel","Norm","Norm","1Fam","1Story",8,5,2001,2001,"Hip","CompShg","VinylSd","VinylSd","None",0,4,3,"PConc",5,3,1,1,1,1491,"GasA",5,"Y",5,1491,0,0,2,0,3,1,4,8,0,0,"Attchd",2,2,490,3,3,3,120,100,0,0,0,0,0,0,"NA",0,5,2006,"WD","Normal",209000,1,1,0,0,0,0,0
"030","RL",10800,"Pave","Grvl",4,"Lvl",4,"Inside",3,"OldTown","Norm","Norm","1Fam","1Story",4,6,1927,2007,"Gable","CompShg","Wd Sdng","Wd Sdng","None",0,3,3,"BrkTil",3,3,1,1,1,656,"GasA",3,"Y",5,968,0,0,2,0,4,1,3,8,0,0,"Detchd",1,1,216,2,2,3,0,0,0,0,0,0,0,0,"NA",0,8,2007,"WD","Normal",64500,1,1,0,0,0,1,0
"020","RL",13070,"Pave","NA",4,"Lvl",4,"Corner",3,"NAmes","Norm","Norm","1Fam","1Story",5,5,1951,1951,"Hip","CompShg","MetalSd","MetalSd","None",0,3,3,"CBlock",3,3,1,3,1,631,"GasA",3,"Y",3,1112,0,0,1,0,2,1,3,8,0,0,"Basment",1,2,480,3,3,3,0,0,0,0,255,0,0,0,"NA",0,10,2009,"WD","Normal",126000,1,1,0,0,0,0,0
"020","RL",8300,"Pave","NA",3,"Lvl",4,"Inside",3,"NAmes","Norm","Norm","1Fam","1Story",6,6,1968,1968,"Gable","CompShg","Wd Sdng","Wd Sdng","BrkFace",86,3,3,"CBlock",3,3,2,3,1,952,"GasA",4,"Y",5,952,1,0,1,0,3,1,3,8,0,0,"Attchd",1,1,288,3,3,3,0,0,0,0,0,0,0,0,"NA",0,8,2007,"WD","Normal",128500,1,1,0,0,0,0,1
"020","RL",6600,"Pave","NA",4,"Lvl",4,"Inside",3,"NAmes","PosN","Norm","1Fam","1Story",5,5,1962,1962,"Hip","CompShg","MetalSd","MetalSd","None",0,3,3,"CBlock",3,3,1,1,1,894,"GasA",4,"N",5,894,0,0,1,0,2,1,3,8,0,0,"Detchd",1,1,308,3,3,3,0,0,0,0,0,0,0,0,"NA",0,8,2009,"WD","Normal",109500,1,1,0,0,0,0,0
"050","RM",5000,"Pave","NA",4,"Lvl",4,"Corner",3,"OldTown","Norm","Norm","1Fam","1.5Fin",5,4,1900,1950,"Gable","CompShg","Wd Sdng","Wd Sdng","None",0,3,3,"BrkTil",3,3,1,1,1,540,"GasA",4,"N",3,1440,0,0,1,0,3,1,3,8,0,0,"Attchd",1,1,352,2,3,3,0,0,77,0,0,0,0,0,"NA",0,4,2006,"WD","Normal",79000,1,1,0,0,0,0,0
"020","RL",9750,"Pave","NA",4,"Lvl",4,"Inside",3,"NAmes","Norm","Norm","1Fam","1Story",6,6,1958,1958,"Gable","CompShg","MetalSd","MetalSd","BrkFace",243,3,3,"CBlock",3,3,1,3,1,1442,"GasA",4,"Y",5,1442,0,0,1,1,4,1,3,8,0,0,"Attchd",2,1,301,3,3,3,0,0,275,0,0,0,0,0,"Shed",500,4,2007,"COD","Normal",157900,1,1,0,0,0,0,1
"020","RL",7635,"Pave","NA",3,"Lvl",4,"Corner",3,"NAmes","Norm","Norm","1Fam","1Story",5,6,1960,1960,"Gable","CompShg","BrkFace","Wd Sdng","None",0,3,3,"CBlock",3,3,1,3,2,1175,"GasA",5,"Y",5,1175,0,0,1,1,3,1,3,8,0,0,"Detchd",2,2,484,3,3,3,0,0,0,0,0,0,0,0,"NA",0,6,2010,"WD","Normal",148000,1,1,0,0,0,0,0
"060","RL",8702,"Pave","NA",3,"Lvl",4,"Inside",3,"Gilbert","Norm","Norm","1Fam","2Story",6,5,1997,1998,"Gable","CompShg","VinylSd","VinylSd","None",0,3,3,"PConc",3,3,1,4,1,926,"GasA",5,"Y",5,1604,0,0,2,1,3,1,3,8,1,3,"Attchd",3,2,470,3,3,3,0,36,0,0,0,0,0,0,"NA",0,4,2008,"WD","Normal",187500,1,1,1,0,0,0,0
"160","RL",2308,"Pave","NA",4,"Lvl",4,"FR2",3,"NPkVill","Norm","Norm","TwnhsE","2Story",6,6,1975,1975,"Gable","CompShg","Plywood","Brk Cmn","None",0,3,3,"CBlock",4,3,1,5,2,855,"GasA",4,"Y",5,1456,0,0,2,1,4,1,3,8,0,0,"Attchd",2,2,460,3,3,3,0,0,0,0,0,0,0,0,"NA",0,5,2008,"WD","Normal",143000,1,1,0,0,0,0,0
"070","RM",9900,"Pave","NA",4,"Lvl",4,"Corner",3,"OldTown","Norm","Norm","1Fam","2Story",5,8,1910,2002,"Gable","CompShg","VinylSd","VinylSd","None",0,4,3,"CBlock",3,3,1,1,1,504,"GasA",5,"Y",5,1464,0,0,2,0,3,1,3,8,0,0,"NA",0,0,0,0,0,1,0,0,176,0,0,0,0,0,"NA",0,3,2009,"WD","Normal",129000,1,0,0,0,0,0,0
"050","RL",8050,"Pave","NA",4,"Lvl",4,"Inside",3,"Edwards","Norm","Norm","1Fam","1.5Fin",5,8,1947,1993,"Gable","CompShg","MetalSd","MetalSd","None",0,3,4,"Slab",0,0,0,0,0,0,"GasA",4,"Y",5,1137,0,0,1,1,4,1,3,7,0,0,"NA",0,0,0,0,0,3,0,0,0,0,0,0,0,0,"NA",0,4,2008,"WD","Normal",96000,0,0,0,0,0,0,0
"160","RM",2522,"Pave","NA",4,"Lvl",4,"Inside",3,"Edwards","Norm","Norm","Twnhs","2Story",6,5,2004,2006,"Gable","CompShg","VinylSd","VinylSd","Stone",50,4,3,"PConc",4,3,1,1,1,970,"GasA",5,"Y",5,1709,0,0,2,0,3,1,4,4,0,0,"Detchd",1,2,380,3,3,3,0,40,0,0,0,0,0,0,"NA",0,4,2006,"WD","Normal",130000,1,1,0,0,0,0,1
"020","RL",5400,"Pave","NA",4,"Lvl",4,"Inside",3,"OldTown","Norm","Norm","1Fam","1Story",5,7,1954,2000,"Gable","CompShg","MetalSd","MetalSd","None",0,3,4,"CBlock",3,3,1,3,1,833,"GasA",5,"Y",5,833,0,0,1,0,2,1,4,8,0,0,"Detchd",1,1,326,3,3,3,0,0,0,0,0,0,0,3,"NA",0,8,2006,"WD","Normal",117000,1,1,0,0,1,0,0
"060","RL",11002,"Pave","NA",3,"Lvl",4,"Inside",3,"NoRidge","Norm","Norm","1Fam","2Story",8,5,1998,1999,"Gable","CompShg","VinylSd","VinylSd","None",0,4,3,"PConc",4,3,1,6,1,1389,"GasA",5,"Y",5,2582,1,0,2,1,4,1,4,8,1,3,"Attchd",3,3,758,3,3,3,286,60,0,0,0,0,0,0,"NA",0,1,2007,"WD","Normal",322500,1,1,1,0,0,0,0
"085","RL",6760,"Pave","NA",4,"Lvl",4,"Inside",3,"NAmes","Norm","Norm","1Fam","SFoyer",5,5,1962,1962,"Gable","CompShg","HdBoard","HdBoard","None",0,3,3,"CBlock",3,3,3,5,1,896,"GasA",3,"Y",5,936,1,0,1,0,3,1,3,8,1,1,"Attchd",2,1,288,3,3,3,24,90,160,0,0,0,0,0,"NA",0,10,2007,"WD","Normal",130000,1,1,1,0,0,0,0
"020","RL",9316,"Pave","NA",4,"Lvl",4,"Inside",3,"CollgCr","Norm","Norm","1Fam","1Story",7,5,2005,2005,"Gable","CompShg","VinylSd","VinylSd","BrkFace",140,4,3,"PConc",4,3,4,6,1,1614,"GasA",5,"Y",5,1614,0,0,2,0,3,1,4,8,1,4,"Attchd",3,2,576,3,3,3,100,45,0,0,0,0,0,0,"NA",0,3,2006,"WD","Normal",225000,1,1,1,0,0,0,1
"020","RL",26073,"Pave","NA",3,"Lvl",4,"CulDSac",3,"Crawfor","Norm","Norm","1Fam","1Story",5,5,1956,1956,"Gable","CompShg","BrkFace","MetalSd","None",0,3,3,"PConc",3,3,1,3,1,1898,"GasA",5,"Y",3,1898,0,0,2,1,3,1,3,8,2,3,"Attchd",1,2,484,3,3,3,0,51,224,0,0,0,0,3,"NA",0,4,2008,"WD","Normal",236500,1,1,1,0,1,0,0
"050","RL",10410,"Pave","Grvl",4,"Lvl",4,"Inside",3,"OldTown","Norm","Norm","1Fam","1.5Fin",4,5,1915,1950,"Gable","CompShg","MetalSd","MetalSd","None",0,3,3,"BrkTil",3,3,1,1,1,1313,"GasA",3,"Y",5,2377,0,0,2,0,3,1,4,6,1,3,"Detchd",1,2,528,3,3,3,0,0,432,0,0,0,0,0,"NA",0,6,2009,"WD","Normal",142900,1,1,1,0,0,1,0
"020","RL",13758,"Pave","NA",3,"Lvl",4,"Inside",3,"NridgHt","Norm","Norm","1Fam","1Story",9,5,2005,2006,"Gable","CompShg","VinylSd","VinylSd","BrkFace",430,5,3,"PConc",5,3,4,6,1,1792,"GasA",5,"Y",5,1792,1,0,2,0,2,1,4,8,1,4,"Attchd",2,3,925,3,3,3,204,49,0,0,0,0,0,0,"NA",0,3,2006,"New","Partial",372397,1,1,1,0,0,0,1
"020","RL",10991,"Pave","NA",3,"HLS",4,"Inside",3,"Timber","Norm","Norm","1Fam","1Story",8,5,2007,2007,"Gable","CompShg","VinylSd","VinylSd","BrkFace",80,4,3,"PConc",4,3,4,1,1,1571,"GasA",5,"Y",5,1571,0,0,2,0,3,1,4,8,1,4,"Attchd",3,3,722,3,3,3,100,36,0,0,0,0,0,0,"NA",0,12,2007,"New","Partial",239000,1,1,1,0,0,0,1
"060","RL",9765,"Pave","NA",2,"Lvl",4,"Corner",3,"Gilbert","Norm","Norm","1Fam","2Story",6,8,1993,1993,"Gable","CompShg","VinylSd","VinylSd","BrkFace",68,5,4,"PConc",4,4,1,5,1,680,"GasA",4,"Y",5,1470,0,0,2,1,3,1,3,8,1,3,"BuiltIn",3,2,420,3,3,3,232,63,0,0,0,0,0,0,"Shed",480,4,2009,"WD","Normal",185000,1,1,1,0,0,0,1
"030","RM",7200,"Pave","NA",4,"Lvl",4,"Corner",3,"IDOTRR","Norm","Norm","1Fam","1Story",6,7,1925,1992,"Gable","CompShg","VinylSd","VinylSd","None",0,3,3,"CBlock",3,3,1,1,1,1040,"GasA",4,"Y",5,1040,0,0,1,0,2,1,3,8,0,0,"Detchd",1,2,320,3,3,3,0,132,0,0,0,0,0,0,"NA",0,7,2008,"WD","Normal",127500,1,1,0,0,0,0,0
"020","RL",8076,"Pave","NA",3,"Lvl",4,"Inside",3,"Gilbert","Norm","Norm","1Fam","1Story",6,6,1993,1994,"Gable","CompShg","HdBoard","HdBoard","BrkFace",112,3,3,"PConc",4,3,1,6,1,1160,"GasA",4,"Y",5,1169,0,1,2,0,3,1,3,8,1,3,"Attchd",3,2,402,3,3,3,0,26,0,0,144,0,0,3,"NA",0,7,2006,"WD","Normal",183500,1,1,1,0,1,0,1
"050","RL",7506,"Pave","NA",4,"Lvl",4,"Corner",3,"OldTown","Norm","Norm","1Fam","1.5Fin",5,8,1925,1950,"Gable","CompShg","VinylSd","VinylSd","None",0,3,4,"PConc",3,3,1,1,1,747,"GasA",3,"Y",5,1159,0,0,1,0,3,1,3,8,0,0,"Detchd",1,1,288,2,3,1,84,0,96,0,0,0,0,0,"NA",0,5,2008,"WD","Normal",114000,1,1,0,0,0,0,0
"050","RL",10759,"Pave","NA",4,"Lvl",4,"Corner",3,"Sawyer","Feedr","Norm","1Fam","1.5Fin",5,4,1972,1972,"Gable","CompShg","HdBoard","HdBoard","None",0,3,4,"CBlock",4,3,1,2,5,1001,"GasA",3,"Y",5,1641,0,0,2,0,4,1,3,8,1,4,"Detchd",1,2,490,3,3,3,0,0,92,0,0,0,0,4,"NA",0,7,2008,"WD","Normal",140000,1,1,1,0,1,0,0
"020","RL",14587,"Pave","NA",3,"Lvl",4,"Inside",3,"Somerst","Norm","Norm","1Fam","1Story",9,5,2008,2008,"Gable","CompShg","VinylSd","VinylSd","Stone",284,4,3,"PConc",4,3,1,1,1,1498,"GasA",5,"Y",5,1506,0,0,2,0,2,1,5,8,1,4,"Attchd",3,2,592,3,3,3,0,174,0,0,0,0,0,0,"NA",0,8,2008,"New","Partial",264132,1,1,1,0,0,0,1
"030","RL",6615,"Pave","NA",4,"Lvl",4,"Inside",3,"BrkSide","Norm","Norm","1Fam","1Story",6,6,1923,1950,"Gable","CompShg","MetalSd","MetalSd","None",0,3,3,"BrkTil",3,3,1,1,1,1022,"GasA",3,"N",3,1432,0,0,1,0,3,1,4,8,1,4,"BuiltIn",1,1,216,2,3,3,266,61,0,0,0,0,0,2,"NA",0,9,2009,"WD","Normal",149000,1,1,1,0,1,0,0
"020","RL",14803,"Pave","NA",4,"Lvl",4,"Inside",3,"NridgHt","PosN","PosN","1Fam","1Story",10,5,2007,2008,"Hip","CompShg","CemntBd","CmentBd","BrkFace",816,5,3,"PConc",5,3,3,6,1,2078,"GasA",5,"Y",5,2084,1,0,2,0,2,1,5,8,1,4,"Attchd",3,3,1220,3,3,3,188,45,0,0,0,0,0,0,"NA",0,6,2008,"New","Partial",385000,1,1,1,0,0,0,1
"020","RL",8281,"Pave","NA",3,"Lvl",4,"Inside",3,"Sawyer","Norm","Norm","1Fam","1Story",5,5,1965,1965,"Gable","CompShg","MetalSd","MetalSd","None",0,3,3,"CBlock",3,3,1,3,4,864,"GasA",4,"Y",5,864,0,0,1,0,3,1,3,8,1,1,"Detchd",1,1,360,3,3,3,0,0,236,0,0,0,0,2,"NA",0,12,2009,"WD","Normal",62383,1,1,1,0,1,0,0
"050","RL",8400,"Pave","NA",4,"Bnk",4,"Inside",3,"SWISU","Norm","Norm","1Fam","1.5Fin",6,5,1940,2000,"Gable","CompShg","Wd Sdng","MetalSd","None",0,3,3,"CBlock",3,3,1,2,1,940,"GasA",5,"Y",5,1595,0,0,1,0,2,1,3,8,2,4,"Attchd",1,1,240,3,3,3,0,0,108,0,0,0,0,0,"NA",0,6,2006,"WD","Normal",140000,1,1,1,0,0,0,0
"070","RM",10800,"Pave","NA",4,"Lvl",4,"Inside",3,"OldTown","Norm","Norm","1Fam","2Story",7,7,1890,1999,"Gable","CompShg","Wd Sdng","Wd Shng","None",0,3,3,"BrkTil",3,3,2,1,1,1313,"GasW",4,"Y",5,2495,0,0,2,0,5,1,3,8,1,4,"Detchd",1,2,342,3,2,3,0,299,0,0,0,0,0,0,"NA",0,12,2008,"WD","Normal",184000,1,1,1,0,0,0,0
"020","FV",7200,"Pave","Pave",4,"Lvl",4,"Inside",3,"Somerst","Norm","Norm","1Fam","1Story",7,5,2006,2006,"Gable","CompShg","VinylSd","VinylSd","None",0,4,3,"PConc",4,4,1,1,1,1293,"GasA",5,"Y",5,1301,1,0,2,0,2,1,4,8,1,4,"Attchd",2,2,572,3,3,3,216,121,0,0,0,0,0,0,"NA",0,8,2006,"New","Partial",187750,1,1,1,0,0,1,0
"160","FV",3215,"Pave","Pave",4,"Lvl",4,"Inside",3,"Somerst","Norm","Norm","TwnhsE","2Story",7,5,2004,2004,"Gable","CompShg","MetalSd","MetalSd","BrkFace",120,4,3,"PConc",4,3,3,6,1,600,"GasA",5,"Y",5,1200,0,0,2,1,2,1,4,8,0,0,"Detchd",2,2,480,3,3,3,0,172,0,0,0,0,0,0,"NA",0,4,2010,"ConLD","Normal",155000,1,1,0,0,0,1,1
"080","RL",9750,"Pave","NA",4,"Lvl",4,"Inside",3,"NAmes","Norm","Norm","1Fam","SLvl",5,5,1967,1967,"Gable","CompShg","VinylSd","VinylSd","None",0,3,3,"PConc",3,3,3,5,3,980,"GasA",4,"Y",5,980,0,0,2,0,3,1,3,8,0,0,"Attchd",3,1,384,3,3,3,68,0,0,0,0,0,0,0,"NA",0,10,2006,"WD","Normal",135500,1,1,0,0,0,0,0
"020","RL",14137,"Pave","NA",3,"Lvl",4,"Inside",3,"Gilbert","Norm","Norm","1Fam","1Story",5,5,1996,1997,"Gable","CompShg","HdBoard","HdBoard","None",0,4,3,"PConc",4,3,1,6,1,1348,"GasA",4,"Y",5,1384,1,0,2,0,3,1,4,8,0,0,"Attchd",1,2,404,3,3,3,0,39,0,0,0,0,0,0,"NA",0,11,2008,"WD","Normal",177900,1,1,0,0,0,0,0
"120","FV",3784,"Pave","Pave",3,"Lvl",4,"Inside",3,"Somerst","Norm","Norm","TwnhsE","1Story",8,5,2006,2007,"Gable","CompShg","VinylSd","VinylSd","Stone",36,4,3,"PConc",4,3,1,6,1,1511,"GasA",5,"Y",5,1565,1,0,2,0,2,1,4,8,0,0,"Attchd",3,2,476,3,3,3,0,120,0,0,0,0,0,0,"NA",0,2,2007,"New","Partial",193800,1,1,0,0,0,1,1
"020","RL",7514,"Pave","NA",4,"Lvl",4,"Inside",3,"NAmes","Norm","Norm","1Fam","1Story",5,7,1967,1975,"Hip","CompShg","MetalSd","MetalSd","None",0,3,3,"CBlock",3,3,2,5,3,943,"GasA",3,"Y",5,1387,1,0,1,0,3,1,3,8,1,3,"Attchd",2,1,300,3,3,3,0,0,240,0,0,0,0,0,"NA",0,9,2006,"WD","Normal",145000,1,1,1,0,0,0,0
"060","RL",9045,"Pave","NA",3,"Lvl",4,"Inside",3,"CollgCr","Norm","Norm","1Fam","2Story",5,5,2005,2005,"Gable","CompShg","VinylSd","VinylSd","None",0,4,3,"PConc",4,3,2,1,1,768,"GasA",5,"Y",5,1536,0,0,2,1,3,1,4,8,0,0,"Attchd",3,2,400,3,3,3,0,40,0,0,0,0,0,0,"NA",0,6,2007,"WD","Normal",167000,1,1,0,0,0,0,0
"120","FV",3628,"Pave","Pave",4,"Lvl",4,"Inside",3,"Somerst","Norm","Norm","TwnhsE","1Story",7,5,2004,2004,"Gable","CompShg","MetalSd","MetalSd","None",0,4,3,"PConc",4,3,1,1,1,1143,"GasA",5,"Y",5,1143,0,0,1,1,1,1,4,8,1,4,"Attchd",2,2,588,3,3,3,0,191,0,0,0,0,0,0,"NA",0,5,2006,"WD","Normal",176400,1,1,1,0,0,1,0
"020","RL",12090,"Pave","NA",3,"Lvl",4,"Inside",3,"NWAmes","Norm","Norm","1Fam","1Story",6,6,1981,1981,"Gable","CompShg","MetalSd","MetalSd","BrkFace",210,3,4,"CBlock",4,3,1,6,2,1422,"GasA",3,"Y",5,1422,0,0,2,0,3,1,4,8,1,3,"Attchd",3,2,576,3,3,3,276,0,0,0,0,0,0,4,"NA",0,6,2008,"WD","Normal",175500,1,1,1,0,1,0,1
"030","RM",3880,"Pave","NA",4,"Lvl",4,"Inside",3,"OldTown","Norm","Norm","1Fam","1Story",5,9,1945,1997,"Gable","CompShg","VinylSd","VinylSd","None",0,3,4,"CBlock",3,3,1,5,1,686,"GasA",4,"Y",5,866,0,0,1,0,2,1,4,8,0,0,"NA",0,0,0,0,0,3,58,42,0,0,0,0,0,0,"NA",0,8,2007,"WD","Normal",110500,1,0,0,0,0,0,0
"060","RL",46589,"Pave","NA",2,"Lvl",4,"CulDSac",3,"NoRidge","Norm","Norm","1Fam","2Story",8,7,1994,2005,"Hip","CompShg","VinylSd","VinylSd","BrkFace",528,4,3,"PConc",4,4,1,6,3,1629,"GasA",5,"Y",5,2448,1,0,2,1,4,1,4,8,1,3,"Attchd",2,3,711,3,3,3,517,76,0,0,0,0,0,0,"NA",0,7,2009,"WD","Normal",402000,1,1,1,0,0,0,1
"020","RL",13125,"Pave","NA",4,"Lvl",4,"Inside",2,"CollgCr","Norm","Norm","1Fam","1Story",6,5,1997,1998,"Gable","CompShg","VinylSd","VinylSd","BrkFace",215,3,3,"PConc",4,3,4,6,1,1478,"GasA",5,"Y",5,1493,1,0,2,0,3,1,4,8,1,3,"Attchd",3,2,508,3,3,3,140,39,0,0,0,0,0,0,"NA",0,4,2008,"WD","Normal",208900,1,1,1,0,0,0,1
"020","RL",8777,"Pave","NA",4,"Lvl",4,"Inside",3,"Edwards","Feedr","Norm","1Fam","1Story",4,5,1949,2003,"Gable","CompShg","VinylSd","VinylSd","None",0,3,3,"CBlock",0,0,0,0,0,0,"GasA",5,"Y",5,1126,0,0,2,0,2,1,4,8,0,0,"Detchd",3,2,520,3,3,1,0,96,0,0,0,0,0,3,"NA",0,5,2009,"WD","Normal",108000,0,1,0,0,1,0,0
"050","RM",6240,"Pave","NA",4,"Lvl",4,"Inside",3,"BrkSide","Norm","Norm","1Fam","1.5Fin",5,7,1930,1992,"Gable","CompShg","MetalSd","MetalSd","None",0,3,3,"PConc",3,3,1,1,1,1078,"GasA",3,"Y",5,1573,0,0,2,0,3,1,3,8,1,4,"Detchd",1,2,360,3,3,2,0,0,0,0,0,0,0,0,"NA",0,6,2008,"WD","Normal",162900,1,1,1,0,0,0,0
"085","RL",10012,"Pave","NA",4,"Lvl",4,"Inside",3,"Edwards","Norm","Norm","1Fam","SFoyer",4,5,1972,1972,"Gable","CompShg","Plywood","Plywood","None",0,3,3,"CBlock",4,3,3,4,3,1138,"GasA",3,"Y",5,1181,1,0,2,0,3,1,3,8,0,0,"Detchd",2,2,588,3,3,3,0,0,180,0,0,0,0,3,"NA",0,4,2008,"WD","Normal",137500,1,1,0,0,1,0,0
"085","RL",7244,"Pave","NA",4,"Lvl",4,"Inside",3,"Mitchel","Norm","Norm","1Fam","SFoyer",5,7,1970,1970,"Gable","CompShg","VinylSd","VinylSd","None",0,3,4,"CBlock",4,3,3,5,1,768,"GasA",5,"Y",5,768,1,0,1,0,2,1,3,8,0,0,"Detchd",1,2,624,3,3,3,104,0,0,0,0,0,0,0,"NA",0,4,2007,"WD","Normal",129500,1,1,0,0,0,0,0
"160","RM",2665,"Pave","NA",4,"Lvl",4,"Inside",3,"MeadowV","Norm","Norm","TwnhsE","2Story",5,6,1977,1977,"Gable","CompShg","CemntBd","CmentBd","None",0,3,3,"PConc",4,3,2,1,1,264,"GasA",3,"Y",5,1304,0,0,1,1,3,1,3,8,1,3,"BuiltIn",2,1,336,3,3,3,141,0,0,0,0,0,0,0,"NA",0,5,2006,"WD","Normal",104500,1,1,1,0,0,0,0
"085","RL",9129,"Pave","NA",4,"Lvl",4,"Inside",3,"Mitchel","Norm","Norm","1Fam","SFoyer",5,5,1977,1977,"Gable","CompShg","Plywood","Plywood","BrkFace",144,3,3,"PConc",4,3,3,6,1,923,"GasA",3,"Y",5,1008,1,0,1,0,1,1,4,8,1,2,"Attchd",3,2,678,3,3,3,201,66,0,0,0,0,0,3,"NA",0,7,2007,"WD","Normal",153500,1,1,1,0,1,0,1
"090","RL",7018,"Pave","NA",4,"Bnk",4,"Inside",3,"SawyerW","Feedr","Norm","Duplex","SFoyer",5,5,1979,1979,"Gable","CompShg","Plywood","Plywood","Stone",275,3,3,"CBlock",4,3,3,6,1,1086,"GasA",3,"Y",5,1224,2,0,0,2,2,2,3,8,2,3,"Detchd",1,2,528,3,3,3,120,0,0,0,0,0,0,0,"NA",0,6,2009,"WD","Alloca",153337,1,1,1,0,0,0,1
"020","RL",11200,"Pave","NA",4,"Lvl",4,"Inside",3,"Sawyer","Norm","Norm","1Fam","1Story",5,5,1965,1965,"Hip","CompShg","HdBoard","HdBoard","None",0,3,3,"CBlock",3,3,1,3,1,1040,"GasA",5,"Y",5,1040,1,0,1,0,3,1,3,8,0,0,"Detchd",1,1,384,3,3,3,0,0,0,0,0,0,0,0,"NA",0,2,2008,"WD","Normal",129500,1,1,0,0,0,0,0
"050","RM",11426,"Pave","NA",4,"Lvl",4,"Inside",3,"OldTown","Norm","Norm","1Fam","1.5Fin",7,5,2003,2003,"Gable","CompShg","VinylSd","VinylSd","None",0,3,3,"PConc",4,3,1,1,1,1362,"GasA",5,"Y",5,2082,0,0,2,1,3,1,4,5,0,0,"Detchd",1,2,484,3,3,1,280,238,0,0,0,0,0,0,"NA",0,6,2008,"WD","Normal",2e+05,1,1,0,0,0,0,0
"090","RL",10926,"Pave","NA",4,"Lvl",4,"Inside",3,"Edwards","Norm","Norm","Duplex","1Story",5,5,1959,1959,"Hip","CompShg","VinylSd","VinylSd","BrkFace",74,3,3,"CBlock",3,3,1,1,1,1678,"GasA",3,"Y",5,1678,0,0,2,0,6,2,3,8,0,0,"NA",0,0,0,0,0,3,0,0,0,0,0,0,0,0,"NA",0,8,2009,"WD","Normal",119900,1,0,0,0,0,0,1
"030","RL",7290,"Pave","NA",4,"Lvl",4,"Corner",3,"SWISU","Norm","Norm","1Fam","1Story",7,8,1921,1950,"Gable","CompShg","WdShing","Wd Shng","BrkFace",174,3,3,"BrkTil",3,3,1,1,1,1228,"GasA",5,"Y",5,1424,0,0,2,0,2,1,3,8,1,4,"Attchd",1,1,312,3,3,3,0,0,90,0,0,0,0,0,"NA",0,4,2008,"WD","Normal",168000,1,1,1,0,0,0,1
"050","RL",10134,"Pave","NA",4,"Lvl",4,"Inside",3,"OldTown","Norm","Norm","1Fam","1.5Fin",5,6,1940,1950,"Gable","CompShg","MetalSd","MetalSd","None",0,3,3,"CBlock",3,3,1,1,1,735,"GasA",4,"Y",3,1034,0,0,1,0,2,1,3,8,0,0,"Detchd",1,1,240,3,3,3,0,39,0,0,0,0,0,0,"NA",0,7,2007,"WD","Normal",109000,1,1,0,0,0,0,0
"050","RL",10632,"Pave","NA",3,"Lvl",4,"Inside",3,"ClearCr","Norm","Norm","1Fam","1.5Fin",5,3,1917,1950,"Gable","CompShg","Wd Sdng","Wd Sdng","None",0,3,3,"BrkTil",4,2,1,1,1,689,"GasA",4,"N",5,1224,0,0,1,1,3,1,1,5,0,0,"Detchd",1,1,180,2,2,1,0,0,248,0,0,0,0,0,"NA",0,1,2010,"COD","Normal",107500,1,1,0,0,0,0,0
"060","FV",12217,"Pave","NA",3,"Lvl",4,"Inside",3,"Somerst","Norm","Norm","1Fam","2Story",8,5,2007,2007,"Hip","CompShg","WdShing","Wd Shng","None",0,4,3,"PConc",5,3,3,6,1,955,"GasA",5,"Y",5,1880,1,0,2,1,3,1,5,8,1,4,"Attchd",3,3,880,3,3,3,168,127,0,0,0,0,0,0,"NA",0,12,2007,"New","Partial",310013,1,1,1,0,0,0,0
"020","RM",12000,"Pave","NA",4,"Lvl",4,"Inside",3,"OldTown","Norm","Norm","1Fam","1Story",5,7,1948,2005,"Gable","CompShg","MetalSd","MetalSd","None",0,3,3,"CBlock",3,3,1,6,5,924,"GasA",5,"Y",5,1122,1,0,1,0,2,1,4,8,0,0,"Attchd",1,2,528,3,3,3,0,36,0,0,0,0,0,2,"NA",0,5,2008,"WD","Normal",147000,1,1,0,0,1,0,0
"050","RM",9000,"Pave","NA",4,"Lvl",4,"Corner",3,"OldTown","Norm","Norm","1Fam","1.5Fin",5,6,1946,1950,"Gable","CompShg","MetalSd","MetalSd","None",0,3,3,"CBlock",3,3,1,3,1,904,"GasA",5,"Y",3,1499,0,0,1,0,3,1,3,8,1,1,"Detchd",1,3,869,3,4,3,0,20,0,0,0,0,0,0,"NA",0,6,2008,"WD","Normal",140000,1,1,1,0,0,0,0
"030","C (all)",18000,"Grvl","NA",4,"Low",4,"Inside",3,"IDOTRR","Norm","Norm","1Fam","1Story",3,4,1935,1950,"Gable","CompShg","MetalSd","MetalSd","None",0,2,3,"CBlock",3,3,1,1,1,894,"GasA",3,"Y",5,894,0,0,1,0,2,1,3,8,0,0,"Detchd",2,3,1248,3,3,3,0,20,0,0,0,0,0,0,"Shed",560,8,2008,"ConLD","Normal",81000,1,1,0,0,0,0,0
"020","RL",7742,"Pave","NA",4,"Lvl",4,"Inside",3,"Sawyer","Norm","Norm","1Fam","1Story",5,7,1966,1966,"Gable","CompShg","HdBoard","HdBoard","None",0,3,3,"CBlock",3,3,1,4,1,955,"GasA",5,"Y",5,955,1,0,1,0,3,1,3,8,0,0,"Attchd",1,1,386,3,3,3,0,0,0,0,0,0,0,3,"NA",0,1,2007,"WD","Normal",127000,1,1,0,0,1,0,0
"060","RL",8450,"Pave","NA",4,"Lvl",4,"Inside",3,"SawyerW","Norm","Norm","1Fam","2Story",6,5,2001,2001,"Gable","CompShg","VinylSd","VinylSd","None",0,4,3,"PConc",4,3,1,6,1,827,"GasA",5,"Y",5,1677,1,0,2,1,3,1,4,8,0,0,"Attchd",2,2,627,3,3,3,0,68,0,0,0,0,0,0,"NA",0,9,2008,"WD","Normal",190500,1,1,0,0,0,0,0
"020","RL",12274,"Pave","NA",3,"Lvl",4,"FR2",3,"Somerst","Norm","Norm","1Fam","1Story",7,5,2008,2008,"Gable","CompShg","VinylSd","VinylSd","Stone",256,4,3,"PConc",4,3,1,1,1,1417,"GasA",5,"Y",5,1428,0,0,2,0,3,1,5,8,0,0,"Attchd",2,2,554,3,3,3,0,60,0,0,0,0,0,0,"NA",0,7,2008,"New","Partial",227680,1,1,0,0,0,0,1
"050","RL",12180,"Pave","NA",4,"Lvl",4,"Inside",3,"Edwards","Norm","Norm","1Fam","1.5Fin",5,7,1938,2007,"Gable","CompShg","Wd Sdng","Wd Sdng","None",0,3,3,"PConc",3,3,1,1,1,585,"GasA",4,"Y",2,1053,0,0,1,1,2,1,5,8,0,0,"NA",0,0,0,0,0,1,42,0,0,0,0,0,0,0,"NA",0,1,2008,"WD","Family",120000,1,0,0,0,0,0,0
"090","RL",11600,"Pave","NA",4,"Lvl",4,"Corner",3,"NAmes","Feedr","Norm","Duplex","2Story",5,5,1960,1960,"Gable","CompShg","MetalSd","MetalSd","BrkFace",361,3,3,"CBlock",3,3,1,3,1,1105,"GasA",3,"Y",3,2274,0,0,2,0,5,2,3,8,0,0,"Detchd",1,2,480,3,3,3,0,0,0,0,0,0,0,0,"NA",0,1,2010,"WD","Normal",154300,1,1,0,0,0,0,1
"120","RL",4590,"Pave","NA",4,"Lvl",4,"Inside",3,"NridgHt","Norm","Norm","Twnhs","1Story",8,5,2006,2006,"Gable","CompShg","VinylSd","VinylSd","Stone",108,4,3,"PConc",4,4,2,6,1,1554,"GasA",5,"Y",5,1554,0,0,2,0,2,1,4,8,1,4,"Attchd",2,2,627,3,3,3,156,73,0,0,0,0,0,0,"NA",0,8,2007,"WD","Normal",209500,1,1,1,0,0,0,1
"030","RM",6120,"Pave","NA",4,"Lvl",4,"Inside",3,"OldTown","Artery","Norm","1Fam","1Story",6,5,1923,1950,"Gable","CompShg","Wd Sdng","Wd Sdng","None",0,3,3,"BrkTil",2,2,1,5,1,1124,"GasA",3,"Y",5,1068,1,0,1,0,2,1,3,8,1,4,"Detchd",1,1,288,3,3,3,0,0,128,0,0,0,0,0,"NA",0,3,2010,"WD","Normal",109500,1,1,1,0,0,0,0
"050","RM",11067,"Pave","NA",4,"Lvl",4,"Corner",3,"IDOTRR","Norm","Norm","1Fam","1.5Fin",2,4,1939,1950,"Gable","CompShg","MetalSd","MetalSd","None",0,3,3,"BrkTil",0,0,0,0,0,0,"GasA",5,"Y",5,845,0,0,1,0,1,1,3,3,0,0,"Detchd",1,1,256,3,2,1,48,0,0,0,0,0,0,0,"NA",0,3,2007,"WD","Normal",68104,0,1,0,0,0,0,0
"020","RL",6768,"Pave","NA",3,"Lvl",4,"Inside",3,"Sawyer","Feedr","Norm","1Fam","1Story",6,8,1961,1996,"Hip","CompShg","HdBoard","HdBoard","None",0,3,4,"CBlock",3,3,2,6,1,912,"GasA",4,"Y",5,912,1,1,1,0,3,1,4,8,0,0,"Detchd",1,1,288,3,3,3,168,0,0,0,0,0,0,4,"NA",0,5,2008,"WD","Normal",142000,1,1,0,0,1,0,0
"050","RM",9600,"Pave","Grvl",4,"Lvl",4,"Inside",3,"OldTown","Norm","Norm","1Fam","1.5Fin",5,6,1948,1950,"Gable","CompShg","MetalSd","MetalSd","Stone",264,3,3,"CBlock",3,3,1,3,1,1212,"GasA",4,"Y",3,1668,1,0,1,0,3,1,3,8,0,0,"Detchd",1,1,240,3,3,3,0,0,140,0,0,0,0,0,"NA",0,5,2006,"WD","Normal",135000,1,1,0,0,0,1,1
"060","RL",12665,"Pave","NA",3,"Lvl",4,"Inside",3,"Timber","Norm","Norm","1Fam","2Story",8,5,2005,2006,"Hip","CompShg","VinylSd","VinylSd","BrkFace",245,4,3,"PConc",4,4,4,1,1,1094,"GasA",5,"Y",5,2482,0,0,2,1,4,1,4,8,1,4,"BuiltIn",3,3,642,3,3,3,144,39,0,0,0,0,0,0,"NA",0,2,2007,"WD","Normal",281213,1,1,1,0,0,0,1
"020","RL",11980,"Pave","NA",4,"Low",4,"Inside",2,"SawyerW","Norm","Norm","1Fam","1Story",7,5,1987,1987,"Gable","CompShg","Plywood","Plywood","BrkFace",177,4,3,"CBlock",4,3,4,6,1,1433,"GasA",5,"Y",5,1433,1,0,1,1,1,1,4,8,2,3,"Attchd",2,2,528,4,4,3,0,278,0,0,266,0,0,3,"NA",0,6,2010,"WD","Normal",270000,1,1,1,0,1,0,1
"090","RL",11841,"Grvl","NA",4,"Lvl",4,"Inside",3,"Edwards","Norm","Norm","Duplex","SFoyer",6,5,1990,1990,"Gable","CompShg","HdBoard","HdBoard","BrkFace",104,3,4,"CBlock",4,3,3,6,1,816,"GasA",3,"Y",5,816,1,0,1,0,3,1,3,8,0,0,"NA",0,0,0,0,0,3,0,32,0,0,0,0,0,0,"NA",0,5,2007,"WD","Normal",118500,1,0,0,0,0,0,1
"050","RL",8410,"Pave","NA",4,"Lvl",4,"FR2",3,"Edwards","Feedr","Norm","1Fam","1.5Fin",5,3,1910,1996,"Gambrel","CompShg","Wd Sdng","VinylSd","None",0,3,2,"PConc",3,3,1,1,1,658,"GasA",3,"Y",5,1184,0,0,1,0,5,1,3,8,0,0,"NA",0,0,0,0,0,1,0,151,0,0,0,0,0,0,"NA",0,5,2006,"WD","AdjLand",81000,1,0,0,0,0,0,0
"060","FV",11143,"Pave","NA",3,"Lvl",4,"Corner",3,"Somerst","Norm","Norm","1Fam","2Story",8,5,2004,2005,"Gable","CompShg","CemntBd","CmentBd","None",0,4,3,"PConc",4,3,1,1,1,1580,"GasA",5,"Y",5,2466,0,0,3,0,4,1,4,8,1,4,"Attchd",2,2,610,3,3,3,159,214,0,0,0,0,0,0,"NA",0,12,2007,"WD","Normal",340000,1,1,1,0,0,0,0
"020","RL",8398,"Pave","NA",3,"Lvl",4,"Inside",3,"Sawyer","Norm","Norm","1Fam","1Story",5,5,1967,1967,"Gable","CompShg","MetalSd","MetalSd","BrkFace",323,3,4,"CBlock",3,3,1,2,4,943,"GasA",3,"Y",5,943,1,0,1,0,2,1,3,8,0,0,"Detchd",1,2,528,3,3,3,132,0,0,0,0,0,0,0,"NA",0,6,2007,"WD","Normal",134500,1,1,0,0,0,0,1
"160","RM",1920,"Pave","NA",4,"Lvl",4,"Inside",3,"BrDale","Norm","Norm","TwnhsE","2Story",5,5,1971,1971,"Gable","CompShg","HdBoard","HdBoard","BrkFace",376,3,3,"CBlock",3,3,1,5,1,765,"GasA",5,"Y",5,1365,1,0,1,1,2,1,3,7,0,0,"Detchd",1,2,440,3,3,3,240,36,0,0,0,0,0,0,"NA",0,8,2007,"WD","Normal",122500,1,1,0,0,0,0,1
"060","RL",9760,"Pave","NA",4,"Lvl",4,"Inside",2,"NAmes","Norm","Norm","1Fam","2Story",6,6,1964,1964,"Gable","CompShg","HdBoard","HdBoard","BrkFace",360,3,3,"CBlock",3,3,4,6,2,780,"GasA",3,"Y",5,1611,1,0,1,1,4,1,3,8,0,0,"Attchd",2,2,442,3,3,3,328,128,0,0,189,0,0,0,"NA",0,6,2008,"WD","Normal",167900,1,1,0,0,0,0,1
"020","RL",14267,"Pave","NA",3,"Lvl",4,"Corner",3,"NAmes","Norm","Norm","1Fam","1Story",6,6,1958,1958,"Hip","CompShg","Wd Sdng","Wd Sdng","BrkFace",108,3,3,"CBlock",3,3,1,5,1,1329,"GasA",3,"Y",5,1329,0,0,1,1,3,1,4,8,0,0,"Attchd",1,1,312,3,3,3,393,36,0,0,0,0,0,0,"Gar2",12500,6,2010,"WD","Normal",172000,1,1,0,0,0,0,1
"160","RH",3612,"Pave","NA",3,"Lvl",4,"Inside",3,"Landmrk","Norm","Norm","Twnhs","2Story",6,5,1993,1994,"Gable","CompShg","VinylSd","VinylSd","None",0,3,3,"PConc",4,3,1,6,1,630,"GasA",5,"Y",5,1320,0,0,2,1,3,1,3,8,0,0,"Detchd",1,2,484,3,3,3,0,48,0,0,0,0,0,3,"NA",0,6,2006,"WD","Normal",137000,1,1,0,0,1,0,0
"060","RL",18062,"Pave","NA",3,"HLS",4,"CulDSac",3,"StoneBr","Norm","Norm","1Fam","2Story",10,5,2006,2006,"Hip","CompShg","CemntBd","CmentBd","BrkFace",662,5,3,"PConc",5,3,4,1,1,1528,"GasA",5,"Y",5,3390,0,0,3,1,5,1,5,8,1,5,"BuiltIn",3,3,758,3,3,3,204,34,0,0,0,0,0,0,"NA",0,9,2006,"New","Partial",545224,1,1,1,0,0,0,1
"060","RL",11170,"Pave","NA",2,"Lvl",4,"Corner",3,"Timber","Norm","Norm","1Fam","2Story",7,5,1990,1991,"Gable","CompShg","MetalSd","MetalSd","None",0,3,3,"Wood",4,3,1,2,1,1216,"GasA",5,"Y",5,2514,0,0,2,1,4,1,3,8,0,0,"Attchd",3,2,693,3,3,3,0,0,0,0,0,0,0,4,"NA",0,4,2006,"WD","Normal",250000,1,1,0,0,1,0,0
"060","RL",13474,"Pave","NA",4,"Lvl",4,"Inside",3,"SawyerW","Feedr","Norm","1Fam","2Story",7,5,1990,1991,"Gable","CompShg","HdBoard","Plywood","BrkFace",246,4,3,"CBlock",4,3,1,5,1,700,"GasA",4,"Y",5,2243,1,0,2,1,4,1,4,8,1,3,"Attchd",2,3,746,3,3,3,127,44,224,0,0,0,0,0,"NA",0,6,2007,"WD","Normal",225000,1,1,1,0,0,0,1
"020","RL",10226,"Pave","NA",3,"Lvl",4,"Inside",3,"CollgCr","Norm","Norm","1Fam","1Story",8,5,2008,2008,"Gable","CompShg","VinylSd","VinylSd","Stone",270,4,3,"PConc",5,3,4,1,1,1622,"GasA",5,"Y",5,1630,1,0,2,0,3,1,5,8,1,4,"Attchd",2,3,860,3,3,3,172,42,0,0,0,0,0,0,"NA",0,1,2009,"WD","Normal",295493,1,1,1,0,0,0,1
"020","RL",9750,"Pave","NA",4,"Lvl",4,"Inside",3,"CollgCr","Norm","Norm","1Fam","1Story",7,5,2000,2001,"Gable","CompShg","VinylSd","VinylSd","BrkFace",171,4,3,"PConc",4,3,1,1,1,1630,"GasA",5,"Y",5,1630,0,0,2,0,3,1,4,8,1,3,"Attchd",1,2,451,3,3,3,74,234,0,0,0,0,0,0,"NA",0,10,2009,"WD","Normal",213000,1,1,1,0,0,0,1
"020","RL",11249,"Pave","NA",2,"Lvl",4,"Inside",3,"CollgCr","Norm","Norm","1Fam","1Story",6,5,1995,1995,"Gable","CompShg","VinylSd","VinylSd","None",0,4,4,"PConc",4,4,1,5,4,1200,"GasA",5,"Y",5,1200,1,0,2,0,3,1,4,8,0,0,"Attchd",2,2,521,3,3,3,0,26,0,0,0,0,0,0,"NA",0,8,2007,"WD","Normal",177500,1,1,0,0,0,0,0
"020","RL",14585,"Pave","NA",3,"Lvl",4,"CulDSac",3,"NAmes","Norm","Norm","1Fam","1Story",6,6,1960,1987,"Gable","CompShg","Wd Sdng","Wd Sdng","BrkFace",85,3,3,"CBlock",3,3,1,4,3,1144,"GasA",5,"Y",5,1429,0,1,1,0,3,1,4,8,2,4,"Attchd",1,2,572,3,3,3,216,110,0,0,0,0,0,0,"NA",0,6,2007,"WD","Normal",181900,1,1,1,0,0,0,1
"050","RM",5160,"Pave","NA",4,"Lvl",4,"Corner",3,"IDOTRR","Norm","Norm","1Fam","1.5Fin",6,6,1927,1950,"Gable","CompShg","MetalSd","MetalSd","None",0,3,2,"BrkTil",3,3,1,1,1,1204,"GasA",3,"Y",3,1666,0,0,1,0,3,1,3,8,0,0,"Detchd",1,1,384,2,3,3,0,0,148,0,0,0,0,0,"NA",0,8,2009,"WD","Normal",135000,1,1,0,0,0,0,0
"020","RL",10628,"Pave","NA",4,"Lvl",4,"Inside",3,"NAmes","Norm","Norm","1Fam","1Story",7,5,1970,1970,"Flat","Tar&Grv","Plywood","Plywood","None",0,3,4,"CBlock",3,4,4,6,1,1277,"GasA",3,"Y",5,1277,1,0,1,0,2,1,3,8,1,1,"Attchd",1,2,526,3,3,3,0,0,0,0,176,0,0,2,"NA",0,4,2007,"WD","Normal",167000,1,1,1,0,1,0,0
"045","RL",6390,"Pave","NA",4,"Lvl",4,"Corner",3,"NAmes","Feedr","Norm","1Fam","1.5Unf",6,7,1954,1954,"Gable","CompShg","MetalSd","MetalSd","None",0,3,3,"CBlock",3,3,1,1,1,936,"GasA",3,"Y",3,984,1,0,1,0,2,1,3,8,0,0,"Detchd",1,1,280,3,3,3,0,0,0,0,0,0,0,2,"NA",0,6,2008,"WD","Normal",112500,1,1,0,0,1,0,0
"060","RL",17104,"Pave","NA",3,"Lvl",4,"Inside",3,"Gilbert","Norm","Norm","1Fam","2Story",7,5,2006,2006,"Gable","CompShg","VinylSd","VinylSd","None",0,4,3,"PConc",4,4,3,6,1,654,"GasA",5,"Y",5,1496,1,0,2,1,3,1,4,8,1,4,"Attchd",2,2,426,3,3,3,100,24,0,0,0,0,0,0,"NA",0,9,2006,"New","Partial",179665,1,1,1,0,0,0,0
"060","RL",10791,"Pave","NA",4,"Lvl",4,"Inside",3,"NWAmes","Norm","Norm","1Fam","2Story",6,5,1993,1993,"Gable","CompShg","MetalSd","MetalSd","None",0,3,3,"PConc",4,3,2,6,1,1280,"GasA",5,"Y",5,2495,1,0,2,1,4,1,4,8,1,3,"Attchd",1,2,660,3,3,3,224,32,0,0,0,0,0,0,"NA",0,3,2010,"WD","Normal",243500,1,1,1,0,0,0,0
"020","RL",6627,"Pave","NA",3,"Lvl",4,"Corner",3,"BrkSide","Feedr","Norm","1Fam","1Story",3,6,1949,1950,"Hip","CompShg","VinylSd","VinylSd","None",0,3,3,"CBlock",0,0,0,0,0,0,"Floor",3,"N",5,720,0,0,1,0,2,1,3,8,0,0,"Detchd",1,1,287,3,2,3,0,0,0,0,0,0,0,0,"NA",0,7,2008,"WD","Normal",72500,0,1,0,0,0,0,0
"030","RL",10230,"Pave","Grvl",4,"Lvl",4,"Inside",3,"OldTown","Norm","Norm","1Fam","1Story",5,7,1925,1950,"Gable","CompShg","MetalSd","MetalSd","None",0,3,3,"BrkTil",3,3,1,1,1,1054,"GasA",5,"Y",5,1078,0,0,1,0,3,1,5,8,0,0,"Detchd",1,1,264,3,3,1,0,0,0,0,112,0,0,2,"NA",0,12,2009,"WD","Normal",125000,1,1,0,0,1,1,0
"050","C (all)",8520,"Grvl","NA",4,"Bnk",4,"Inside",3,"IDOTRR","Norm","Norm","1Fam","1.5Fin",3,5,1916,1950,"Gable","CompShg","MetalSd","MetalSd","None",0,3,3,"PConc",2,2,1,1,1,216,"GasA",2,"N",5,936,0,0,1,0,2,1,3,8,0,0,"NA",0,0,0,0,0,1,0,0,0,0,0,0,0,0,"NA",0,4,2006,"WD","Normal",78000,1,0,0,0,0,0,0
"020","RL",50102,"Pave","NA",3,"Low",4,"Inside",2,"Timber","Norm","Norm","1Fam","1Story",6,5,1958,1958,"Gable","Tar&Grv","Plywood","Plywood","None",0,3,3,"CBlock",4,3,4,4,1,1632,"GasA",3,"Y",5,1650,1,0,1,0,2,1,3,8,2,4,"Attchd",1,2,518,3,3,3,0,0,0,0,138,0,0,0,"NA",0,3,2006,"WD","Alloca",250764,1,1,1,0,0,0,0
"020","RL",8400,"Pave","NA",4,"Lvl",4,"Corner",3,"NAmes","Norm","Norm","1Fam","1Story",4,5,1970,1970,"Gable","CompShg","Plywood","Plywood","None",0,3,3,"CBlock",3,3,1,5,3,882,"GasA",3,"Y",5,882,1,0,1,0,2,1,3,8,0,0,"Attchd",3,2,525,3,3,3,240,0,0,0,0,0,0,3,"NA",0,4,2010,"WD","Normal",126000,1,1,0,0,1,0,0
"050","RM",6000,"Pave","NA",4,"Lvl",4,"Inside",3,"BrkSide","Norm","Norm","1Fam","1.5Fin",6,5,1939,1950,"Gable","CompShg","Wd Sdng","Wd Sdng","None",0,3,3,"CBlock",3,3,1,2,1,739,"GasA",5,"Y",5,1342,0,0,2,0,2,2,3,8,1,4,"Detchd",1,1,240,3,3,3,0,0,0,0,0,0,0,0,"NA",0,4,2008,"WD","Normal",105000,1,1,1,0,0,0,0
"020","RL",8760,"Pave","NA",4,"Lvl",4,"Inside",3,"NAmes","Norm","Norm","1Fam","1Story",5,7,1956,1956,"Gable","CompShg","Wd Sdng","Wd Sdng","BrkFace",164,4,3,"CBlock",3,3,1,5,1,1169,"GasA",3,"Y",5,1144,1,0,1,0,3,1,3,8,0,0,"Attchd",2,1,286,3,3,3,257,0,0,0,0,0,0,0,"NA",0,6,2009,"WD","Normal",150000,1,1,0,0,0,0,1
"080","RL",9020,"Pave","NA",4,"Lvl",4,"Inside",3,"NAmes","Norm","Norm","1Fam","SLvl",6,7,1966,1966,"Gable","CompShg","HdBoard","HdBoard","BrkFace",183,3,3,"CBlock",3,3,4,3,5,1127,"GasA",3,"Y",5,1165,1,0,1,1,3,1,3,8,0,0,"Attchd",2,2,490,4,4,3,0,129,0,0,0,0,0,4,"NA",0,5,2008,"WD","Normal",174900,1,1,0,0,1,0,1
"020","RL",10355,"Pave","NA",3,"Lvl",4,"Corner",3,"NAmes","Norm","Norm","1Fam","1Story",5,5,1967,1967,"Gable","CompShg","MetalSd","MetalSd","BrkFace",196,3,3,"CBlock",3,3,1,4,1,1214,"GasA",3,"Y",5,1214,0,0,2,0,3,1,3,8,1,2,"Attchd",2,1,318,3,3,3,0,111,0,0,0,0,0,0,"NA",0,7,2007,"WD","Normal",143000,1,1,1,0,0,0,1
"020","RL",7791,"Pave","NA",3,"Lvl",4,"Inside",3,"Sawyer","RRAe","Norm","1Fam","1Story",5,8,1963,1995,"Gable","CompShg","Plywood","Plywood","None",0,4,4,"CBlock",3,3,1,5,1,912,"GasA",5,"Y",5,912,1,0,1,0,3,1,4,8,0,0,"Attchd",2,1,300,3,3,3,0,0,0,0,0,0,0,2,"NA",0,10,2009,"WD","Normal",129000,1,1,0,0,1,0,0
"020","RL",12803,"Pave","NA",3,"Lvl",4,"Inside",3,"CollgCr","Norm","Norm","1Fam","1Story",7,5,2002,2002,"Gable","CompShg","VinylSd","VinylSd","BrkFace",99,4,3,"PConc",4,3,2,6,1,1494,"GasA",5,"Y",5,1494,1,0,2,0,3,1,4,8,1,3,"Attchd",2,2,530,3,3,3,192,36,0,0,0,0,0,0,"NA",0,9,2008,"WD","Normal",221000,1,1,1,0,0,0,1
"060","RL",8158,"Pave","NA",4,"Lvl",4,"Inside",3,"CollgCr","Norm","Norm","1Fam","2Story",7,5,2003,2003,"Gable","CompShg","VinylSd","VinylSd","BrkFace",252,4,3,"PConc",4,3,1,6,1,884,"GasA",5,"Y",5,1768,1,0,2,1,3,1,4,8,0,0,"Attchd",2,2,543,3,3,3,0,63,0,0,0,0,0,0,"NA",0,7,2008,"WD","Normal",224900,1,1,0,0,0,0,1
"050","RL",15600,"Pave","NA",4,"Bnk",4,"Inside",3,"Crawfor","Norm","Norm","1Fam","1.5Fin",5,7,1949,2005,"Gable","CompShg","BrkComm","Brk Cmn","None",0,3,3,"BrkTil",3,3,1,4,3,1067,"GasW",2,"N",5,1523,1,0,2,0,3,1,2,3,1,3,"Attchd",1,1,295,3,3,3,0,0,81,0,0,0,0,0,"NA",0,10,2009,"WD","Normal",158000,1,1,1,0,0,0,0
"060","RL",9627,"Pave","NA",4,"Lvl",4,"Inside",2,"Mitchel","Norm","Norm","1Fam","2Story",7,5,1993,1994,"Gable","CompShg","HdBoard","HdBoard","BrkFace",94,3,3,"PConc",4,3,3,2,1,996,"GasA",5,"Y",5,2000,0,0,2,1,3,1,3,8,1,3,"Attchd",3,3,650,3,3,3,190,48,0,0,0,0,0,0,"NA",0,11,2006,"WD","Normal",188000,1,1,1,0,0,0,1
"030","RL",8212,"Pave","Grvl",4,"Lvl",4,"Inside",3,"Edwards","Norm","Norm","1Fam","1Story",3,3,1914,1950,"Gable","CompShg","Stucco","Stucco","None",0,3,2,"BrkTil",3,2,1,3,1,864,"GasA",3,"N",2,864,1,0,1,0,2,1,3,8,0,0,"Detchd",1,1,200,3,2,3,0,0,96,0,0,0,0,0,"NA",0,6,2010,"WD","Normal",58500,1,1,0,0,0,1,0
"030","RL",13907,"Pave","NA",4,"Lvl",4,"Inside",3,"Edwards","Norm","Norm","1Fam","1Story",5,6,1940,1969,"Gable","CompShg","WdShing","Wd Shng","None",0,3,3,"CBlock",3,3,1,4,1,996,"GasA",5,"Y",5,996,1,0,1,0,3,1,3,8,1,4,"NA",0,0,0,0,0,3,144,0,0,0,0,0,0,0,"NA",0,7,2008,"WD","Normal",108000,1,0,1,0,0,0,0
"040","RM",5400,"Pave","Pave",4,"Lvl",4,"Corner",3,"OldTown","Norm","Norm","1Fam","1Story",6,7,1926,2004,"Gable","CompShg","MetalSd","MetalSd","None",0,3,4,"BrkTil",3,3,2,2,1,1149,"GasA",4,"Y",3,1616,0,0,2,0,3,1,4,8,0,0,"Detchd",1,1,216,3,3,3,0,0,183,0,0,0,0,0,"NA",0,10,2007,"WD","Normal",152000,1,1,0,0,0,1,0
"060","RL",6931,"Pave","NA",4,"Lvl",4,"Inside",3,"Edwards","Norm","Norm","1Fam","2Story",7,5,2003,2004,"Gable","CompShg","VinylSd","VinylSd","Stone",92,4,3,"PConc",4,3,1,1,1,746,"GasA",5,"Y",5,1656,0,0,2,1,3,1,4,8,1,4,"BuiltIn",3,2,397,3,3,3,178,128,0,0,0,0,0,0,"NA",0,7,2008,"WD","Normal",165400,1,1,1,0,0,0,1
"180","RM",1936,"Pave","NA",4,"Lvl",4,"Inside",3,"MeadowV","Norm","Norm","Twnhs","SFoyer",4,6,1970,1970,"Gable","CompShg","CemntBd","CmentBd","None",0,3,3,"CBlock",4,3,3,4,6,630,"GasA",4,"Y",5,630,1,0,1,0,1,1,3,8,0,0,"NA",0,0,0,0,0,3,0,0,0,0,0,0,0,3,"NA",0,12,2007,"WD","Normal",84500,1,0,0,0,1,0,0
"020","RL",10768,"Pave","NA",3,"Lvl",4,"Corner",3,"Veenker","Norm","Norm","1Fam","1Story",5,8,1976,2004,"Gable","CompShg","Plywood","Plywood","None",0,4,4,"CBlock",4,3,4,5,1,1437,"GasA",3,"Y",5,1437,1,0,2,0,3,1,4,8,1,2,"Attchd",2,2,528,3,3,3,0,21,0,0,180,0,0,0,"NA",0,7,2007,"WD","Normal",218000,1,1,1,0,0,0,0
"060","RL",8396,"Pave","NA",3,"Lvl",4,"Inside",3,"Gilbert","Norm","Norm","1Fam","2Story",7,5,2003,2003,"Gable","CompShg","VinylSd","VinylSd","BrkFace",196,4,3,"PConc",4,3,1,1,1,847,"GasA",5,"Y",5,1986,0,0,2,1,4,1,4,8,1,4,"BuiltIn",3,2,434,3,3,3,120,48,0,0,0,0,0,0,"NA",0,5,2008,"WD","Normal",213000,1,1,1,0,0,0,1
"020","RM",9750,"Pave","NA",4,"Lvl",4,"Inside",3,"OldTown","Norm","Norm","1Fam","1Story",5,6,1959,1959,"Gable","CompShg","MetalSd","MetalSd","BrkFace",164,3,3,"CBlock",3,3,1,3,1,984,"GasA",4,"Y",5,984,1,0,1,0,2,1,2,8,0,0,"Detchd",1,1,308,3,3,1,0,0,0,0,0,0,0,0,"NA",0,6,2008,"WD","Normal",110000,1,1,0,0,0,0,1
"050","RM",5436,"Pave","NA",4,"Lvl",4,"Inside",3,"IDOTRR","Norm","Norm","1Fam","1.5Fin",4,8,1922,2007,"Gable","CompShg","VinylSd","VinylSd","None",0,3,4,"BrkTil",3,3,1,4,1,796,"GasA",4,"Y",5,1154,1,0,1,0,3,1,4,8,0,0,"Detchd",1,1,240,3,3,1,0,96,0,0,0,0,0,3,"NA",0,5,2010,"WD","Normal",125500,1,1,0,0,1,0,0
"080","RL",10395,"Pave","NA",3,"Lvl",4,"FR2",3,"NWAmes","Norm","Norm","1Fam","SLvl",6,6,1978,1978,"Gable","CompShg","HdBoard","HdBoard","BrkFace",233,3,3,"CBlock",4,3,3,5,1,1032,"GasA",3,"Y",5,1032,0,1,2,0,3,1,3,8,1,3,"Attchd",1,2,564,3,3,3,0,0,0,0,0,0,0,3,"Shed",500,7,2007,"WD","Normal",148000,1,1,1,0,1,0,1
"060","RL",9729,"Pave","NA",3,"Lvl",4,"Inside",3,"Gilbert","Norm","Norm","1Fam","2Story",6,5,2006,2007,"Gable","CompShg","VinylSd","VinylSd","None",0,4,3,"PConc",4,3,1,1,1,698,"GasA",5,"Y",5,1746,1,0,2,1,3,1,4,8,1,4,"BuiltIn",1,3,350,3,3,3,0,34,0,0,0,0,0,0,"NA",0,6,2007,"New","Partial",198444,1,1,1,0,0,0,0
"020","RL",5000,"Pave","NA",4,"Low",4,"Inside",2,"BrkSide","Norm","Norm","1Fam","1Story",1,3,1946,1950,"Gable","CompShg","VinylSd","VinylSd","None",0,2,2,"Slab",0,0,0,0,0,0,"GasA",2,"N",2,334,0,0,1,0,1,1,2,8,0,0,"NA",0,0,0,0,0,1,0,0,0,0,0,0,0,0,"NA",0,1,2007,"WD","Normal",39300,0,0,0,0,0,0,0
"060","RL",9930,"Pave","NA",3,"Lvl",4,"Inside",3,"CollgCr","Norm","Norm","1Fam","2Story",7,5,2002,2002,"Gable","CompShg","VinylSd","VinylSd","BrkFace",199,4,3,"PConc",4,3,1,6,1,826,"GasA",5,"Y",5,1762,0,0,2,1,3,1,4,8,0,0,"Attchd",3,2,591,3,3,3,320,54,0,0,0,0,0,0,"NA",0,7,2006,"WD","Normal",222000,1,1,0,0,0,0,1
"050","RL",11409,"Pave","NA",4,"Lvl",4,"Inside",3,"Edwards","Norm","Norm","1Fam","1.5Fin",5,4,1949,2008,"Gable","CompShg","Wd Sdng","Wd Sdng","None",0,3,3,"CBlock",3,3,1,2,1,768,"GasA",4,"Y",5,1716,0,0,1,1,3,1,3,6,1,4,"Attchd",1,1,281,3,3,3,0,0,0,0,160,0,0,0,"NA",0,1,2009,"WD","Normal",131000,1,1,1,0,0,0,0
"060","RL",9942,"Pave","NA",3,"Lvl",4,"Inside",3,"NridgHt","Norm","Norm","1Fam","2Story",9,5,2005,2006,"Gable","CompShg","MetalSd","MetalSd","BrkFace",385,5,3,"PConc",5,4,3,6,1,1606,"GasA",5,"Y",5,2091,1,0,2,1,3,1,5,8,1,4,"Attchd",2,2,521,3,3,3,194,84,0,0,0,0,0,0,"NA",0,5,2006,"New","Partial",338500,1,1,1,0,0,0,1
"190","RM",6000,"Pave","NA",4,"Lvl",4,"Inside",3,"OldTown","Norm","Norm","2fmCon","1Story",5,7,1955,1955,"Hip","CompShg","Wd Sdng","Wd Sdng","None",0,3,3,"CBlock",3,3,3,6,1,960,"GasA",3,"Y",3,960,1,0,1,0,3,1,3,8,0,0,"Detchd",1,2,576,3,3,3,0,0,0,0,0,0,0,0,"NA",0,6,2006,"WD","Normal",135500,1,1,0,0,0,0,0
"060","RL",9605,"Pave","NA",4,"Lvl",4,"Inside",3,"Somerst","Norm","Norm","1Fam","2Story",7,5,2006,2006,"Gable","CompShg","VinylSd","VinylSd","None",0,4,3,"PConc",4,3,1,1,1,982,"GasA",5,"Y",5,1977,0,0,2,1,3,1,4,8,0,0,"Attchd",2,3,574,3,3,3,240,53,0,0,0,0,0,0,"NA",0,7,2007,"WD","Family",250000,1,1,0,0,0,0,0
"050","RM",10134,"Pave","Grvl",4,"Lvl",4,"Inside",3,"OldTown","Norm","Norm","1Fam","1.5Fin",5,5,1910,1950,"Gable","CompShg","MetalSd","MetalSd","None",0,3,3,"BrkTil",2,3,1,1,1,801,"GasA",4,"N",5,1447,0,0,1,0,3,1,3,8,0,0,"NA",0,0,0,0,0,1,80,0,244,0,0,0,0,0,"NA",0,7,2009,"WD","Normal",103000,1,0,0,0,0,1,0
"020","RL",11029,"Pave","NA",3,"Lvl",4,"Corner",3,"NAmes","Norm","Norm","1Fam","1Story",6,8,1958,2002,"Hip","CompShg","MetalSd","MetalSd","None",0,5,3,"CBlock",4,3,1,5,4,1184,"GasA",5,"Y",5,1414,1,0,1,0,3,1,3,7,1,3,"Attchd",1,2,601,3,3,3,0,51,0,0,190,0,0,0,"NA",0,5,2008,"WD","Normal",176500,1,1,1,0,0,0,0
"050","RM",33120,"Pave","NA",1,"Lvl",4,"Inside",3,"OldTown","RRAn","Feedr","1Fam","1.5Fin",6,5,1962,1962,"Gable","CompShg","BrkFace","Wd Sdng","None",0,3,3,"CBlock",3,3,1,1,1,1595,"GasA",3,"Y",5,2486,0,0,2,0,5,1,3,8,1,4,"Detchd",1,2,576,3,3,3,0,0,0,0,0,0,0,0,"NA",0,10,2006,"WD","Normal",220000,1,1,1,0,0,0,0
"060","RL",9572,"Pave","NA",3,"Lvl",4,"Inside",3,"NoRidge","Norm","Norm","1Fam","2Story",8,5,1990,1990,"Gable","CompShg","Wd Sdng","Wd Sdng","BrkFace",336,4,3,"PConc",5,3,1,6,1,1453,"GasA",5,"Y",5,2810,0,0,2,1,4,1,4,8,1,5,"Attchd",2,2,750,4,4,3,500,0,0,0,0,0,0,0,"NA",0,6,2007,"WD","Normal",302000,1,1,1,0,0,0,1
"050","RM",6240,"Pave","NA",4,"Lvl",4,"Inside",3,"BrkSide","Norm","Norm","1Fam","1.5Fin",6,5,1938,1950,"Gable","CompShg","VinylSd","VinylSd","None",0,3,3,"BrkTil",3,3,1,2,1,861,"GasA",4,"Y",5,1409,1,0,1,1,3,1,3,8,1,4,"Detchd",1,2,528,3,3,3,225,0,84,0,0,0,0,0,"NA",0,3,2007,"WD","Normal",126000,1,1,1,0,0,0,0
"020","RL",10000,"Pave","NA",3,"Lvl",4,"Corner",3,"NAmes","Norm","Norm","1Fam","1Story",6,6,1962,1962,"Hip","CompShg","Wd Sdng","Wd Sdng","BrkFace",261,3,3,"CBlock",3,3,1,1,1,1116,"GasA",3,"Y",5,1116,0,0,1,1,3,1,3,8,0,0,"Attchd",1,2,440,3,3,3,0,0,0,0,385,0,0,0,"NA",0,2,2010,"WD","Normal",160000,1,1,0,0,0,0,1
"060","RL",12191,"Pave","NA",3,"Lvl",4,"Inside",3,"NoRidge","Norm","Norm","1Fam","2Story",8,5,1997,1998,"Hip","CompShg","VinylSd","VinylSd","BrkFace",515,4,3,"PConc",4,3,3,6,1,1779,"GasA",5,"Y",5,2551,1,0,2,1,4,1,4,8,2,3,"Attchd",3,3,925,3,3,3,76,61,0,0,0,0,0,0,"NA",0,6,2007,"WD","Normal",384500,1,1,1,0,0,0,1
"045","RM",5000,"Pave","NA",4,"Bnk",4,"Inside",2,"BrkSide","Norm","Norm","1Fam","1.5Unf",6,7,1926,1950,"Gable","CompShg","MetalSd","MetalSd","None",0,3,3,"BrkTil",3,3,1,1,1,992,"GasA",5,"Y",5,1013,0,0,1,0,3,1,3,8,0,0,"Detchd",1,1,160,2,3,3,0,0,101,0,0,0,0,0,"NA",0,4,2008,"WD","Normal",113000,1,1,0,0,0,0,0
"060","RL",16059,"Pave","NA",4,"Lvl",4,"Corner",3,"NoRidge","Norm","Norm","1Fam","2Story",8,5,1991,1992,"Hip","CompShg","HdBoard","HdBoard","BrkFace",284,4,3,"CBlock",4,3,1,1,1,1288,"GasA",5,"Y",5,2417,0,0,2,1,4,1,4,8,1,3,"Attchd",1,2,462,3,3,3,127,82,0,0,0,0,0,0,"NA",0,4,2006,"WD","Normal",260000,1,1,1,0,0,0,1
"020","FV",4403,"Pave","NA",2,"Lvl",4,"Inside",3,"Somerst","Norm","Norm","1Fam","1Story",7,5,2009,2009,"Gable","CompShg","MetalSd","MetalSd","Stone",432,5,3,"PConc",5,3,3,6,1,1470,"GasA",5,"Y",5,1478,1,0,2,1,2,1,4,8,1,4,"Attchd",3,2,484,3,3,3,0,144,0,0,0,0,0,0,"NA",0,6,2010,"New","Partial",222000,1,1,1,0,0,0,1
"020","RL",9100,"Pave","NA",4,"Lvl",4,"Inside",3,"CollgCr","Norm","Norm","1Fam","1Story",7,5,2001,2001,"Gable","CompShg","VinylSd","VinylSd","None",0,4,3,"PConc",4,3,1,1,1,1212,"GasA",5,"Y",5,1212,0,0,2,0,3,1,4,8,0,0,"Attchd",2,2,573,3,3,3,356,0,0,0,0,0,0,0,"NA",0,6,2009,"WD","Normal",178000,1,1,0,0,0,0,0
"050","C (all)",4761,"Pave","NA",4,"Lvl",4,"Corner",3,"IDOTRR","Norm","Norm","1Fam","1.5Unf",3,3,1918,1950,"Gable","CompShg","Wd Sdng","Wd Sdng","None",0,2,2,"BrkTil",3,2,1,1,1,1020,"GasA",2,"N",1,1020,0,0,1,0,2,1,2,8,0,0,"NA",0,0,0,0,0,1,0,0,105,0,0,0,0,0,"NA",0,10,2006,"ConLD","Normal",64500,1,0,0,0,0,0,0
"020","RL",9750,"Pave","NA",4,"Low",4,"Inside",2,"CollgCr","Norm","Norm","1Fam","1Story",5,7,1994,1994,"Gable","CompShg","VinylSd","VinylSd","None",0,3,3,"PConc",4,3,1,6,1,990,"GasA",5,"Y",5,990,1,0,1,0,3,1,3,8,0,0,"Detchd",1,2,528,3,3,3,168,0,0,0,0,0,0,0,"NA",0,8,2008,"WD","Normal",155000,1,1,0,0,0,0,0
"090","RL",9400,"Pave","NA",3,"Lvl",4,"CulDSac",3,"Edwards","Norm","Norm","Duplex","SFoyer",6,5,1975,1975,"Flat","Tar&Grv","WdShing","Plywood","BrkFace",250,3,3,"CBlock",4,4,4,6,1,945,"GasA",3,"Y",5,980,0,2,2,0,4,0,3,8,0,0,"NA",0,0,0,0,0,3,0,0,0,0,0,0,0,0,"NA",0,10,2006,"WD","AdjLand",127500,1,0,0,0,0,0,1
"080","RL",9600,"Pave","NA",3,"Lvl",4,"Inside",3,"NAmes","Norm","Norm","1Fam","SLvl",6,5,1961,1961,"Hip","CompShg","WdShing","Wd Shng","BrkFace",291,3,3,"CBlock",3,3,3,5,1,1218,"GasA",3,"Y",5,1254,1,0,1,0,3,1,3,8,1,4,"Attchd",2,2,525,3,3,3,0,0,0,0,168,0,0,0,"NA",0,5,2007,"WD","Normal",158500,1,1,1,0,0,0,1
"090","RL",13101,"Pave","NA",3,"Lvl",4,"Inside",3,"NAmes","Norm","Norm","Duplex","1Story",5,5,1965,1965,"Gable","CompShg","HdBoard","HdBoard","BrkFace",108,3,3,"CBlock",3,3,1,2,1,1728,"GasA",3,"Y",5,1728,0,0,2,0,6,2,3,8,0,0,"Detchd",1,2,576,3,3,3,0,0,0,0,0,0,0,0,"NA",0,11,2008,"WD","Normal",142600,1,1,0,0,0,0,1
"020","RL",12493,"Pave","NA",3,"Lvl",4,"Inside",3,"NAmes","Norm","Norm","1Fam","1Story",4,5,1960,1960,"Gable","CompShg","Wd Sdng","Wd Sdng","None",0,3,3,"PConc",3,3,1,5,3,1100,"GasA",3,"Y",5,1100,1,0,1,0,3,1,3,8,1,1,"Attchd",2,1,312,3,3,3,355,0,0,0,0,0,0,2,"NA",0,4,2008,"WD","Normal",141000,1,1,1,0,1,0,0
"020","RL",7936,"Pave","NA",4,"Lvl",4,"Inside",3,"NAmes","Norm","Norm","1Fam","1Story",6,6,1963,1963,"Hip","CompShg","HdBoard","HdBoard","None",0,3,3,"CBlock",3,3,1,4,1,1045,"GasA",3,"Y",5,1045,1,0,1,0,3,1,3,8,1,2,"Attchd",2,1,264,3,3,3,0,0,0,0,0,0,0,0,"NA",0,4,2009,"WD","Normal",127000,1,1,1,0,0,0,0
"020","RL",8487,"Pave","NA",4,"Lvl",4,"FR2",3,"CollgCr","Norm","Norm","1Fam","1Story",7,5,2004,2004,"Gable","CompShg","VinylSd","VinylSd","BrkFace",210,4,3,"PConc",4,3,3,6,1,1500,"GasA",5,"Y",5,1500,0,0,2,0,3,1,4,8,0,0,"Attchd",2,2,570,3,3,3,192,36,0,0,0,0,0,0,"NA",0,8,2009,"WD","Normal",190000,1,1,0,0,0,0,1
"120","RL",5070,"Pave","NA",3,"HLS",4,"Inside",3,"StoneBr","Norm","Norm","TwnhsE","1Story",8,5,1992,1992,"Gable","CompShg","HdBoard","HdBoard","None",0,4,3,"PConc",4,3,2,1,1,1280,"GasA",5,"Y",5,1280,0,0,2,0,2,1,4,8,0,0,"Attchd",2,2,506,3,3,3,0,82,0,0,144,0,0,0,"NA",0,8,2008,"WD","Normal",180000,1,1,0,0,0,0,0
"060","RL",12011,"Pave","NA",3,"Lvl",4,"CulDSac",3,"NoRidge","Norm","Norm","1Fam","2Story",8,5,1998,1998,"Gable","CompShg","VinylSd","VinylSd","BrkFace",530,4,3,"PConc",4,3,3,6,1,1086,"GasA",5,"Y",5,1924,1,0,2,1,3,1,4,8,1,3,"Attchd",2,2,592,3,3,3,208,75,0,0,374,0,0,0,"NA",0,6,2006,"WD","Normal",280000,1,1,1,0,0,0,1
"020","RL",12890,"Pave","NA",3,"Lvl",4,"Inside",3,"Timber","Norm","Norm","1Fam","1Story",6,5,1989,1989,"Gable","CompShg","Wd Sdng","Wd Sdng","BrkFace",128,3,3,"CBlock",4,3,1,1,1,1495,"GasA",5,"Y",5,1495,0,0,2,0,3,1,3,8,1,3,"Attchd",1,2,438,3,3,3,252,0,192,0,0,0,0,0,"NA",0,7,2008,"WD","Normal",150000,1,1,1,0,0,0,1
"090","RL",11136,"Pave","NA",4,"Lvl",4,"Corner",3,"Sawyer","Feedr","Feedr","Duplex","1Story",6,5,1964,1964,"Gable","CompShg","BrkFace","BrkFace","None",0,3,3,"CBlock",3,3,1,1,1,1921,"GasA",3,"Y",5,1921,0,0,2,0,4,2,3,8,0,0,"Detchd",1,2,576,3,3,3,0,180,0,0,0,0,0,0,"NA",0,7,2006,"WD","Normal",150000,1,1,0,0,0,0,0
"020","RL",6951,"Pave","NA",3,"Lvl",4,"CulDSac",3,"Mitchel","Norm","Norm","1Fam","1Story",5,5,1984,1985,"Gable","CompShg","HdBoard","Plywood","None",0,3,3,"CBlock",3,3,1,5,1,876,"GasA",3,"Y",5,923,1,0,1,0,3,1,3,8,0,0,"Attchd",1,1,264,3,3,3,362,0,0,0,0,0,0,3,"NA",0,10,2008,"WD","Normal",119500,1,1,0,0,1,0,0
"090","RL",9662,"Pave","NA",3,"Lvl",4,"Inside",3,"Sawyer","Norm","Norm","Duplex","1Story",5,4,1977,1977,"Gable","CompShg","Plywood","Plywood","None",0,3,3,"CBlock",4,3,1,1,1,1967,"GasA",3,"Y",5,1967,0,0,2,0,6,2,3,8,0,0,"Attchd",3,2,580,3,3,3,170,0,0,0,0,0,0,0,"NA",0,8,2006,"WD","Normal",156500,1,1,0,0,0,0,0
"020","RL",15306,"Pave","NA",3,"HLS",4,"Corner",3,"Timber","Norm","Norm","1Fam","1Story",8,5,2006,2007,"Gable","CompShg","VinylSd","VinylSd","Stone",100,4,3,"PConc",5,3,4,6,1,1732,"GasA",5,"Y",5,1776,1,0,2,0,3,1,4,8,1,4,"Attchd",3,3,712,3,3,3,0,0,0,0,0,0,0,0,"NA",0,5,2007,"New","Partial",283463,1,1,1,0,0,0,1
"060","FV",8125,"Pave","NA",4,"Lvl",4,"Inside",3,"Somerst","Norm","Norm","1Fam","2Story",7,6,2007,2007,"Gable","CompShg","CemntBd","CmentBd","None",0,4,3,"PConc",4,3,1,1,1,813,"GasA",5,"Y",5,1665,0,0,2,1,3,1,4,8,0,0,"Attchd",2,2,562,3,3,3,0,0,0,0,0,0,0,0,"NA",0,5,2008,"WD","Normal",205950,1,1,0,0,0,0,0
"020","FV",7500,"Pave","Pave",4,"Lvl",4,"Inside",3,"Somerst","Norm","Norm","1Fam","1Story",7,5,2005,2005,"Gable","CompShg","VinylSd","VinylSd","None",0,4,3,"PConc",4,3,1,1,1,1257,"GasA",5,"Y",5,1266,0,0,2,0,3,1,4,8,1,3,"Attchd",1,2,453,3,3,3,38,144,0,0,0,0,0,0,"NA",0,4,2006,"WD","Normal",176000,1,1,1,0,0,1,0
"160","RL",13108,"Pave","NA",3,"Lvl",4,"Inside",3,"StoneBr","Norm","Norm","1Fam","2Story",8,5,1994,1994,"Gable","CompShg","CemntBd","CmentBd","None",0,4,3,"PConc",4,3,1,1,1,2062,"GasA",5,"Y",5,2687,0,0,2,1,4,1,4,8,0,0,"Attchd",3,2,618,3,3,3,168,12,0,0,0,0,0,0,"NA",0,12,2006,"WD","Normal",270000,1,1,0,0,0,0,0
"060","RL",15295,"Pave","NA",1,"Lvl",4,"Corner",3,"CollgCr","Norm","Norm","1Fam","2Story",7,5,1996,2002,"Gable","CompShg","VinylSd","VinylSd","BrkFace",254,4,3,"PConc",4,3,2,6,1,860,"GasA",5,"Y",5,1992,1,0,2,1,3,1,4,6,2,3,"Attchd",2,2,608,3,3,3,225,32,0,0,0,0,0,0,"NA",0,6,2007,"WD","Normal",211000,1,1,1,0,0,0,1
"080","RL",10541,"Pave","NA",3,"Lvl",4,"Corner",3,"SawyerW","Norm","Norm","1Fam","SLvl",7,5,1996,1996,"Gable","CompShg","VinylSd","VinylSd","None",0,4,3,"PConc",4,3,3,1,1,672,"GasA",5,"Y",5,2037,0,0,2,1,3,1,4,8,1,3,"Attchd",3,2,472,3,3,3,100,33,0,0,0,0,0,0,"NA",0,2,2008,"WD","Normal",229000,1,1,1,0,0,0,0
"050","RL",17120,"Pave","NA",4,"Lvl",4,"Inside",3,"ClearCr","Feedr","Norm","1Fam","1.5Fin",4,4,1959,1959,"Gable","CompShg","WdShing","Plywood","None",0,3,3,"CBlock",0,0,0,0,0,0,"GasA",3,"Y",5,1588,0,0,2,0,4,1,3,6,1,4,"Detchd",3,2,680,3,3,1,0,59,0,0,0,0,0,0,"NA",0,7,2008,"WD","Normal",134432,0,1,1,0,0,0,0
"060","RL",13128,"Pave","NA",3,"HLS",4,"CulDSac",3,"Gilbert","Norm","Norm","1Fam","2Story",8,5,2005,2005,"Gable","CompShg","VinylSd","VinylSd","BrkFace",216,4,3,"PConc",4,3,1,1,1,1074,"GasA",5,"Y",5,2064,0,0,2,1,4,1,4,8,1,4,"Attchd",3,2,527,3,3,3,0,119,0,0,0,0,0,0,"NA",0,1,2006,"WD","Normal",250000,1,1,1,0,0,0,1
"020","RL",9156,"Pave","NA",3,"Lvl",4,"Inside",3,"NWAmes","PosN","Norm","1Fam","1Story",6,7,1968,1968,"Hip","CompShg","BrkFace","BrkFace","None",0,3,3,"CBlock",3,3,1,1,1,1489,"GasA",4,"Y",5,1489,0,0,2,0,3,1,4,8,1,4,"Attchd",2,2,462,3,3,3,0,0,0,0,0,0,0,0,"NA",0,8,2009,"WD","Normal",185750,1,1,1,0,0,0,0
"060","RL",10530,"Pave","NA",4,"Lvl",4,"Inside",3,"NWAmes","PosA","Norm","1Fam","2Story",7,5,1978,1978,"Gable","CompShg","Plywood","Plywood","BrkFace",68,3,3,"CBlock",3,3,1,1,1,945,"GasA",3,"Y",5,1857,0,0,2,1,4,1,3,8,1,3,"Attchd",2,2,482,3,3,3,400,105,0,0,0,0,0,4,"NA",0,7,2006,"WD","Normal",188900,1,1,1,0,1,0,1
"060","RL",13693,"Pave","NA",4,"Lvl",4,"Inside",3,"NridgHt","Norm","Norm","1Fam","2Story",9,5,2006,2006,"Hip","CompShg","VinylSd","VinylSd","BrkFace",772,5,3,"PConc",4,3,3,1,1,2153,"GasA",5,"Y",5,2643,0,0,2,1,3,1,5,8,1,4,"BuiltIn",3,3,694,3,3,3,414,84,0,0,0,0,0,0,"NA",0,3,2007,"WD","Normal",380000,1,1,1,0,0,0,1
"050","RL",14235,"Pave","NA",3,"Lvl",4,"Inside",3,"SawyerW","Norm","Norm","1Fam","1.5Fin",6,8,1900,1993,"Gable","CompShg","Wd Sdng","Plywood","None",0,3,3,"PConc",2,4,1,1,1,676,"GasA",3,"Y",5,1445,0,0,2,0,3,1,3,8,0,0,"Detchd",1,2,484,3,3,1,0,59,0,0,0,0,0,0,"NA",0,3,2010,"WD","Normal",138500,1,1,0,0,0,0,0
"020","RL",9840,"Pave","NA",4,"Lvl",4,"Inside",3,"NAmes","Norm","Norm","1Fam","1Story",5,7,1959,1998,"Gable","CompShg","HdBoard","HdBoard","None",0,3,3,"CBlock",3,3,1,5,1,1248,"GasA",3,"Y",5,1440,1,0,2,0,2,1,4,8,0,0,"Attchd",2,1,480,3,3,3,150,0,0,0,256,0,0,0,"NA",0,6,2008,"WD","Normal",185000,1,1,0,0,0,0,0
"050","RM",7920,"Pave","Grvl",3,"Lvl",4,"Inside",3,"IDOTRR","Artery","Norm","1Fam","1.5Fin",6,7,1920,1950,"Gable","CompShg","MetalSd","MetalSd","None",0,3,2,"CBlock",3,3,1,1,1,319,"GasA",3,"Y",3,1406,0,0,1,0,3,1,2,8,0,0,"NA",0,0,0,0,0,1,0,144,0,0,0,0,0,3,"NA",0,3,2008,"WD","Normal",89500,1,0,0,0,1,1,0
"020","RL",10933,"Pave","NA",4,"Lvl",4,"Inside",3,"CollgCr","Norm","Norm","1Fam","1Story",9,5,2009,2009,"Hip","CompShg","VinylSd","VinylSd","Stone",242,5,3,"PConc",5,3,4,6,1,1555,"GasA",5,"Y",5,1680,1,0,1,1,1,1,5,8,1,4,"Attchd",3,3,1138,3,3,3,185,24,0,0,0,0,0,0,"NA",0,7,2009,"New","Partial",323262,1,1,1,0,0,0,1
"020","RL",7500,"Pave","NA",4,"Lvl",4,"Inside",3,"SawyerW","Norm","Norm","1Fam","1Story",7,5,2006,2006,"Gable","CompShg","VinylSd","VinylSd","None",0,4,3,"PConc",4,4,1,6,1,1141,"GasA",5,"Y",5,1141,1,0,1,1,3,1,4,8,0,0,"Detchd",2,2,484,3,3,3,182,0,0,0,0,0,0,0,"NA",0,6,2009,"WD","Normal",152000,1,1,0,0,0,0,0
"160","FV",3182,"Pave","Pave",4,"Lvl",4,"Inside",3,"Somerst","Norm","Norm","TwnhsE","2Story",7,5,2004,2005,"Gable","CompShg","MetalSd","MetalSd","None",0,4,3,"PConc",4,3,1,1,1,600,"GasA",5,"Y",5,1200,0,0,2,1,2,1,4,8,0,0,"Detchd",2,2,480,3,3,3,0,172,0,0,0,0,0,0,"NA",0,6,2010,"WD","Normal",151000,1,1,0,0,0,1,0
"020","RL",9060,"Pave","NA",4,"Lvl",4,"Inside",3,"Edwards","Artery","Norm","1Fam","1Story",5,6,1957,2006,"Hip","CompShg","Wd Sdng","Wd Sdng","BrkFace",98,3,3,"PConc",0,0,0,0,0,0,"GasA",5,"Y",5,1340,0,0,1,0,3,1,3,8,1,4,"Attchd",2,1,252,3,3,3,116,0,0,180,0,0,0,3,"NA",0,6,2007,"WD","Normal",120000,0,1,1,0,1,0,1
"020","RL",10936,"Pave","NA",4,"Lvl",4,"Corner",3,"Somerst","Feedr","Norm","1Fam","1Story",8,5,2006,2006,"Gable","CompShg","VinylSd","VinylSd","BrkFace",60,4,3,"PConc",4,3,1,1,1,1504,"GasA",5,"Y",5,1504,0,0,2,0,3,1,4,8,0,0,"Attchd",3,2,510,3,3,3,144,0,0,0,0,0,0,0,"NA",0,9,2006,"New","Partial",199000,1,1,0,0,0,0,1
"120","RL",3982,"Pave","NA",4,"Lvl",4,"Inside",3,"Blmngtn","Norm","Norm","TwnhsE","1Story",8,5,2006,2006,"Hip","CompShg","VinylSd","VinylSd","None",0,4,3,"PConc",4,4,3,6,1,1520,"GasA",5,"Y",5,1567,1,0,2,0,1,1,5,8,1,4,"Attchd",3,3,648,3,3,3,312,0,0,0,0,0,0,0,"NA",0,10,2006,"New","Partial",264561,1,1,1,0,0,0,0
"020","RL",9750,"Pave","NA",3,"Lvl",4,"Inside",3,"Sawyer","Norm","Norm","1Fam","1Story",5,5,1962,1962,"Hip","CompShg","HdBoard","Plywood","None",0,3,3,"CBlock",3,3,1,2,4,980,"GasA",4,"Y",5,980,1,0,1,0,3,1,3,8,0,0,"Detchd",1,2,400,3,3,3,0,28,0,0,0,0,0,3,"NA",0,11,2009,"WD","Normal",110000,1,1,0,0,1,0,0
"190","RM",10800,"Pave","Grvl",4,"Lvl",4,"Inside",3,"OldTown","Norm","Norm","2fmCon","1.5Fin",6,6,1940,1950,"Gable","CompShg","Wd Sdng","Wd Sdng","None",0,3,3,"CBlock",3,3,1,4,1,884,"GasA",3,"Y",5,1436,0,0,2,0,3,2,3,8,2,4,"Detchd",1,2,828,3,3,3,0,0,126,0,0,0,0,0,"NA",0,5,2008,"Con","Normal",155000,1,1,1,0,0,1,0
"060","RL",8029,"Pave","NA",3,"Lvl",4,"Inside",3,"Gilbert","Norm","Norm","1Fam","2Story",6,5,2005,2005,"Gable","CompShg","VinylSd","VinylSd","None",0,3,3,"PConc",4,3,1,1,1,728,"GasA",5,"Y",5,1456,0,0,2,1,3,1,4,8,0,0,"Attchd",3,2,400,3,3,3,100,24,0,0,0,0,0,0,"NA",0,7,2008,"WD","Normal",176000,1,1,0,0,0,0,0
"080","RL",8923,"Pave","NA",3,"Lvl",4,"Inside",3,"Gilbert","Norm","Norm","1Fam","SLvl",7,5,1998,1998,"Gable","CompShg","VinylSd","VinylSd","None",0,4,3,"PConc",4,3,1,6,1,384,"GasA",4,"Y",5,1382,0,0,2,1,3,1,3,8,1,3,"BuiltIn",3,2,396,3,3,3,256,0,0,0,0,0,0,0,"NA",0,2,2009,"WD","Normal",177500,1,1,1,0,0,0,0
"020","RL",13693,"Pave","NA",4,"Lvl",4,"Inside",3,"NridgHt","Norm","Norm","1Fam","1Story",8,5,2007,2007,"Hip","CompShg","VinylSd","VinylSd","Stone",554,4,3,"PConc",5,3,4,6,4,2418,"GasA",5,"Y",5,2464,1,0,2,1,4,1,5,8,1,5,"Attchd",3,3,650,3,3,3,358,78,0,0,0,0,0,0,"NA",0,8,2008,"WD","Normal",417500,1,1,1,0,0,0,1
"060","RL",10029,"Pave","NA",3,"Lvl",4,"Corner",3,"ClearCr","Norm","Norm","1Fam","2Story",6,5,1988,1989,"Gable","CompShg","Plywood","Plywood","BrkFace",268,4,3,"PConc",4,3,1,6,1,1151,"GasA",3,"Y",5,2060,0,1,2,1,4,1,3,8,1,3,"Attchd",1,2,521,3,3,3,0,228,0,0,192,0,0,0,"NA",0,9,2007,"WD","Normal",211000,1,1,1,0,0,0,1
"020","RL",8892,"Pave","NA",4,"Lvl",4,"Corner",3,"NAmes","Norm","Norm","1Fam","1Story",5,7,1953,1996,"Gable","CompShg","WdShing","Wd Shng","None",0,4,3,"Stone",3,3,3,1,1,105,"GasA",4,"Y",5,910,0,0,1,0,3,1,4,8,0,0,"Attchd",1,2,414,3,3,3,196,0,150,0,0,0,0,2,"NA",0,10,2008,"WD","Normal",116000,1,1,0,0,1,0,0
"020","RM",12702,"Pave","NA",4,"Lvl",4,"Inside",3,"OldTown","Norm","Norm","1Fam","1Story",5,5,1956,1956,"Gable","CompShg","BrkFace","BrkFace","None",0,3,3,"PConc",0,0,0,0,0,0,"GasA",4,"Y",3,882,0,0,1,0,2,1,3,8,0,0,"Detchd",1,1,308,3,3,3,0,45,0,0,0,0,0,0,"NA",0,12,2008,"WD","Normal",97000,0,1,0,0,0,0,0
"050","RL",9839,"Pave","NA",4,"Lvl",4,"Inside",3,"SWISU","Feedr","Norm","1Fam","1.5Fin",5,2,1931,1950,"Gable","CompShg","VinylSd","VinylSd","None",0,3,3,"PConc",3,2,1,1,1,894,"GasA",5,"Y",5,1666,1,0,1,0,3,1,3,8,1,4,"NA",0,0,0,0,0,1,0,156,0,0,0,0,0,0,"NA",0,5,2010,"WD","Normal",1e+05,1,0,1,0,0,0,0
"060","RL",11069,"Pave","NA",4,"Lvl",4,"Corner",3,"CollgCr","Norm","Norm","1Fam","2Story",6,5,2007,2007,"Gable","CompShg","VinylSd","VinylSd","None",0,4,3,"PConc",4,3,1,1,1,608,"GasA",5,"Y",5,1396,0,0,2,1,3,1,4,8,1,4,"BuiltIn",3,2,440,3,3,3,100,36,0,0,0,0,0,0,"NA",0,7,2009,"WD","Normal",170000,1,1,1,0,0,0,0
"050","RL",10410,"Pave","NA",4,"Lvl",4,"Inside",3,"OldTown","Norm","Norm","1Fam","1.5Fin",5,7,1916,1987,"Gable","CompShg","HdBoard","HdBoard","None",0,3,3,"CBlock",2,3,1,1,1,660,"GasA",5,"Y",5,1656,0,0,2,1,3,1,3,6,0,0,"Detchd",1,1,180,2,2,1,0,0,0,140,0,0,0,3,"NA",0,8,2009,"WD","Normal",135000,1,1,0,0,1,0,0
"020","FV",7500,"Pave","NA",4,"Lvl",4,"Inside",3,"Somerst","Norm","Norm","1Fam","1Story",8,5,2006,2007,"Gable","CompShg","VinylSd","VinylSd","Stone",238,4,3,"PConc",4,3,1,6,1,1372,"GasA",5,"Y",5,1448,0,0,2,0,2,1,4,8,1,4,"Attchd",2,2,692,3,3,3,0,140,0,0,0,0,0,0,"NA",0,6,2009,"WD","Normal",238500,1,1,1,0,0,0,1
"020","RL",10552,"Pave","NA",3,"Lvl",4,"Inside",3,"NAmes","Norm","Norm","1Fam","1Story",5,5,1959,1959,"Hip","CompShg","BrkFace","BrkFace","None",0,3,3,"CBlock",3,3,1,3,1,1398,"GasA",4,"Y",5,1700,0,1,1,1,4,1,4,8,1,4,"Attchd",2,2,447,3,3,3,0,38,0,0,0,0,0,0,"NA",0,4,2010,"WD","Normal",165500,1,1,1,0,0,0,0
"090","RL",10800,"Pave","NA",4,"Lvl",4,"Inside",3,"Edwards","Norm","Norm","Duplex","1Story",5,5,1987,1988,"Gable","CompShg","Plywood","Plywood","None",0,3,4,"CBlock",4,4,4,6,1,1200,"GasA",3,"Y",5,1200,3,0,3,0,3,1,3,8,0,0,"NA",0,0,0,0,0,3,120,0,0,0,0,0,0,0,"NA",0,3,2009,"WD","Alloca",179000,1,0,0,0,0,0,0
"030","RL",8854,"Pave","NA",4,"Lvl",4,"Inside",3,"BrkSide","Norm","Norm","1Fam","1.5Unf",6,6,1916,1950,"Gable","CompShg","Wd Sdng","Wd Sdng","None",0,3,3,"BrkTil",3,3,1,1,1,952,"Grav",2,"N",2,952,0,0,1,0,2,1,2,8,1,4,"Detchd",1,1,192,2,1,2,0,98,0,0,40,0,0,0,"NA",0,5,2009,"WD","Normal",121000,1,1,1,0,0,0,0
"050","RM",6000,"Pave","NA",4,"Lvl",4,"Corner",3,"BrkSide","Norm","Norm","1Fam","1.5Fin",5,8,1925,1997,"Gable","CompShg","Wd Sdng","Wd Sdng","None",0,3,3,"BrkTil",3,3,1,1,1,884,"GasA",5,"Y",5,1348,1,0,1,0,3,1,3,8,1,2,"Detchd",1,1,216,3,3,1,0,0,208,0,0,0,0,0,"NA",0,5,2009,"WD","Normal",117000,1,1,1,0,0,0,0
"120","RL",5005,"Pave","NA",3,"HLS",4,"Inside",3,"StoneBr","Norm","Norm","TwnhsE","1Story",8,5,1992,1992,"Gable","CompShg","HdBoard","HdBoard","None",0,4,3,"PConc",4,3,1,5,1,1280,"GasA",5,"Y",5,1280,0,0,2,0,2,1,4,8,0,0,"Attchd",2,2,506,3,3,3,0,82,0,0,144,0,0,0,"NA",0,1,2010,"WD","Normal",191500,1,1,0,0,0,0,0
"030","RL",13360,"Pave","Grvl",3,"HLS",4,"Inside",3,"Crawfor","Norm","Norm","1Fam","1Story",5,7,1921,2006,"Gable","CompShg","Wd Sdng","Wd Sdng","None",0,3,4,"BrkTil",4,3,1,5,1,876,"GasA",5,"Y",5,964,1,0,1,0,2,1,3,8,0,0,"Detchd",1,2,432,3,3,3,0,0,44,0,0,0,0,0,"NA",0,8,2009,"WD","Normal",163500,1,1,0,0,0,1,0
"120","RL",4420,"Pave","NA",3,"Lvl",4,"CulDSac",3,"Greens","Norm","Norm","TwnhsE","1Story",8,5,1980,1980,"Gable","CompShg","Wd Sdng","Wd Sdng","None",0,4,3,"CBlock",4,3,4,6,1,728,"GasA",3,"Y",5,788,1,0,1,0,1,1,4,8,1,3,"Detchd",3,2,484,3,3,3,133,42,0,0,0,0,0,0,"NA",0,6,2010,"WD","Normal",155000,1,1,1,0,0,0,0
"070","RM",7740,"Pave","NA",4,"Lvl",4,"Inside",3,"OldTown","Norm","Norm","1Fam","2Story",4,7,1910,1950,"Gable","CompShg","VinylSd","VinylSd","None",0,3,3,"CBlock",2,3,1,1,1,622,"GasA",4,"Y",5,1363,0,0,1,0,3,1,3,8,0,0,"Detchd",1,2,528,3,3,3,0,0,0,0,168,0,0,0,"NA",0,6,2010,"WD","Normal",125500,1,1,0,0,0,0,0
"020","RL",9300,"Pave","NA",4,"Lvl",4,"Inside",3,"NAmes","Feedr","Norm","1Fam","1Story",5,5,1960,1960,"Gable","CompShg","MetalSd","HdBoard","BrkFace",324,3,3,"CBlock",3,3,1,3,1,1268,"GasA",3,"Y",5,1264,1,0,1,0,3,1,3,8,2,4,"Attchd",1,2,461,3,3,3,0,0,0,0,143,0,0,0,"NA",0,4,2010,"WD","Normal",167500,1,1,1,0,0,0,1
"090","RL",11836,"Pave","NA",3,"Lvl",4,"Corner",3,"Mitchel","Norm","Norm","Duplex","1Story",5,5,1970,1970,"Gable","CompShg","Plywood","Plywood","None",0,3,3,"CBlock",3,3,1,4,1,1652,"GasA",3,"Y",5,1652,0,0,2,0,4,2,3,8,0,0,"2Types",1,3,928,3,3,3,0,0,0,0,0,0,0,0,"NA",0,3,2006,"WD","Normal",146500,1,1,0,0,0,0,0
"050","RL",8850,"Pave","Pave",4,"Bnk",4,"Inside",3,"BrkSide","Norm","Norm","1Fam","1.5Fin",6,7,1920,1950,"Gable","CompShg","Wd Sdng","Wd Shng","None",0,3,4,"PConc",3,3,1,1,1,768,"GasA",5,"Y",5,1376,0,0,1,0,3,1,4,8,0,0,"Detchd",1,2,576,3,3,2,0,54,144,0,0,0,0,0,"NA",0,2,2007,"WD","Normal",165000,1,1,0,0,0,1,0
"060","RL",7226,"Pave","NA",3,"Lvl",4,"CulDSac",3,"CollgCr","Norm","Norm","1Fam","2Story",7,5,2003,2003,"Gable","CompShg","VinylSd","VinylSd","None",0,4,3,"PConc",4,3,1,1,1,798,"GasA",5,"Y",5,1640,0,0,2,1,3,1,4,8,0,0,"Attchd",2,2,595,3,3,3,0,45,0,0,0,0,0,0,"NA",0,6,2008,"WD","Normal",183000,1,1,0,0,0,0,0
"060","RL",9084,"Pave","NA",3,"Lvl",4,"Inside",3,"Gilbert","Norm","Norm","1Fam","2Story",7,5,1998,1998,"Hip","CompShg","VinylSd","VinylSd","None",0,3,3,"PConc",4,3,1,1,1,935,"GasA",4,"Y",5,1632,0,0,2,1,3,1,3,8,1,3,"Attchd",3,2,462,3,3,3,0,28,0,0,0,0,0,0,"NA",0,6,2006,"WD","Normal",176500,1,1,1,0,0,0,0
"020","RL",8696,"Pave","NA",3,"Lvl",4,"Inside",3,"CollgCr","Norm","Norm","1Fam","1Story",7,5,1997,1998,"Gable","CompShg","VinylSd","VinylSd","BrkFace",150,3,3,"PConc",4,3,4,6,1,1418,"GasA",5,"Y",5,1418,1,0,2,0,3,1,4,8,1,3,"Attchd",2,2,558,3,3,3,208,110,0,0,0,0,0,0,"NA",0,5,2008,"WD","Normal",226001,1,1,1,0,0,0,1
"020","RL",9547,"Pave","NA",4,"Lvl",4,"Inside",3,"NWAmes","Norm","Norm","1Fam","1Story",7,6,1993,1993,"Gable","CompShg","VinylSd","VinylSd","BrkFace",112,3,3,"PConc",4,3,1,1,1,1594,"GasA",5,"Y",5,1594,0,0,2,0,2,1,4,8,1,3,"Attchd",2,2,472,3,3,3,190,80,0,0,0,0,0,0,"NA",0,7,2007,"WD","Normal",188500,1,1,1,0,0,0,1
"070","RL",26400,"Pave","NA",4,"Bnk",4,"FR2",3,"SawyerW","Feedr","Norm","1Fam","2Story",5,7,1880,2007,"Gable","CompShg","HdBoard","HdBoard","None",0,4,3,"PConc",0,0,0,0,0,0,"GasA",5,"Y",5,2016,0,0,1,0,4,1,3,5,1,3,"Attchd",1,2,576,3,3,2,0,0,0,0,0,0,0,0,"NA",0,6,2009,"WD","Normal",131000,0,1,1,0,0,0,0
"190","RM",5852,"Pave","NA",1,"Bnk",4,"Corner",3,"OldTown","Feedr","Norm","2fmCon","2.5Unf",7,5,1902,2000,"Gable","CompShg","MetalSd","MetalSd","Stone",188,3,2,"BrkTil",3,2,1,3,1,1020,"GasA",3,"N",2,1864,0,0,2,1,6,1,3,8,0,0,"NA",0,0,0,0,0,1,0,188,102,0,0,0,0,0,"NA",0,5,2009,"WD","Normal",97500,1,0,0,0,0,0,1
"060","RL",9828,"Pave","NA",3,"Lvl",4,"Inside",3,"SawyerW","Norm","Norm","1Fam","2Story",8,5,1995,1995,"Gable","CompShg","VinylSd","VinylSd","None",0,4,3,"PConc",4,3,1,6,1,1128,"GasA",5,"Y",5,2020,0,0,2,1,3,1,4,8,1,3,"Attchd",2,2,466,3,3,3,0,155,0,0,0,0,0,0,"NA",0,6,2009,"WD","Normal",239500,1,1,1,0,0,0,0
"070","RL",9042,"Pave","NA",4,"Lvl",4,"Inside",3,"Crawfor","Norm","Norm","1Fam","2Story",7,9,1941,2006,"Gable","CompShg","CemntBd","CmentBd","None",0,5,4,"Stone",3,4,1,6,1,1152,"GasA",5,"Y",5,2340,0,0,2,0,4,1,4,8,2,4,"Attchd",2,1,252,3,3,3,0,60,0,0,0,0,0,4,"Shed",2500,5,2010,"WD","Normal",266500,1,1,1,0,1,0,0
"080","RL",9020,"Pave","NA",4,"Lvl",4,"Corner",3,"NAmes","Feedr","Norm","1Fam","SLvl",6,5,1964,1964,"Gable","WdShngl","Plywood","Wd Sdng","BrkFace",259,3,3,"CBlock",3,3,4,6,3,1248,"GasA",3,"Y",5,1350,1,0,1,1,3,1,3,8,0,0,"Attchd",2,2,520,3,3,3,176,0,0,0,0,0,0,4,"NA",0,6,2008,"WD","Normal",168500,1,1,0,0,1,0,1
"030","RM",7200,"Pave","NA",4,"Lvl",4,"Inside",3,"OldTown","Norm","Norm","1Fam","1Story",5,8,1940,1950,"Gable","CompShg","VinylSd","VinylSd","Stone",279,3,3,"CBlock",3,3,1,1,1,808,"GasA",5,"Y",5,1072,0,0,1,0,2,1,3,8,2,4,"Detchd",1,2,379,3,3,3,0,0,0,0,0,0,0,0,"NA",0,5,2007,"WD","Normal",130000,1,1,1,0,0,0,1
"030","RM",4485,"Pave","Grvl",4,"Lvl",4,"Inside",3,"OldTown","Artery","Norm","1Fam","1Story",5,7,1920,1950,"Gable","CompShg","Wd Sdng","Wd Sdng","None",0,3,3,"PConc",3,3,1,4,1,936,"GasA",3,"Y",5,936,1,0,1,0,2,1,3,8,1,4,"NA",0,0,0,0,0,2,51,0,135,0,0,0,0,3,"NA",0,5,2010,"WD","Normal",109500,1,0,1,0,1,1,0
"060","RL",10790,"Pave","NA",4,"Lvl",4,"Inside",3,"NoRidge","Norm","Norm","1Fam","2Story",7,5,1998,1998,"Gable","CompShg","VinylSd","VinylSd","BrkFace",275,4,3,"PConc",4,3,1,1,1,1066,"GasA",5,"Y",5,2385,0,0,2,1,4,1,4,8,1,3,"BuiltIn",3,3,600,3,3,3,120,38,0,0,0,0,0,0,"NA",0,5,2007,"WD","Normal",252000,1,1,1,0,0,0,1
"060","FV",10800,"Pave","NA",4,"Lvl",4,"Inside",3,"Somerst","Norm","Norm","1Fam","2Story",8,5,2007,2008,"Gable","CompShg","VinylSd","VinylSd","Stone",100,4,3,"PConc",5,3,1,6,1,1034,"GasA",5,"Y",5,2078,1,0,2,1,3,1,5,8,1,4,"Attchd",3,3,836,3,3,3,0,102,0,0,0,0,0,0,"NA",0,4,2008,"New","Partial",339750,1,1,1,0,0,0,1
"020","RL",9450,"Pave","NA",3,"Lvl",4,"Corner",3,"NAmes","Norm","Norm","1Fam","1Story",4,5,1957,1957,"Gable","CompShg","Wd Sdng","Wd Sdng","BrkFace",160,3,3,"CBlock",3,3,1,4,1,1040,"GasA",3,"Y",5,1362,1,0,1,0,3,1,3,8,1,4,"Attchd",2,3,768,3,3,3,0,0,84,0,0,0,0,3,"NA",0,5,2009,"WD","Normal",140000,1,1,1,0,1,0,1
"020","FV",9187,"Pave","NA",4,"Lvl",4,"Inside",3,"Somerst","Norm","Norm","1Fam","1Story",9,5,2009,2009,"Gable","CompShg","CemntBd","CmentBd","Stone",162,5,3,"PConc",5,3,2,6,1,1766,"GasA",5,"Y",5,1766,1,0,2,1,2,1,5,8,1,4,"Attchd",3,3,478,3,3,3,195,130,0,0,0,0,0,0,"NA",0,10,2009,"New","Partial",370878,1,1,1,0,0,0,1
"020","RL",9556,"Pave","NA",3,"Lvl",4,"Corner",3,"Gilbert","Norm","Norm","1Fam","1Story",7,5,1992,1993,"Gable","CompShg","HdBoard","HdBoard","BrkFace",52,3,3,"PConc",4,3,1,1,1,1168,"GasA",4,"Y",5,1187,0,0,2,0,3,1,4,8,0,0,"Attchd",2,2,420,3,3,3,0,21,0,0,0,0,0,0,"NA",0,8,2007,"WD","Normal",160000,1,1,0,0,0,0,1
"020","RL",9849,"Pave","NA",4,"Lvl",4,"Inside",3,"Somerst","Norm","Norm","1Fam","1Story",7,6,2007,2007,"Hip","CompShg","VinylSd","VinylSd","Stone",0,4,3,"PConc",4,3,3,1,1,1689,"GasA",5,"Y",5,1689,0,0,2,0,3,1,4,8,0,0,"Attchd",2,3,954,3,3,3,0,56,0,0,0,0,0,0,"NA",0,6,2007,"New","Partial",248328,1,1,0,0,0,0,1
"060","RL",8755,"Pave","NA",3,"Lvl",4,"FR2",3,"Gilbert","RRNn","Norm","1Fam","2Story",7,5,1999,1999,"Gable","CompShg","VinylSd","VinylSd","BrkFace",298,4,3,"PConc",4,3,1,5,1,992,"GasA",5,"Y",5,2060,1,0,2,1,3,1,4,8,1,3,"BuiltIn",2,2,390,3,3,3,0,0,0,168,0,0,0,4,"NA",0,6,2009,"WD","Normal",214000,1,1,1,0,1,0,1
"070","RM",6000,"Pave","Grvl",4,"Lvl",4,"Corner",3,"OldTown","Norm","Norm","1Fam","2Story",5,9,1905,2005,"Gable","CompShg","MetalSd","MetalSd","None",0,4,3,"BrkTil",2,3,1,1,1,572,"GasA",5,"Y",5,1540,0,0,1,1,3,1,4,8,0,0,"NA",0,0,0,0,0,1,240,77,0,0,0,0,0,0,"NA",0,2,2008,"WD","Normal",129400,1,0,0,0,0,1,0
"020","RL",10437,"Pave","NA",3,"Lvl",4,"Inside",3,"NoRidge","Norm","Norm","1Fam","1Story",8,6,1995,1995,"Hip","CompShg","MetalSd","MetalSd","BrkFace",660,4,4,"PConc",4,3,4,6,1,2109,"GasA",5,"Y",5,2113,1,0,2,1,2,1,4,8,1,3,"Attchd",3,3,839,3,3,3,236,46,0,0,0,0,0,0,"NA",0,8,2008,"WD","Normal",350000,1,1,1,0,0,0,1
"060","RL",13000,"Pave","NA",4,"Lvl",4,"Corner",3,"NAmes","Norm","Norm","1Fam","2Story",6,6,1968,1968,"Gable","CompShg","VinylSd","VinylSd","BrkFace",576,3,4,"CBlock",4,3,1,3,1,896,"GasA",3,"Y",5,2142,0,0,2,1,4,1,4,8,1,4,"Attchd",3,1,509,3,3,3,0,72,0,0,252,0,0,0,"NA",0,6,2009,"WD","Normal",193500,1,1,1,0,0,0,1
"060","RL",15922,"Pave","NA",3,"HLS",4,"Corner",3,"StoneBr","Norm","Norm","1Fam","2Story",9,5,2005,2006,"Hip","CompShg","VinylSd","VinylSd","BrkFace",550,4,3,"PConc",5,3,3,1,1,1390,"GasA",5,"Y",5,2795,0,0,3,1,4,1,5,8,1,4,"BuiltIn",3,3,660,3,3,3,272,102,0,0,0,0,0,0,"NA",0,1,2006,"New","Partial",401179,1,1,1,0,0,0,1
"060","RL",11900,"Pave","NA",4,"Lvl",4,"Inside",3,"Gilbert","Norm","Norm","1Fam","2Story",5,6,1977,1977,"Gable","CompShg","HdBoard","Wd Sdng","BrkFace",157,3,3,"PConc",4,3,1,5,1,1122,"GasA",5,"Y",5,1934,1,0,2,1,3,1,3,8,1,3,"Attchd",1,2,567,3,3,2,0,176,0,0,200,0,0,0,"NA",0,7,2009,"WD","Normal",185000,1,1,1,0,0,0,1
"050","RM",6000,"Pave","NA",4,"Lvl",4,"Inside",3,"BrkSide","Norm","Norm","1Fam","1.5Fin",6,6,1939,1950,"Gable","CompShg","MetalSd","MetalSd","None",0,3,2,"CBlock",3,3,1,1,1,780,"GasA",5,"Y",2,1412,0,0,1,0,4,1,3,8,1,4,"Detchd",1,1,280,3,3,3,45,0,0,0,0,0,0,0,"NA",0,5,2009,"WD","Normal",132500,1,1,1,0,0,0,0
"085","RL",7252,"Pave","NA",3,"Lvl",4,"CulDSac",3,"Sawyer","Norm","Norm","1Fam","SFoyer",5,5,1982,1982,"Hip","CompShg","Wd Sdng","Wd Sdng","None",0,3,3,"CBlock",4,3,3,6,1,858,"GasA",3,"Y",5,858,1,0,1,0,2,1,3,8,0,0,"Detchd",1,2,576,3,3,3,120,0,0,0,0,0,0,0,"NA",0,4,2009,"WD","Normal",134900,1,1,0,0,0,0,0
"060","RL",9044,"Pave","NA",3,"Lvl",4,"Inside",3,"NoRidge","Norm","Norm","1Fam","2Story",8,5,1996,1997,"Gable","CompShg","VinylSd","VinylSd","BrkFace",526,4,4,"PConc",4,3,1,6,1,1325,"GasA",5,"Y",5,2538,0,0,2,1,4,1,4,8,1,3,"Attchd",2,3,933,3,3,3,198,92,0,0,0,0,0,0,"NA",0,5,2007,"WD","Normal",330000,1,1,1,0,0,0,1
"050","RL",10452,"Pave","NA",3,"Lvl",4,"Inside",3,"Crawfor","Norm","Norm","1Fam","1.5Fin",7,6,1941,1985,"Gable","CompShg","Wd Sdng","Wd Sdng","BrkFace",371,4,4,"BrkTil",4,3,1,5,4,1528,"GasA",5,"Y",5,2133,1,0,1,1,4,1,3,8,2,3,"Attchd",1,1,312,3,3,3,0,0,86,0,0,0,0,0,"NA",0,7,2010,"WD","Normal",257500,1,1,1,0,0,0,1
"060","RL",13543,"Pave","NA",3,"HLS",4,"Corner",3,"StoneBr","Norm","Norm","1Fam","2Story",8,5,2005,2005,"Gable","CompShg","VinylSd","VinylSd","Stone",130,4,3,"PConc",5,3,4,6,1,1168,"GasA",5,"Y",5,2500,0,0,3,1,5,1,5,8,1,4,"BuiltIn",3,3,683,3,3,3,192,32,0,0,0,0,0,0,"NA",0,7,2008,"WD","Normal",355000,1,1,1,0,0,0,1
"020","RL",10159,"Pave","NA",3,"Lvl",4,"Inside",3,"NridgHt","Norm","Norm","1Fam","1Story",9,5,2009,2010,"Hip","CompShg","VinylSd","VinylSd","Stone",450,5,3,"PConc",5,3,3,6,1,1930,"GasA",5,"Y",5,1940,1,0,2,1,3,1,5,8,1,4,"Attchd",3,3,606,3,3,3,168,95,0,0,0,0,0,0,"NA",0,4,2010,"New","Partial",395192,1,1,1,0,0,0,1
"060","RL",8145,"Pave","NA",3,"Lvl",4,"Inside",3,"CollgCr","Norm","Norm","1Fam","2Story",7,5,2007,2007,"Gable","CompShg","VinylSd","VinylSd","None",0,4,3,"PConc",4,3,1,1,1,738,"GasA",5,"Y",5,1476,0,0,2,1,3,1,4,8,0,0,"Attchd",2,2,552,3,3,3,0,35,0,0,0,0,0,0,"NA",0,6,2007,"New","Partial",179400,1,1,0,0,0,0,0
"020","RL",15274,"Pave","NA",3,"Lvl",4,"Corner",3,"NridgHt","Norm","Norm","1Fam","1Story",9,5,2003,2003,"Hip","CompShg","VinylSd","VinylSd","BrkFace",724,4,3,"PConc",5,3,1,6,1,2452,"GasA",5,"Y",5,2452,2,0,2,0,3,1,5,8,1,4,"Attchd",3,3,886,3,3,3,0,116,0,0,0,0,0,3,"NA",0,7,2009,"WD","Normal",445000,1,1,1,0,1,0,1
"190","RL",11625,"Pave","NA",4,"Lvl",4,"Inside",3,"Sawyer","Norm","Norm","2fmCon","1Story",5,4,1965,1965,"Hip","CompShg","Plywood","HdBoard","None",0,3,3,"PConc",3,3,2,4,1,1039,"GasA",5,"Y",5,1039,1,0,1,1,3,1,3,8,0,0,"Attchd",1,2,504,3,3,3,0,0,0,0,0,0,0,0,"NA",0,4,2010,"WD","Normal",131500,1,1,0,0,0,0,0
"050","RL",9350,"Pave","NA",4,"Bnk",4,"Inside",3,"Edwards","Norm","Norm","1Fam","1.5Fin",4,6,1947,1979,"Gable","CompShg","WdShing","Wd Shng","None",0,3,3,"CBlock",3,2,1,2,1,756,"GasA",5,"Y",5,1531,0,0,1,0,3,1,3,8,1,3,"Detchd",1,1,209,2,3,3,0,0,0,0,0,0,0,3,"NA",0,6,2010,"WD","Normal",127000,1,1,1,0,1,0,0
"060","RL",10237,"Pave","NA",4,"Lvl",4,"Inside",3,"Gilbert","RRAn","Norm","1Fam","2Story",6,5,2005,2006,"Gable","CompShg","VinylSd","VinylSd","None",0,4,3,"PConc",4,3,1,1,1,728,"GasA",5,"Y",5,1456,0,0,2,1,3,1,4,8,1,4,"Attchd",3,2,390,3,3,3,0,24,0,0,0,0,0,0,"NA",0,2,2006,"New","Partial",170440,1,1,1,0,0,0,0
"020","RL",10084,"Pave","NA",4,"Lvl",4,"Inside",3,"CollgCr","Norm","Norm","1Fam","1Story",7,5,2005,2006,"Gable","CompShg","VinylSd","VinylSd","BrkFace",196,4,3,"PConc",4,3,3,6,1,1552,"GasA",5,"Y",5,1552,0,0,2,0,3,1,4,8,0,0,"Attchd",2,3,782,3,3,3,144,20,0,0,0,0,0,0,"NA",0,7,2006,"New","Partial",212900,1,1,0,0,0,0,1
"090","RM",5976,"Pave","NA",4,"Lvl",4,"Inside",3,"OldTown","Norm","Norm","Duplex","2Story",5,7,1920,1950,"Hip","CompShg","Wd Sdng","Wd Sdng","None",0,3,3,"PConc",3,3,1,1,1,624,"GasA",4,"N",3,1248,0,0,2,0,2,2,3,8,0,0,"NA",0,0,0,0,0,1,0,130,256,0,0,0,0,0,"NA",0,12,2006,"WD","Normal",93500,1,0,0,0,0,0,0
"020","RH",8400,"Pave","NA",4,"Lvl",4,"Inside",3,"SawyerW","Feedr","Norm","1Fam","1Story",4,4,1950,1950,"Gable","CompShg","Wd Sdng","AsbShng","None",0,2,2,"CBlock",3,2,1,1,1,721,"GasA",4,"Y",5,841,0,0,1,0,2,1,3,8,0,0,"CarPort",1,1,294,3,3,1,250,0,24,0,0,0,0,0,"NA",0,9,2009,"WD","Normal",82000,1,1,0,0,0,0,0
"070","RM",9600,"Pave","NA",4,"Lvl",4,"Inside",3,"OldTown","Norm","Norm","1Fam","2Story",4,4,1910,1950,"Gable","CompShg","VinylSd","VinylSd","None",0,4,4,"BrkTil",2,3,1,1,1,677,"GasA",3,"Y",5,1510,0,0,2,0,3,1,4,8,0,0,"Detchd",1,2,720,3,3,1,0,0,160,0,0,0,0,0,"NA",0,6,2009,"WD","Normal",87500,1,1,0,0,0,0,0
"020","RL",10152,"Pave","NA",4,"Lvl",4,"Inside",3,"NAmes","Norm","Norm","1Fam","1Story",6,6,1956,1994,"Gable","CompShg","Wd Sdng","Wd Sdng","None",0,3,3,"CBlock",3,3,3,4,1,1124,"GasA",5,"Y",5,1124,1,0,1,0,3,1,3,8,1,3,"Attchd",3,1,353,3,3,3,0,211,180,0,142,0,0,0,"NA",0,5,2006,"WD","Normal",153000,1,1,1,0,0,0,0
"180","RM",1533,"Pave","NA",4,"Lvl",4,"Inside",3,"MeadowV","Norm","Norm","Twnhs","SLvl",4,5,1970,1970,"Gable","CompShg","CemntBd","CmentBd","None",0,3,3,"CBlock",4,3,3,6,1,530,"GasA",3,"Y",5,992,1,0,1,0,2,1,3,8,0,0,"BuiltIn",3,1,297,3,3,3,112,97,0,0,0,0,0,0,"NA",0,7,2007,"WD","Normal",106500,1,1,0,0,0,0,0
"160","FV",2280,"Pave","Pave",4,"Lvl",4,"Inside",3,"Somerst","Norm","Norm","Twnhs","2Story",6,5,1999,1999,"Gable","CompShg","MetalSd","MetalSd","BrkFace",342,3,3,"PConc",4,3,1,6,1,744,"GasA",4,"Y",5,1501,1,0,2,1,3,1,3,8,1,3,"Detchd",1,2,440,3,3,3,0,0,0,0,0,0,0,0,"NA",0,9,2007,"WD","Normal",176500,1,1,1,0,0,1,1
"020","RL",11428,"Pave","NA",3,"Lvl",4,"Inside",3,"NridgHt","Norm","Norm","1Fam","1Story",8,5,2006,2006,"Gable","CompShg","VinylSd","VinylSd","Stone",248,4,3,"PConc",4,3,1,1,1,1626,"GasA",5,"Y",5,1634,0,0,2,0,3,1,4,8,1,4,"Attchd",2,3,866,3,3,3,0,44,0,0,0,0,0,0,"NA",0,5,2007,"WD","Normal",250000,1,1,1,0,0,0,1
"120","RM",3842,"Pave","NA",3,"HLS",4,"Inside",2,"Crawfor","Norm","Norm","TwnhsE","1Story",8,5,2004,2005,"Hip","CompShg","CemntBd","CmentBd","Stone",186,4,3,"PConc",5,3,4,6,1,1594,"GasA",5,"Y",5,1646,1,1,2,0,2,1,4,8,1,4,"Attchd",3,2,525,3,3,3,128,53,0,0,155,0,0,0,"NA",0,12,2006,"WD","Normal",3e+05,1,1,1,0,0,0,1
"020","RL",9135,"Pave","NA",4,"Lvl",4,"Inside",3,"CollgCr","Norm","Norm","1Fam","1Story",6,5,2003,2003,"Gable","CompShg","VinylSd","VinylSd","BrkFace",120,4,3,"PConc",4,3,3,6,1,1682,"GasA",5,"Y",5,1700,1,0,2,0,3,1,4,8,0,0,"Attchd",2,2,544,3,3,3,192,23,0,0,0,0,0,0,"NA",0,5,2006,"WD","Normal",2e+05,1,1,0,0,0,0,1
"120","RL",3940,"Pave","NA",4,"Lvl",4,"Inside",3,"Blmngtn","Norm","Norm","TwnhsE","1Story",7,5,2003,2003,"Gable","CompShg","VinylSd","VinylSd","BrkFace",143,4,3,"PConc",4,3,4,6,1,1415,"GasA",5,"Y",5,1455,1,0,2,0,2,1,4,8,1,3,"Attchd",3,3,644,3,3,3,156,20,0,0,144,0,0,0,"NA",0,8,2008,"WD","Normal",195000,1,1,1,0,0,0,1
"060","RL",8244,"Pave","NA",3,"Lvl",4,"Inside",3,"Gilbert","Norm","Norm","1Fam","2Story",7,5,2004,2004,"Gable","CompShg","VinylSd","VinylSd","None",0,4,3,"PConc",4,3,1,1,1,840,"GasA",5,"Y",5,1720,0,0,2,1,3,1,4,8,1,4,"Attchd",3,2,440,3,3,3,100,48,0,0,0,0,0,0,"NA",0,5,2007,"WD","Normal",183500,1,1,1,0,0,0,0
"060","RL",12961,"Pave","NA",4,"Lvl",4,"Inside",3,"Mitchel","Norm","Norm","1Fam","2Story",6,5,1993,1994,"Gable","CompShg","VinylSd","VinylSd","None",0,4,4,"PConc",4,3,2,6,1,1152,"GasA",5,"Y",5,1797,1,0,2,1,3,1,4,8,1,2,"Attchd",3,2,616,3,3,3,162,312,0,0,0,0,0,0,"NA",0,3,2010,"WD","Normal",231000,1,1,1,0,0,0,0
"020","RL",19958,"Pave","NA",4,"Lvl",4,"Inside",3,"Timber","Norm","Norm","1Fam","1Story",6,8,1958,1995,"Hip","CompShg","HdBoard","HdBoard","BrkFace",1224,3,4,"CBlock",3,3,1,1,1,585,"GasA",4,"Y",5,2279,0,0,2,1,4,1,4,8,1,4,"Attchd",2,2,461,3,3,3,274,0,0,0,138,0,0,4,"NA",0,7,2007,"WD","Normal",257000,1,1,1,0,1,0,1
"070","C (all)",9000,"Grvl","NA",4,"Bnk",4,"Inside",3,"IDOTRR","Norm","Norm","1Fam","2Story",4,6,1920,1950,"Gable","CompShg","MetalSd","MetalSd","None",0,3,3,"Stone",2,2,2,1,1,592,"GasA",5,"Y",5,864,0,0,1,1,3,1,2,6,0,0,"Detchd",1,1,216,2,2,1,0,30,160,0,0,0,0,0,"NA",0,6,2008,"WD","Normal",65000,1,1,0,0,0,0,0
"080","RL",13014,"Pave","NA",4,"Lvl",4,"Inside",3,"Sawyer","Norm","Norm","1Fam","SLvl",6,5,1978,1978,"Gable","CompShg","HdBoard","Plywood","BrkFace",39,3,3,"CBlock",3,3,3,5,1,1008,"GasA",3,"Y",5,1096,1,0,1,0,3,1,3,8,1,2,"Attchd",1,2,484,3,3,3,168,0,0,0,0,0,0,0,"NA",0,12,2008,"WD","Normal",157500,1,1,1,0,0,0,1
"050","RL",7642,"Pave","NA",4,"Lvl",4,"Corner",3,"Crawfor","Norm","Norm","1Fam","1.5Fin",7,8,1918,1998,"Gable","CompShg","Wd Sdng","Wd Sdng","None",0,4,3,"BrkTil",3,3,1,1,1,912,"GasA",4,"Y",5,1426,0,0,1,1,3,1,4,8,1,4,"Detchd",1,1,216,3,3,3,0,240,0,0,0,0,0,4,"NA",0,6,2007,"WD","Normal",189950,1,1,1,0,1,0,0
"020","RL",15240,"Pave","NA",3,"Lvl",4,"FR2",3,"CollgCr","Norm","Norm","1Fam","1Story",5,8,1977,2004,"Gable","CompShg","CemntBd","CmentBd","None",0,4,4,"CBlock",4,3,1,6,3,1026,"GasA",5,"Y",5,1026,1,0,1,1,3,1,3,8,0,0,"Attchd",1,1,308,3,3,3,316,85,0,0,0,0,0,3,"NA",0,6,2010,"WD","Normal",150000,1,1,0,0,1,0,0
"090","RL",12436,"Pave","NA",4,"Lvl",4,"Inside",3,"NAmes","Norm","Norm","Duplex","1Story",5,5,1957,1957,"Gable","CompShg","Wd Sdng","Wd Sdng","None",0,3,3,"CBlock",3,3,1,1,1,1824,"GasA",2,"Y",3,1824,0,0,2,0,5,2,3,8,0,0,"Detchd",1,2,484,3,3,3,0,0,0,0,0,0,0,0,"NA",0,1,2008,"WD","Normal",146000,1,1,0,0,0,0,0
"060","RL",9760,"Pave","NA",4,"Lvl",4,"Inside",2,"NAmes","Norm","Norm","1Fam","2Story",6,8,1964,1993,"Hip","CompShg","Wd Sdng","Wd Sdng","BrkFace",340,3,3,"CBlock",3,3,4,4,3,822,"GasA",4,"Y",5,1851,0,0,2,1,3,1,4,8,1,2,"Attchd",2,2,440,3,3,3,239,42,0,0,0,0,0,1,"NA",0,7,2007,"WD","Normal",187000,1,1,1,0,1,0,1
"120","RL",2887,"Pave","NA",4,"HLS",4,"Inside",3,"ClearCr","Norm","Norm","1Fam","1Story",6,5,1996,1997,"Gable","CompShg","Wd Sdng","Wd Sdng","None",0,3,3,"PConc",4,3,2,6,1,1291,"GasA",5,"Y",5,1291,1,0,1,0,2,1,4,8,1,4,"Attchd",1,2,431,3,3,3,307,0,0,0,0,0,0,0,"NA",0,11,2008,"WD","Normal",173000,1,1,1,0,0,0,0
"075","RL",7793,"Pave","NA",3,"Bnk",4,"Corner",3,"BrkSide","Norm","Norm","1Fam","2.5Unf",7,7,1922,2005,"Gable","CompShg","Wd Sdng","Wd Sdng","None",0,3,3,"BrkTil",4,3,1,4,1,1108,"GasA",3,"N",3,2068,0,0,1,1,3,1,4,8,1,4,"Detchd",1,1,315,3,3,3,0,0,60,0,0,0,0,0,"NA",0,5,2010,"WD","Normal",209500,1,1,1,0,0,0,0
"020","RL",13501,"Pave","NA",3,"Lvl",4,"Corner",3,"Somerst","Norm","Norm","1Fam","1Story",8,5,2006,2006,"Gable","CompShg","VinylSd","VinylSd","Stone",208,4,3,"PConc",4,3,1,6,1,1623,"GasA",5,"Y",5,1636,1,0,2,0,3,1,4,8,1,4,"Attchd",2,3,865,3,3,3,0,60,0,0,0,0,0,0,"NA",0,6,2007,"WD","Normal",255000,1,1,1,0,0,0,1
"080","RL",19255,"Pave","NA",3,"Lvl",4,"Inside",3,"SawyerW","Norm","Norm","1Fam","SLvl",6,5,1983,1983,"Gable","CompShg","Wd Sdng","Wd Sdng","BrkFace",100,4,3,"CBlock",4,3,3,3,6,520,"GasA",4,"Y",5,1338,0,0,1,1,2,1,4,6,1,1,"Attchd",1,2,576,3,3,3,0,0,0,0,0,0,0,0,"Shed",600,9,2009,"WD","Normal",156500,1,1,1,0,0,0,1
"020","RL",8500,"Pave","NA",4,"Lvl",4,"FR2",3,"CollgCr","Norm","Norm","1Fam","1Story",7,5,2004,2004,"Gable","CompShg","VinylSd","VinylSd","BrkFace",106,4,3,"PConc",4,3,3,1,1,1422,"GasA",5,"Y",5,1422,0,0,2,0,3,1,4,8,0,0,"Attchd",2,2,626,3,3,3,192,60,0,0,0,0,0,0,"NA",0,11,2007,"WD","Normal",179600,1,1,0,0,0,0,1
"020","RL",13300,"Pave","NA",4,"Lvl",4,"Inside",3,"NAmes","Norm","Norm","1Fam","1Story",5,7,1956,2000,"Hip","CompShg","Wd Sdng","Wd Sdng","None",0,3,3,"CBlock",4,3,1,3,1,928,"GasA",3,"Y",5,928,0,0,1,0,2,1,3,8,0,0,"Attchd",1,1,252,3,3,3,261,0,156,0,0,0,0,0,"NA",0,6,2007,"WD","Normal",132000,1,1,0,0,0,0,0
"020","RL",11024,"Pave","NA",3,"Lvl",4,"Corner",3,"SawyerW","Norm","Norm","1Fam","1Story",7,5,2005,2006,"Gable","CompShg","VinylSd","VinylSd","BrkFace",118,4,3,"PConc",4,3,3,1,1,1400,"GasA",5,"Y",5,1400,0,0,2,0,3,1,4,8,0,0,"Attchd",2,2,612,3,3,3,144,55,0,0,0,0,0,0,"NA",0,10,2006,"New","Partial",186800,1,1,0,0,0,0,1
"050","RM",8155,"Pave","NA",4,"Lvl",4,"Inside",3,"IDOTRR","Norm","Norm","1Fam","1.5Fin",5,7,1930,1950,"Gable","CompShg","Wd Sdng","Wd Sdng","None",0,3,3,"CBlock",4,3,1,1,1,780,"GasA",4,"Y",3,1200,0,0,1,0,4,1,3,8,0,0,"NA",0,0,0,0,0,3,0,0,96,0,0,0,0,0,"NA",0,7,2008,"WD","Normal",119000,1,0,0,0,0,0,0
"060","RL",9839,"Pave","NA",3,"Lvl",4,"CulDSac",3,"Timber","Norm","Norm","1Fam","2Story",6,8,1980,2006,"Gable","CompShg","MetalSd","MetalSd","None",0,3,4,"PConc",4,3,1,5,1,712,"GasA",5,"Y",5,2237,0,0,2,1,3,1,4,8,1,3,"BuiltIn",3,2,440,3,3,3,305,24,0,0,0,0,0,0,"Shed",2500,2,2009,"WD","Normal",204000,1,1,1,0,0,0,0
"060","RL",12376,"Pave","NA",4,"Lvl",4,"Corner",3,"SawyerW","Norm","Norm","1Fam","2Story",7,5,1990,1990,"Hip","CompShg","Plywood","Plywood","None",0,3,3,"PConc",4,3,2,6,1,1673,"GasA",4,"Y",5,3222,1,0,3,0,5,1,4,8,2,3,"Attchd",1,3,594,3,3,3,367,0,0,0,0,0,0,0,"NA",0,5,2010,"WD","Normal",320000,1,1,1,0,0,0,0
"045","RM",6000,"Pave","NA",4,"Lvl",4,"Inside",3,"BrkSide","Norm","Norm","1Fam","1.5Unf",6,7,1926,2004,"Gable","CompShg","Wd Sdng","Wd Sdng","None",0,4,3,"PConc",3,3,1,1,1,884,"GasA",4,"Y",5,904,0,0,1,0,2,1,3,8,0,0,"Detchd",1,1,180,3,3,3,0,0,105,0,0,0,0,0,"NA",0,1,2009,"WD","Normal",119000,1,1,0,0,0,0,0
"060","RL",9802,"Pave","NA",4,"Lvl",4,"Inside",3,"Timber","Norm","Norm","1Fam","2Story",5,5,2006,2007,"Gable","CompShg","VinylSd","VinylSd","None",0,3,3,"PConc",4,3,1,1,1,384,"GasA",4,"Y",5,1444,0,0,2,1,3,1,3,8,0,0,"BuiltIn",3,2,400,3,3,3,100,0,0,0,0,0,0,0,"NA",0,4,2010,"WD","Normal",174000,1,1,0,0,0,0,0
"020","RL",8877,"Pave","NA",4,"Lvl",4,"Inside",2,"Edwards","Norm","Norm","1Fam","1Story",4,6,1938,1958,"Gable","CompShg","MetalSd","MetalSd","None",0,3,3,"CBlock",3,3,2,5,1,816,"GasA",5,"Y",5,816,1,0,1,0,2,1,3,8,1,4,"Detchd",1,1,288,2,2,3,0,0,0,0,0,0,0,0,"NA",0,5,2009,"WD","Normal",1e+05,1,1,1,0,0,0,0
"160","FV",2645,"Pave","Pave",4,"Lvl",4,"Inside",3,"Somerst","Norm","Norm","Twnhs","2Story",8,5,1999,2000,"Gable","CompShg","MetalSd","MetalSd","BrkFace",456,4,3,"PConc",4,3,1,1,1,776,"GasA",5,"Y",5,1441,0,0,2,1,2,1,4,8,0,0,"Detchd",1,2,492,3,3,3,206,0,0,0,0,0,0,0,"NA",0,11,2007,"WD","Normal",174000,1,1,0,0,0,1,1
"020","RL",11751,"Pave","NA",3,"Lvl",4,"Inside",3,"NWAmes","Norm","Norm","1Fam","1Story",6,6,1977,1977,"Hip","CompShg","Plywood","Plywood","BrkFace",480,3,3,"CBlock",4,3,1,4,1,1844,"GasA",5,"Y",5,1844,0,0,2,0,3,1,3,8,1,3,"Attchd",2,2,546,3,3,3,0,122,0,0,0,0,0,3,"NA",0,1,2010,"COD","Normal",190000,1,1,1,0,1,0,1
"085","RL",12102,"Pave","NA",4,"Lvl",4,"Inside",3,"Edwards","Norm","Norm","1Fam","SFoyer",5,5,1976,1976,"Gable","CompShg","HdBoard","Plywood","BrkFace",222,3,3,"CBlock",4,4,4,5,1,456,"GasA",5,"Y",5,1033,0,1,1,0,3,1,3,8,0,0,"BuiltIn",2,2,504,2,3,3,224,0,0,0,0,0,0,0,"NA",0,4,2008,"WD","Family",165000,1,1,0,0,0,0,1
"020","RL",13068,"Pave","NA",4,"Lvl",4,"Corner",3,"NWAmes","Norm","Norm","1Fam","1Story",6,5,1976,1976,"Hip","CompShg","HdBoard","HdBoard","BrkFace",621,3,3,"PConc",4,3,1,5,3,1211,"GasA",3,"Y",5,1211,1,0,2,0,3,1,4,8,1,1,"Attchd",3,2,461,3,3,3,0,0,0,174,0,0,0,3,"NA",0,11,2008,"WD","Normal",161000,1,1,1,0,1,0,1
"020","RL",14860,"Pave","NA",2,"Lvl",4,"CulDSac",3,"CollgCr","Norm","Norm","1Fam","1Story",8,5,2002,2003,"Hip","CompShg","VinylSd","VinylSd","BrkFace",240,4,3,"PConc",5,3,4,6,1,1778,"GasA",5,"Y",5,1786,1,0,2,0,3,1,4,8,1,4,"Attchd",2,3,715,3,3,3,182,35,0,0,0,0,0,0,"NA",0,6,2008,"WD","Normal",3e+05,1,1,1,0,0,0,1
"020","RL",9658,"Pave","NA",3,"Lvl",4,"Inside",3,"NridgHt","Norm","Norm","1Fam","1Story",8,5,2006,2006,"Gable","CompShg","VinylSd","VinylSd","Stone",383,4,3,"PConc",4,3,1,1,1,1598,"GasA",4,"Y",5,1606,0,0,2,0,3,1,4,8,1,4,"Attchd",2,3,871,3,3,3,230,60,0,0,0,0,0,0,"NA",0,7,2009,"WD","Normal",255900,1,1,1,0,0,0,1
"060","RL",11613,"Pave","NA",2,"Lvl",4,"Corner",3,"SawyerW","Norm","Norm","1Fam","2Story",6,5,1993,1997,"Gable","CompShg","VinylSd","VinylSd","None",0,4,3,"PConc",4,3,1,5,1,864,"GasA",5,"Y",5,1820,0,0,2,1,3,1,4,8,0,0,"Attchd",2,2,492,3,3,3,144,85,0,0,0,0,0,4,"NA",0,5,2007,"WD","Normal",191750,1,1,0,0,1,0,0
"060","RL",8577,"Pave","NA",3,"Lvl",4,"Inside",3,"Gilbert","Norm","Norm","1Fam","2Story",7,5,2004,2004,"Gable","CompShg","VinylSd","VinylSd","None",0,4,3,"PConc",4,3,1,1,1,847,"GasA",5,"Y",5,1733,0,0,2,1,3,1,4,8,1,4,"BuiltIn",3,2,433,3,3,3,144,48,0,0,0,0,0,0,"NA",0,4,2010,"WD","Normal",185088,1,1,1,0,0,0,0
"050","RM",6240,"Pave","NA",4,"Lvl",4,"Inside",3,"BrkSide","Norm","Norm","1Fam","1.5Fin",7,5,1939,1950,"Gable","CompShg","Wd Sdng","Wd Sdng","None",0,3,3,"BrkTil",3,3,2,3,2,989,"GasA",3,"Y",5,2009,0,0,2,0,4,1,3,6,1,4,"Detchd",1,2,400,3,3,3,0,20,0,0,0,0,0,3,"NA",0,1,2008,"WD","Normal",150000,1,1,1,0,1,0,0
"020","RL",15523,"Pave","NA",3,"Lvl",4,"CulDSac",3,"CollgCr","Norm","Norm","1Fam","1Story",5,6,1972,1972,"Gable","CompShg","HdBoard","Plywood","None",0,3,3,"CBlock",3,3,3,4,1,864,"GasA",5,"Y",5,864,1,0,1,0,3,1,3,8,1,2,"Attchd",1,1,338,3,3,3,0,0,0,0,0,0,0,0,"NA",0,8,2009,"WD","Normal",133500,1,1,1,0,0,0,0
"160","FV",2117,"Pave","NA",4,"Lvl",4,"Inside",3,"Somerst","Norm","Norm","TwnhsE","2Story",6,5,2000,2000,"Gable","CompShg","MetalSd","MetalSd","BrkFace",513,4,3,"PConc",4,3,1,6,1,756,"GasA",5,"Y",5,1512,0,0,2,1,2,1,4,8,1,3,"Detchd",1,2,440,3,3,3,0,32,0,0,0,0,0,0,"NA",0,6,2007,"WD","Normal",168500,1,1,1,0,0,0,1
"020","RL",11838,"Pave","NA",4,"Lvl",4,"Inside",3,"CollgCr","Norm","Norm","1Fam","1Story",8,5,2001,2001,"Hip","CompShg","VinylSd","VinylSd","None",0,4,3,"PConc",4,3,3,1,1,1753,"GasA",5,"Y",5,1788,0,0,2,0,3,1,5,8,1,3,"Attchd",2,2,522,3,3,3,202,151,0,0,0,0,0,0,"NA",0,6,2009,"WD","Normal",236500,1,1,1,0,0,0,0
"020","RL",9236,"Pave","NA",3,"Lvl",4,"Inside",3,"CollgCr","Norm","Norm","1Fam","1Story",6,5,1997,1997,"Gable","CompShg","VinylSd","VinylSd","None",0,3,4,"PConc",4,3,4,6,1,1479,"GasA",5,"Y",5,1494,1,0,2,0,3,1,4,8,0,0,"Attchd",2,2,576,3,3,3,168,27,0,0,0,0,0,0,"NA",0,7,2006,"WD","Normal",217000,1,1,0,0,0,0,0
"020","RL",15431,"Pave","NA",4,"Lvl",4,"Inside",3,"NridgHt","Norm","Norm","1Fam","1Story",10,5,2008,2008,"Hip","CompShg","VinylSd","VinylSd","Stone",200,5,3,"PConc",5,3,4,6,5,3094,"GasA",5,"Y",5,2402,1,0,2,0,2,1,5,8,2,4,"Attchd",3,3,672,3,3,3,0,72,0,0,170,0,0,0,"NA",0,4,2009,"WD","Normal",555000,1,1,1,0,0,0,1
"080","RL",14115,"Pave","NA",4,"Lvl",4,"Inside",3,"NWAmes","Norm","Norm","1Fam","SLvl",7,5,1980,1980,"Gable","CompShg","Plywood","Plywood","BrkFace",225,3,3,"CBlock",4,3,3,6,1,1372,"GasA",3,"Y",5,1472,1,0,2,0,3,1,3,8,2,3,"Attchd",1,2,588,3,3,3,233,48,0,0,0,0,0,0,"NA",0,6,2009,"WD","Normal",187500,1,1,1,0,0,0,1
"160","FV",4017,"Pave","Pave",3,"Lvl",4,"Inside",3,"Somerst","Norm","Norm","TwnhsE","2Story",7,5,2006,2007,"Gable","CompShg","MetalSd","MetalSd","None",0,4,3,"PConc",4,3,1,1,1,625,"GasA",5,"Y",5,1250,0,0,2,1,2,1,4,8,0,0,"Detchd",3,2,625,3,3,3,0,54,0,0,0,0,0,0,"NA",0,3,2008,"WD","Normal",171900,1,1,0,0,0,1,0
"085","RL",11235,"Pave","NA",4,"Lvl",4,"Inside",3,"Sawyer","Norm","Norm","1Fam","SFoyer",5,5,1964,1980,"Gable","CompShg","HdBoard","HdBoard","BrkFace",30,3,3,"CBlock",4,3,3,4,1,1420,"GasA",4,"Y",5,1452,1,0,1,0,2,1,3,6,1,3,"Detchd",1,2,572,3,3,3,92,0,88,0,0,0,0,0,"NA",0,11,2007,"WD","Normal",158450,1,1,1,0,0,0,1
"090","RL",7018,"Pave","NA",4,"Lvl",4,"Inside",3,"SawyerW","Feedr","Norm","Duplex","2Story",5,5,1979,1979,"Gable","CompShg","HdBoard","HdBoard","None",0,3,3,"Slab",0,0,0,0,0,0,"GasA",3,"Y",5,2228,0,0,2,0,6,2,3,8,0,0,"Detchd",1,2,720,3,3,3,73,0,0,0,0,0,0,0,"NA",0,6,2009,"WD","Alloca",147983,0,1,0,0,0,0,0
"080","RL",7750,"Pave","NA",3,"Lvl",4,"Inside",3,"Gilbert","Norm","Norm","1Fam","SLvl",7,5,2000,2000,"Gable","CompShg","VinylSd","VinylSd","None",0,3,3,"PConc",4,3,1,6,1,384,"GasA",5,"Y",5,1430,0,0,2,1,3,1,3,8,1,3,"BuiltIn",3,2,400,3,3,3,180,0,0,0,0,0,0,0,"NA",0,4,2010,"WD","Normal",180000,1,1,1,0,0,0,0
"020","RL",9139,"Pave","NA",3,"Lvl",4,"Inside",3,"Somerst","Norm","Norm","1Fam","1Story",8,5,2006,2006,"Hip","CompShg","VinylSd","VinylSd","Stone",206,4,3,"PConc",5,3,3,6,1,1422,"GasA",5,"Y",5,1432,0,0,2,0,3,1,4,8,1,4,"Attchd",3,2,492,3,3,3,297,50,0,0,0,0,0,0,"NA",0,9,2009,"WD","Normal",245000,1,1,1,0,0,0,1
"120","RL",8849,"Pave","NA",3,"Lvl",4,"Inside",3,"NridgHt","Norm","Norm","TwnhsE","1Story",9,5,2005,2005,"Hip","CompShg","MetalSd","MetalSd","BrkFace",616,5,3,"PConc",5,3,1,6,1,1684,"GasA",5,"Y",5,1684,0,0,2,0,2,1,5,8,1,5,"Attchd",2,2,564,3,3,3,495,72,0,0,0,0,0,0,"NA",0,7,2008,"WD","Normal",266000,1,1,1,0,0,0,1
"020","RL",7328,"Pave","NA",4,"Lvl",4,"Inside",3,"SawyerW","Norm","Norm","1Fam","1Story",7,5,2008,2009,"Gable","CompShg","VinylSd","VinylSd","BrkFace",140,4,3,"PConc",4,3,1,1,1,1450,"GasA",5,"Y",5,1450,0,0,2,0,2,1,4,8,0,0,"Attchd",2,3,788,3,3,3,0,93,0,0,0,0,0,0,"NA",0,2,2009,"New","Partial",224243,1,1,0,0,0,0,1
"070","RL",13728,"Pave","NA",4,"Lvl",4,"Corner",3,"Edwards","Norm","Norm","1Fam","2Story",6,7,1935,1986,"Hip","CompShg","Stucco","Stucco","None",0,3,3,"CBlock",3,3,1,3,1,1127,"GasA",5,"Y",5,2108,0,0,2,0,4,1,4,8,2,3,"Basment",1,2,540,3,3,3,0,0,0,0,90,0,0,0,"NA",0,7,2008,"WD","Normal",235000,1,1,1,0,0,0,0
"060","FV",8470,"Pave","NA",4,"Lvl",4,"Corner",3,"Somerst","Norm","Norm","1Fam","2Story",8,5,2002,2002,"Gable","CompShg","VinylSd","VinylSd","None",0,4,3,"PConc",4,3,1,6,5,972,"GasA",5,"Y",5,1811,0,0,2,1,3,1,4,8,1,4,"Attchd",2,2,565,3,3,3,225,48,0,0,0,0,0,0,"NA",0,10,2009,"WD","Normal",235000,1,1,1,0,0,0,0
"020","RL",6970,"Pave","NA",4,"Lvl",4,"Corner",3,"Sawyer","Feedr","Norm","1Fam","1Story",4,5,1961,1961,"Gable","CompShg","VinylSd","VinylSd","None",0,3,3,"CBlock",3,3,1,5,1,1040,"GasA",3,"Y",5,1120,1,0,1,1,3,1,2,8,0,0,"Attchd",2,2,544,3,3,3,168,0,0,0,0,0,0,0,"Shed",400,5,2007,"WD","Normal",129000,1,1,0,0,0,0,0
"090","RL",7018,"Pave","NA",4,"Bnk",4,"Inside",3,"SawyerW","Norm","Norm","Duplex","1Story",5,5,1979,1979,"Gable","CompShg","HdBoard","HdBoard","None",0,3,3,"Slab",0,0,0,0,0,0,"GasA",3,"Y",5,1535,0,0,2,0,4,2,3,8,0,0,"Attchd",1,2,400,3,3,3,0,0,0,0,0,0,0,4,"NA",0,6,2009,"WD","Alloca",118858,0,1,0,0,1,0,0
"020","RL",11088,"Pave","NA",4,"Lvl",4,"Inside",3,"NWAmes","Norm","Norm","1Fam","1Story",6,5,1978,1998,"Gable","CompShg","HdBoard","HdBoard","BrkFace",144,3,3,"PConc",3,3,1,5,1,1140,"GasA",4,"Y",5,1707,0,0,2,0,3,1,3,8,1,3,"Attchd",3,2,479,3,3,3,0,0,0,0,0,0,0,0,"NA",0,5,2009,"WD","Normal",184000,1,1,1,0,0,0,1
"020","RL",5500,"Pave","NA",4,"Lvl",4,"Inside",3,"SWISU","Norm","Norm","1Fam","1Story",7,5,2004,2004,"Shed","CompShg","VinylSd","VinylSd","None",0,3,3,"PConc",4,4,2,6,2,1073,"GasA",5,"Y",5,1073,1,0,2,0,2,1,3,8,0,0,"Detchd",1,1,246,3,3,3,0,120,0,0,0,0,0,0,"NA",0,5,2006,"WD","Normal",157000,1,1,0,0,0,0,0
"060","RL",16226,"Pave","NA",1,"Lvl",4,"Inside",3,"CollgCr","Norm","Norm","1Fam","2Story",8,5,1998,1999,"Gable","CompShg","VinylSd","VinylSd","None",0,4,3,"PConc",4,3,1,6,1,1028,"GasA",5,"Y",5,2452,0,0,2,1,4,1,4,8,1,3,"BuiltIn",3,2,683,3,3,3,208,50,0,0,0,0,0,0,"NA",0,5,2007,"WD","Normal",267000,1,1,1,0,0,0,0
"020","RL",11327,"Pave","NA",3,"Lvl",4,"Inside",3,"Sawyer","Norm","Norm","1Fam","1Story",5,6,1967,1967,"Hip","CompShg","HdBoard","HdBoard","BrkFace",305,3,3,"CBlock",3,3,3,5,1,1064,"GasA",3,"Y",5,1064,0,1,1,0,3,1,3,8,1,3,"Attchd",1,2,528,3,3,3,314,48,0,0,0,0,0,0,"NA",0,6,2006,"WD","Normal",153600,1,1,1,0,0,0,1
"090","RL",7200,"Pave","NA",4,"Lvl",4,"Inside",3,"NAmes","Norm","Norm","Duplex","1Story",4,5,1949,1950,"Gable","CompShg","BrkFace","Stone","None",0,3,3,"Slab",0,0,0,0,0,0,"Wall",2,"N",2,1040,0,0,2,0,2,2,3,8,0,0,"Detchd",1,2,420,3,3,3,0,0,0,0,0,0,0,0,"NA",0,6,2009,"WD","Normal",90000,0,1,0,0,0,0,0
"020","RL",12782,"Pave","NA",4,"Lvl",4,"Inside",3,"CollgCr","Norm","Norm","1Fam","1Story",8,5,2002,2003,"Hip","CompShg","HdBoard","HdBoard","BrkFace",164,4,3,"PConc",5,3,4,6,1,1822,"GasA",5,"Y",5,1828,1,0,2,0,3,1,4,8,1,4,"Attchd",3,2,523,3,3,3,194,144,0,0,0,0,0,0,"NA",0,6,2009,"WD","Normal",279500,1,1,1,0,0,0,1
"020","RL",7150,"Pave","NA",4,"Lvl",4,"Inside",3,"Sawyer","Feedr","Norm","1Fam","1Story",5,6,1962,1962,"Gable","CompShg","VinylSd","VinylSd","BrkFace",60,3,3,"CBlock",3,3,1,2,4,912,"GasA",4,"Y",5,912,0,1,1,0,3,1,3,8,0,0,"Attchd",1,1,252,3,3,3,0,0,0,0,0,0,0,0,"NA",0,10,2009,"WD","Normal",123000,1,1,0,0,0,0,1
"050","RL",10800,"Pave","Grvl",4,"Lvl",4,"Inside",3,"OldTown","Norm","Norm","1Fam","1.5Fin",5,8,1936,1989,"Gable","CompShg","Wd Sdng","Wd Sdng","None",0,3,3,"CBlock",2,3,1,5,1,796,"GasA",4,"Y",5,1466,0,1,2,0,3,1,4,7,1,3,"Attchd",1,2,566,3,3,3,436,21,0,0,0,0,0,0,"Shed",500,4,2006,"WD","Normal",170000,1,1,1,0,0,1,0
"060","RL",18800,"Pave","NA",3,"Lvl",4,"FR2",3,"NWAmes","Norm","Norm","1Fam","2Story",6,5,1976,1976,"Gable","CompShg","HdBoard","HdBoard","BrkFace",120,3,3,"PConc",4,3,2,6,1,796,"GasA",3,"Y",5,1574,1,0,2,1,3,1,3,8,1,3,"Attchd",3,2,566,3,3,3,306,111,0,0,0,0,0,0,"NA",0,7,2006,"WD","Normal",190000,1,1,1,0,0,0,1
"085","RL",16500,"Pave","NA",4,"Lvl",4,"Inside",3,"NWAmes","Norm","Norm","1Fam","SFoyer",6,5,1971,1971,"Hip","CompShg","HdBoard","HdBoard","BrkFace",509,3,3,"CBlock",4,3,3,6,1,1232,"GasA",2,"Y",5,1320,0,1,2,0,3,1,3,8,1,4,"Attchd",2,2,495,3,3,3,0,20,0,0,0,0,0,0,"NA",0,5,2009,"WD","Normal",172500,1,1,1,0,0,0,1
"160","RM",1680,"Pave","NA",4,"Lvl",4,"Inside",3,"BrDale","Norm","Norm","Twnhs","2Story",6,5,1971,1971,"Gable","CompShg","HdBoard","HdBoard","BrkFace",504,3,3,"CBlock",3,3,1,3,1,483,"GasA",3,"Y",5,987,0,0,1,1,2,1,3,8,0,0,"Detchd",1,1,264,3,3,3,275,0,0,0,0,0,0,0,"NA",0,2,2010,"COD","Normal",96000,1,1,0,0,0,0,1
"060","RL",21533,"Pave","NA",2,"Lvl",4,"FR2",3,"CollgCr","Feedr","Norm","1Fam","2Story",7,5,1996,1997,"Gable","CompShg","VinylSd","VinylSd","None",0,4,3,"PConc",4,3,1,1,1,1065,"GasA",5,"Y",5,2049,0,0,2,1,4,1,4,8,1,3,"Attchd",1,2,467,3,3,3,120,48,0,0,0,0,0,0,"NA",0,8,2006,"WD","Normal",210900,1,1,1,0,0,0,0
"085","RL",12150,"Pave","NA",3,"Bnk",4,"CulDSac",3,"Mitchel","Norm","Norm","1Fam","SFoyer",6,6,1979,1979,"Gable","CompShg","HdBoard","Wd Shng","None",0,3,3,"CBlock",4,3,3,6,1,1001,"GasA",3,"Y",5,1299,1,0,2,0,2,1,4,8,1,1,"BuiltIn",2,2,486,3,3,3,84,0,222,0,0,0,0,3,"NA",0,1,2007,"WD","Normal",183500,1,1,1,0,1,0,0
"050","RM",8820,"Pave","NA",4,"Lvl",4,"Corner",3,"OldTown","Norm","Norm","1Fam","1.5Fin",5,6,1890,1996,"Hip","CompShg","VinylSd","VinylSd","None",0,3,3,"BrkTil",3,3,1,2,1,1088,"GasA",3,"Y",5,1869,0,0,1,0,2,1,3,8,0,0,"Detchd",1,2,456,3,3,3,48,0,244,0,0,0,0,1,"NA",0,9,2009,"WD","Normal",124900,1,1,0,0,1,0,0
"060","RL",7950,"Pave","NA",3,"Bnk",4,"Corner",3,"Edwards","Norm","Norm","1Fam","2Story",6,6,1977,1977,"Hip","CompShg","HdBoard","Plywood","BrkFace",140,3,3,"CBlock",3,3,1,4,1,690,"GasA",3,"Y",5,1426,0,0,1,1,3,1,3,8,0,0,"Attchd",3,2,440,3,3,3,252,0,0,0,0,0,0,3,"NA",0,7,2009,"WD","Normal",159500,1,1,0,0,1,0,1
"020","RL",5400,"Pave","NA",4,"HLS",4,"Inside",3,"SWISU","Norm","Norm","1Fam","1Story",5,5,1958,1958,"Gable","CompShg","MetalSd","MetalSd","None",0,3,3,"CBlock",3,3,1,3,1,864,"GasA",3,"Y",5,864,0,1,1,0,3,1,3,8,0,0,"Attchd",1,1,399,3,3,3,0,0,0,0,0,0,0,0,"NA",0,5,2007,"WD","Normal",118000,1,1,0,0,0,0,0
"020","RM",7407,"Pave","NA",4,"Lvl",4,"Inside",3,"OldTown","Artery","Norm","1Fam","1Story",6,7,1957,1996,"Gable","CompShg","MetalSd","MetalSd","None",0,3,3,"CBlock",3,3,1,6,1,912,"GasA",3,"Y",3,1236,1,0,1,0,2,1,3,8,0,0,"Attchd",1,2,923,3,3,3,0,158,158,0,0,0,0,3,"NA",0,4,2010,"WD","Normal",149700,1,1,0,0,1,0,0
"020","RL",23580,"Pave","NA",3,"Lvl",4,"Inside",2,"Mitchel","Norm","Norm","1Fam","1Story",6,6,1979,1979,"Gable","CompShg","Plywood","Plywood","None",0,3,3,"CBlock",4,3,4,6,1,1625,"GasA",3,"Y",5,1625,0,1,2,0,3,1,2,8,1,3,"Attchd",3,2,576,3,3,3,136,28,0,0,0,0,0,0,"NA",0,9,2006,"WD","Normal",242500,1,1,1,0,0,0,0
"020","RL",12615,"Pave","NA",4,"Lvl",4,"Corner",3,"Edwards","Norm","Norm","1Fam","1Story",6,7,1950,2001,"Gable","CompShg","WdShing","Wd Shng","None",0,3,3,"CBlock",3,4,3,5,1,1202,"GasA",3,"Y",5,2158,1,0,2,0,4,1,4,8,1,4,"Attchd",1,2,576,3,3,3,0,29,39,0,0,0,0,3,"NA",0,6,2007,"WD","Normal",243000,1,1,1,0,1,0,0
"020","RL",13695,"Pave","NA",4,"Lvl",4,"Inside",3,"SawyerW","RRAe","Norm","1Fam","1Story",5,5,2004,2004,"Gable","CompShg","VinylSd","VinylSd","None",0,3,3,"PConc",3,3,1,6,1,1114,"GasA",5,"Y",5,1114,1,0,1,1,3,1,4,8,0,0,"Detchd",1,2,576,3,3,3,0,102,0,0,0,0,0,0,"NA",0,6,2008,"WD","Normal",159000,1,1,0,0,0,0,0
"020","RL",11058,"Pave","NA",4,"Lvl",4,"Corner",3,"CollgCr","Norm","Norm","1Fam","1Story",7,6,2007,2007,"Gable","CompShg","VinylSd","VinylSd","Stone",212,4,3,"PConc",4,3,1,6,1,1564,"GasA",5,"Y",5,1564,0,0,2,0,3,1,4,8,0,0,"Attchd",2,3,814,3,3,3,0,24,0,0,0,0,0,0,"NA",0,2,2008,"WD","Normal",218836,1,1,0,0,0,0,1
"020","RL",9858,"Pave","NA",4,"Lvl",4,"Inside",3,"Mitchel","Norm","Norm","1Fam","1Story",5,6,1968,1968,"Gable","CompShg","HdBoard","HdBoard","None",0,3,3,"CBlock",3,3,1,4,1,864,"GasA",3,"Y",5,874,1,0,1,0,3,1,3,8,0,0,"Attchd",2,1,288,3,3,3,33,0,0,0,0,0,0,2,"Shed",600,11,2009,"WD","Normal",130000,1,1,0,0,1,0,0
"050","RM",10440,"Pave","Grvl",4,"Lvl",4,"Corner",3,"OldTown","Norm","Norm","1Fam","2Story",5,6,1910,1981,"Gable","CompShg","Wd Sdng","Wd Sdng","None",0,3,3,"PConc",3,3,1,1,1,440,"GasA",4,"Y",5,1230,0,0,1,1,2,1,3,8,0,0,"Detchd",1,2,440,3,3,3,74,0,128,0,0,0,0,3,"NA",0,5,2009,"WD","Normal",110000,1,1,0,0,1,1,0
"090","RL",25000,"Pave","NA",4,"Low",4,"Inside",3,"Mitchel","Norm","Norm","Duplex","1Story",5,4,1967,1967,"Gable","CompShg","HdBoard","Plywood","None",0,3,3,"CBlock",3,3,3,1,1,1632,"GasA",3,"Y",5,1632,0,0,2,0,4,2,3,8,0,0,"Attchd",1,2,576,3,3,2,0,0,0,0,0,0,0,0,"NA",0,6,2007,"WD","Normal",143000,1,1,0,0,0,0,0
"020","RL",12878,"Pave","NA",3,"Lvl",4,"Corner",3,"NridgHt","Norm","Norm","1Fam","1Story",7,5,2003,2004,"Hip","CompShg","VinylSd","VinylSd","BrkFace",418,4,3,"PConc",4,3,1,5,1,1760,"GasA",5,"Y",5,1760,1,0,2,0,3,1,4,8,1,4,"Attchd",3,2,583,3,3,3,165,190,0,0,0,0,0,0,"NA",0,6,2009,"WD","Normal",269500,1,1,1,0,0,0,1
"060","RL",13426,"Pave","NA",3,"Lvl",4,"Corner",3,"CollgCr","Norm","Norm","1Fam","2Story",7,5,1999,2000,"Gable","CompShg","VinylSd","VinylSd","None",0,4,3,"PConc",4,3,2,6,1,951,"GasA",5,"Y",5,1779,1,0,2,1,3,1,4,8,1,3,"Attchd",3,2,586,3,3,3,208,107,0,0,0,0,0,0,"NA",0,9,2006,"WD","Normal",217000,1,1,1,0,0,0,0
"060","RL",12224,"Pave","NA",3,"Lvl",4,"Corner",3,"Gilbert","Norm","Norm","1Fam","2Story",6,5,2000,2000,"Gable","CompShg","VinylSd","VinylSd","BrkFace",40,4,3,"PConc",4,3,1,6,1,992,"GasA",5,"Y",5,2054,1,0,2,1,3,1,4,8,1,3,"BuiltIn",2,2,390,3,3,3,24,48,0,0,0,0,0,0,"NA",0,7,2009,"WD","Normal",244000,1,1,1,0,0,0,1
"020","RL",8450,"Pave","NA",4,"Lvl",4,"Inside",3,"CollgCr","Norm","Norm","1Fam","1Story",7,5,2003,2003,"Gable","CompShg","VinylSd","VinylSd","None",0,4,3,"PConc",4,3,2,6,1,1337,"GasA",5,"Y",5,1337,1,0,2,0,3,1,4,8,0,0,"Attchd",2,2,531,3,3,3,0,39,0,0,0,0,0,0,"NA",0,10,2007,"WD","Normal",185000,1,1,0,0,0,0,0
"020","FV",10625,"Pave","NA",4,"Lvl",4,"Inside",3,"Somerst","Norm","Norm","1Fam","1Story",7,5,2006,2007,"Gable","CompShg","VinylSd","VinylSd","None",0,4,3,"PConc",4,3,1,6,1,1652,"GasA",5,"Y",5,1662,1,0,2,0,3,1,5,8,1,4,"Attchd",2,3,711,3,3,3,168,120,0,0,0,0,0,0,"NA",0,3,2009,"WD","Normal",291000,1,1,1,0,0,0,0
"160","RM",1612,"Pave","NA",4,"Lvl",4,"Inside",3,"Blueste","Norm","Norm","Twnhs","2Story",6,6,1980,1980,"Gable","CompShg","MetalSd","MetalSd","None",0,3,3,"CBlock",4,3,1,1,1,561,"GasA",3,"Y",5,1229,0,0,1,1,2,1,3,8,1,3,"Attchd",3,2,462,3,3,3,154,0,0,0,0,0,0,3,"NA",0,7,2009,"WD","Normal",121000,1,1,1,0,1,0,0
"050","RL",11388,"Pave","NA",4,"Low",4,"Inside",2,"Edwards","Norm","Norm","1Fam","1.5Fin",4,7,1910,1993,"Gable","CompShg","VinylSd","Wd Sdng","None",0,3,3,"BrkTil",3,3,1,1,1,616,"GasA",3,"N",5,1273,0,0,1,0,3,1,4,6,0,0,"Detchd",1,1,275,3,2,1,212,0,0,0,0,0,0,0,"NA",0,9,2006,"WD","Normal",121000,1,1,0,0,0,0,0
"045","RL",12172,"Pave","NA",4,"Lvl",4,"Inside",3,"NAmes","Norm","Norm","1Fam","1.5Unf",5,7,1940,1996,"Gable","CompShg","Wd Sdng","HdBoard","None",0,3,3,"PConc",3,3,1,2,3,822,"GasA",3,"Y",5,908,0,0,1,0,2,1,3,8,0,0,"Attchd",1,2,512,3,3,3,284,24,0,0,192,0,0,3,"NA",0,10,2007,"WD","Normal",138500,1,1,0,0,1,0,0
"020","RL",8414,"Pave","NA",4,"Lvl",4,"Inside",3,"Sawyer","Norm","Norm","1Fam","1Story",6,8,1963,2003,"Hip","CompShg","HdBoard","HdBoard","None",0,3,3,"CBlock",3,3,1,6,1,1059,"GasA",3,"Y",5,1068,0,1,1,0,3,1,3,8,0,0,"Attchd",2,1,264,3,3,3,192,0,0,0,0,0,0,3,"NA",0,2,2006,"WD","Normal",154500,1,1,0,0,1,0,0
"120","RM",4435,"Pave","NA",4,"Lvl",4,"Inside",3,"CollgCr","Norm","Norm","TwnhsE","1Story",6,5,2003,2003,"Gable","CompShg","VinylSd","VinylSd","BrkFace",170,4,3,"PConc",4,3,3,6,1,848,"GasA",5,"Y",5,848,1,0,1,0,1,1,4,8,0,0,"Attchd",3,2,420,3,3,3,140,0,0,0,0,0,0,0,"NA",0,5,2009,"WD","Normal",140000,1,1,0,0,0,0,1
"020","RL",13673,"Pave","NA",3,"Lvl",4,"CulDSac",3,"Sawyer","RRAe","Norm","1Fam","1Story",5,5,1962,1962,"Gable","CompShg","HdBoard","HdBoard","None",0,3,4,"CBlock",3,3,1,1,1,1140,"GasA",3,"Y",5,1696,0,0,1,1,3,1,3,6,1,3,"Attchd",2,1,349,3,3,3,0,30,0,0,0,0,0,0,"NA",0,3,2007,"WD","Normal",143900,1,1,1,0,0,0,0
"020","RL",7200,"Pave","NA",4,"Low",4,"Inside",3,"CollgCr","Norm","Norm","1Fam","1Story",5,8,1972,1972,"Gable","CompShg","VinylSd","VinylSd","None",0,3,3,"CBlock",3,3,1,4,1,864,"GasA",5,"Y",5,864,0,0,1,0,3,1,3,8,0,0,"Detchd",1,1,297,3,3,3,0,0,0,0,0,0,0,3,"NA",0,3,2006,"WD","Normal",119900,1,1,0,0,1,0,0
"080","RL",8816,"Pave","NA",4,"Lvl",4,"Inside",3,"ClearCr","Norm","Norm","1Fam","SLvl",6,7,1971,1971,"Gable","CompShg","HdBoard","HdBoard","BrkFace",80,3,3,"CBlock",3,3,3,6,1,1010,"GasA",4,"Y",5,1052,1,0,1,0,3,1,3,8,0,0,"Attchd",1,2,440,3,3,3,0,0,0,0,0,0,0,3,"NA",0,6,2010,"WD","Normal",155000,1,1,0,0,1,0,1
"020","RL",14357,"Pave","NA",3,"Lvl",4,"CulDSac",3,"NAmes","Norm","Norm","1Fam","1Story",5,5,1961,1961,"Hip","CompShg","Wd Sdng","Wd Sdng","None",0,3,3,"CBlock",3,3,1,5,2,864,"GasA",3,"Y",5,1187,1,0,1,0,2,1,3,8,1,3,"Attchd",2,2,440,3,3,3,128,0,0,0,0,0,0,0,"NA",0,8,2007,"CWD","Normal",140500,1,1,1,0,0,0,0
"060","RL",7750,"Pave","NA",4,"Lvl",4,"Inside",3,"Gilbert","RRAn","Norm","1Fam","2Story",7,5,2002,2002,"Gable","CompShg","VinylSd","VinylSd","None",0,4,3,"PConc",4,3,1,1,1,707,"GasA",5,"Y",5,1414,0,0,2,1,3,1,4,8,1,4,"Attchd",3,2,403,3,3,3,100,35,0,0,0,0,0,0,"NA",0,4,2008,"WD","Normal",176000,1,1,1,0,0,0,0
"050","RM",6240,"Pave","NA",4,"Lvl",4,"Inside",3,"BrkSide","Norm","Norm","1Fam","1.5Fin",5,8,1939,1952,"Gable","CompShg","Wd Sdng","Wd Sdng","None",0,3,4,"BrkTil",3,3,1,3,1,672,"GasA",5,"Y",5,1322,1,0,1,0,4,1,3,8,0,0,"Detchd",1,1,280,3,3,3,0,0,0,0,0,0,0,3,"NA",0,7,2007,"WD","Normal",132000,1,1,0,0,1,0,0
"020","RL",9350,"Pave","NA",4,"Lvl",4,"Inside",3,"NAmes","Norm","Norm","1Fam","1Story",5,6,1961,1995,"Gable","CompShg","Wd Sdng","Wd Sdng","BrkFace",217,3,3,"CBlock",3,3,1,5,4,1313,"GasA",3,"Y",5,1313,1,0,1,1,3,1,4,8,1,3,"Attchd",2,2,610,3,3,3,172,28,0,0,121,0,0,3,"NA",0,2,2009,"WD","Normal",153000,1,1,1,0,1,0,1
"030","RL",8088,"Pave","Grvl",4,"Lvl",4,"Inside",3,"Edwards","Feedr","Norm","1Fam","1Story",2,3,1922,1955,"Gable","CompShg","MetalSd","MetalSd","None",0,3,3,"BrkTil",3,3,1,1,1,498,"GasA",3,"N",2,498,0,0,1,0,1,1,3,8,0,0,"Detchd",1,1,216,2,2,1,0,0,100,0,0,0,0,0,"NA",0,2,2006,"ConLD","Normal",35000,1,1,0,0,0,1,0
"020","FV",10440,"Pave","NA",4,"Lvl",4,"Corner",3,"Somerst","Norm","Norm","1Fam","1Story",6,5,2005,2005,"Gable","CompShg","VinylSd","VinylSd","None",0,4,3,"PConc",5,3,1,6,1,1468,"GasA",5,"Y",5,1468,1,0,2,0,2,1,4,8,1,4,"Attchd",3,2,528,3,3,3,0,102,0,0,216,0,0,0,"NA",0,5,2010,"WD","Normal",271500,1,1,1,0,0,0,0
"080","RL",12700,"Pave","NA",3,"Lvl",4,"Inside",3,"NAmes","Norm","Norm","1Fam","SLvl",6,5,1964,1964,"Gable","CompShg","HdBoard","HdBoard","None",0,3,3,"CBlock",3,3,1,5,1,1246,"GasA",3,"Y",5,1246,1,0,1,0,3,1,3,8,2,4,"Attchd",2,2,441,3,3,3,0,69,0,0,0,0,0,0,"NA",0,11,2006,"WD","Normal",172000,1,1,1,0,0,0,0
"060","RL",7500,"Pave","NA",4,"Lvl",4,"Inside",3,"Gilbert","Norm","Norm","1Fam","2Story",7,5,1999,1999,"Gable","CompShg","VinylSd","VinylSd","None",0,3,3,"PConc",3,3,1,1,1,994,"GasA",4,"Y",5,1804,0,0,2,1,3,1,4,8,1,3,"Attchd",3,2,442,3,3,3,140,60,0,0,0,0,0,0,"NA",0,6,2010,"WD","Normal",189000,1,1,1,0,0,0,0
"060","RL",10021,"Pave","NA",3,"Lvl",4,"Inside",3,"CollgCr","Norm","Norm","1Fam","2Story",6,6,1997,2006,"Gable","CompShg","VinylSd","VinylSd","None",0,3,4,"PConc",4,3,1,6,1,635,"GasA",5,"Y",5,1308,1,0,2,1,3,1,4,8,0,0,"Attchd",2,2,497,3,3,3,142,54,0,0,0,0,0,0,"NA",0,5,2007,"WD","Normal",175000,1,1,0,0,0,0,0
"160","FV",2280,"Pave","Pave",4,"Lvl",4,"Inside",3,"Somerst","Norm","Norm","Twnhs","2Story",6,5,1999,1999,"Gable","CompShg","MetalSd","MetalSd","Stone",216,3,3,"PConc",4,3,1,6,1,744,"GasA",4,"Y",5,1549,1,0,2,1,3,1,3,8,0,0,"Detchd",1,2,440,3,3,3,0,32,0,0,0,0,0,0,"NA",0,4,2008,"WD","Normal",172900,1,1,0,0,0,1,1
"020","RL",9017,"Pave","NA",3,"Lvl",4,"Inside",3,"CollgCr","Norm","Norm","1Fam","1Story",7,5,1999,1999,"Gable","CompShg","VinylSd","VinylSd","None",0,4,3,"PConc",4,3,3,6,1,1431,"GasA",5,"Y",5,1431,1,0,2,0,3,1,4,8,0,0,"Attchd",3,2,666,3,3,3,0,35,0,0,0,0,0,0,"NA",0,9,2009,"WD","Normal",192000,1,1,0,0,0,0,0
"060","RL",12256,"Pave","NA",3,"Lvl",4,"Corner",3,"NoRidge","Norm","Norm","1Fam","2Story",8,5,1994,1995,"Gable","CompShg","HdBoard","HdBoard","BrkFace",362,4,3,"PConc",5,3,3,6,1,1463,"GasA",5,"Y",5,2622,1,0,2,1,3,1,4,8,2,3,"Attchd",2,2,712,3,3,3,186,32,0,0,0,0,0,0,"NA",0,4,2010,"WD","Normal",325000,1,1,1,0,0,0,1
"070","RM",5100,"Pave","Grvl",4,"Lvl",4,"Inside",3,"OldTown","Norm","Norm","1Fam","2Story",8,7,1925,1996,"Hip","CompShg","Stucco","Wd Shng","None",0,3,4,"PConc",3,3,1,1,1,588,"GasA",2,"Y",5,1666,0,0,1,0,3,1,4,8,1,4,"Detchd",1,1,228,3,3,3,192,63,0,0,0,0,0,3,"NA",0,6,2008,"WD","Normal",161000,1,1,1,0,1,1,0
"060","RL",7685,"Pave","NA",3,"Lvl",4,"Inside",3,"Gilbert","Norm","Norm","1Fam","2Story",6,5,1993,1994,"Gable","CompShg","HdBoard","HdBoard","BrkFace",112,3,3,"PConc",4,3,1,5,1,697,"GasA",4,"Y",5,1501,0,0,2,1,3,1,4,8,1,3,"Attchd",3,2,420,3,3,3,190,63,0,0,0,0,0,0,"NA",0,5,2006,"WD","Normal",165600,1,1,1,0,0,0,1
"120","RL",2280,"Pave","NA",4,"Lvl",4,"FR2",3,"NPkVill","Norm","Norm","Twnhs","1Story",7,6,1975,1975,"Gable","CompShg","Plywood","Brk Cmn","None",0,3,3,"CBlock",4,3,1,1,1,836,"GasA",5,"Y",5,836,0,0,1,0,2,1,3,8,0,0,"Attchd",1,1,308,3,3,3,0,30,0,0,0,0,0,0,"NA",0,6,2010,"WD","Normal",120000,1,1,0,0,0,0,0
"020","RL",11200,"Pave","NA",4,"Lvl",4,"Inside",3,"SawyerW","Norm","Norm","1Fam","1Story",6,5,1985,1985,"Gable","CompShg","Wd Sdng","Wd Shng","BrkFace",85,4,3,"CBlock",4,3,1,6,1,1298,"GasA",3,"Y",5,1298,1,0,2,0,3,1,4,8,1,3,"Attchd",1,2,403,3,3,3,165,26,0,0,0,0,0,0,"NA",0,5,2006,"WD","Normal",180000,1,1,1,0,0,0,1
"060","RL",11250,"Pave","NA",4,"Lvl",4,"Corner",3,"CollgCr","Norm","Norm","1Fam","2Story",7,5,2001,2001,"Gable","CompShg","VinylSd","VinylSd","None",0,4,3,"PConc",4,3,1,1,1,944,"GasA",5,"Y",5,1870,0,0,2,1,3,1,4,8,0,0,"Attchd",2,2,608,3,3,3,256,43,0,0,0,0,0,0,"NA",0,5,2009,"WD","Normal",211000,1,1,0,0,0,0,0
"020","FV",8640,"Pave","NA",4,"Lvl",4,"Inside",3,"Somerst","Norm","Norm","1Fam","1Story",8,5,2009,2009,"Gable","CompShg","CemntBd","CmentBd","Stone",72,4,3,"PConc",4,3,2,6,1,1300,"GasA",5,"Y",5,1314,1,0,2,0,3,1,4,8,0,0,"Attchd",2,2,552,3,3,3,135,112,0,0,0,0,0,0,"NA",0,9,2009,"New","Partial",229456,1,1,0,0,0,0,1
"050","RL",12134,"Pave","NA",3,"Bnk",4,"Inside",2,"Gilbert","Norm","Norm","1Fam","1.5Fin",8,7,1988,2005,"Gable","CompShg","Wd Sdng","Wd Sdng","None",0,4,3,"Wood",4,3,3,6,1,559,"GasA",4,"Y",5,1752,0,0,2,0,4,1,3,8,0,0,"Basment",2,2,492,3,3,3,325,12,0,0,0,0,0,0,"NA",0,6,2010,"WD","Normal",164000,1,1,0,0,0,0,0
"020","RL",11128,"Pave","NA",4,"Lvl",4,"Corner",3,"Somerst","PosN","PosN","1Fam","1Story",9,5,2005,2006,"Hip","CompShg","VinylSd","VinylSd","Stone",198,5,3,"PConc",5,3,4,6,1,2458,"GasA",5,"Y",5,2490,1,0,2,0,2,1,5,8,2,4,"Attchd",3,3,795,3,3,3,70,226,0,0,0,0,0,4,"NA",0,10,2009,"WD","Normal",468000,1,1,1,0,1,0,1
"060","RL",11050,"Pave","NA",4,"Lvl",4,"Inside",3,"Mitchel","Norm","Norm","1Fam","2Story",7,5,1996,1997,"Gable","CompShg","VinylSd","VinylSd","None",0,3,3,"PConc",4,3,2,1,1,910,"GasA",5,"Y",5,1820,0,0,2,1,3,1,4,8,1,3,"Attchd",1,3,816,3,3,3,318,32,0,0,0,0,0,0,"NA",0,9,2008,"WD","Normal",213000,1,1,1,0,0,0,0
"020","RL",9240,"Pave","NA",3,"Lvl",4,"Inside",3,"Sawyer","Norm","Norm","1Fam","1Story",5,6,1962,2002,"Hip","CompShg","HdBoard","HdBoard","None",0,3,3,"CBlock",3,3,1,4,1,864,"GasA",4,"Y",5,1211,0,0,1,0,2,1,3,7,1,3,"Detchd",1,2,576,3,3,3,161,0,0,0,0,0,0,3,"NA",0,3,2006,"WD","Normal",144000,1,1,1,0,1,0,0
"020","RL",9600,"Pave","NA",4,"Lvl",4,"Inside",3,"NWAmes","Norm","Norm","1Fam","1Story",7,6,1973,1973,"Hip","CompShg","HdBoard","HdBoard","BrkFace",320,3,3,"CBlock",3,3,1,5,1,1242,"GasA",2,"Y",5,1242,0,0,1,1,3,1,3,8,1,3,"Attchd",1,2,528,3,3,3,0,0,0,0,0,0,0,0,"NA",0,9,2007,"WD","Normal",175500,1,1,1,0,0,0,1
"020","RL",9262,"Pave","NA",4,"Lvl",4,"Inside",3,"Somerst","Norm","Norm","1Fam","1Story",8,5,2008,2009,"Gable","CompShg","CemntBd","CmentBd","Stone",194,4,3,"PConc",4,3,1,1,1,1573,"GasA",5,"Y",5,1578,0,0,2,0,3,1,5,8,1,4,"Attchd",3,3,840,3,3,3,0,36,0,0,0,0,0,0,"NA",0,5,2009,"New","Partial",287090,1,1,1,0,0,0,1
"160","RM",2665,"Pave","NA",4,"Lvl",4,"Inside",3,"MeadowV","Norm","Norm","TwnhsE","2Story",5,7,1976,1976,"Gable","CompShg","CemntBd","CmentBd","None",0,3,3,"PConc",4,3,1,5,1,550,"GasA",3,"Y",5,1475,0,0,2,0,4,1,3,8,1,3,"Attchd",1,1,336,3,3,3,92,26,0,0,0,0,0,0,"NA",0,5,2008,"WD","Normal",129500,1,1,1,0,0,0,0
"060","RL",11214,"Pave","NA",3,"Lvl",4,"Corner",3,"Gilbert","Norm","Norm","1Fam","2Story",7,5,1998,1999,"Gable","CompShg","VinylSd","VinylSd","None",0,4,3,"PConc",4,3,1,1,1,930,"GasA",4,"Y",5,1886,0,0,2,1,4,1,4,8,1,3,"Attchd",3,2,431,3,3,3,89,0,0,0,0,0,0,0,"NA",0,7,2006,"WD","Normal",199900,1,1,1,0,0,0,0
"020","RL",10150,"Pave","NA",4,"Lvl",4,"Inside",3,"NAmes","Feedr","Norm","1Fam","1Story",5,5,1958,1958,"Gable","CompShg","Wd Sdng","Wd Sdng","None",1,3,3,"CBlock",3,3,1,3,1,912,"GasA",5,"Y",3,912,0,0,1,0,2,1,3,8,0,0,"Attchd",2,1,275,3,3,3,0,0,0,0,0,0,0,0,"NA",0,7,2007,"COD","Normal",114500,1,1,0,0,0,0,0
"030","RL",11672,"Pave","Pave",2,"Lvl",4,"Inside",3,"BrkSide","Norm","Norm","1Fam","1Story",5,5,1925,1950,"Gable","CompShg","MetalSd","MetalSd","None",0,3,3,"BrkTil",3,3,1,1,1,816,"GasA",3,"Y",3,816,0,0,1,0,2,1,3,8,0,0,"Detchd",1,1,210,2,2,1,168,0,112,0,0,0,0,0,"NA",0,7,2006,"WD","Normal",109000,1,1,0,0,0,1,0
"020","RL",9100,"Pave","NA",4,"Lvl",4,"Inside",3,"NAmes","Norm","Norm","1Fam","1Story",5,5,1960,1960,"Hip","CompShg","HdBoard","HdBoard","BrkCmn",69,3,3,"CBlock",3,3,1,1,1,1144,"GasA",3,"Y",5,1144,0,0,1,0,3,1,3,8,1,4,"Attchd",2,1,336,3,3,3,0,0,0,0,0,0,0,0,"NA",0,6,2007,"WD","Normal",120000,1,1,1,0,0,0,1
"020","RL",12774,"Pave","NA",4,"Lvl",4,"Inside",1,"NAmes","Norm","Norm","1Fam","1Story",5,5,1953,1953,"Hip","CompShg","MetalSd","MetalSd","None",0,3,3,"PConc",3,3,1,4,2,984,"GasW",3,"N",5,950,0,0,1,0,2,1,3,8,0,0,"Detchd",1,2,400,3,3,3,0,32,0,0,0,0,0,2,"NA",0,7,2008,"WD","Normal",130000,1,1,0,0,1,0,0
"030","RM",6911,"Pave","NA",4,"Lvl",4,"FR2",3,"BrkSide","Feedr","Norm","1Fam","1Story",5,5,1924,1950,"Gable","CompShg","Wd Sdng","Wd Sdng","None",0,3,3,"PConc",3,3,2,2,1,1145,"GasA",3,"Y",5,1301,0,0,1,0,2,1,2,7,0,0,"Detchd",1,2,440,3,3,3,0,0,0,0,0,0,0,0,"NA",0,10,2009,"WD","Normal",1e+05,1,1,0,0,0,0,0
"060","RL",12046,"Pave","NA",3,"Lvl",4,"Inside",3,"NWAmes","Norm","Norm","1Fam","2Story",6,6,1976,1976,"Gable","CompShg","Plywood","Plywood","BrkFace",298,3,3,"CBlock",3,3,1,2,1,848,"GasA",3,"Y",5,2030,0,0,2,1,4,1,4,8,1,3,"Attchd",3,2,551,3,3,3,0,224,0,0,0,0,0,0,"NA",0,6,2007,"WD","Normal",195000,1,1,1,0,0,0,1
"020","FV",7993,"Pave","NA",3,"Lvl",4,"Inside",3,"Somerst","Norm","Norm","1Fam","1Story",7,5,2008,2009,"Gable","CompShg","VinylSd","VinylSd","None",0,4,3,"PConc",5,3,1,1,1,1436,"GasA",5,"Y",5,1436,0,0,2,0,3,1,4,8,0,0,"Attchd",3,2,529,3,3,3,0,121,0,0,0,0,0,0,"NA",0,10,2009,"New","Partial",225000,1,1,0,0,0,0,0
"070","RL",4960,"Pave","NA",4,"Lvl",4,"Inside",3,"BrkSide","RRAn","Norm","1Fam","1.5Fin",5,7,1930,1982,"Gable","CompShg","WdShing","Wd Shng","None",0,3,3,"CBlock",3,3,1,1,1,297,"GasA",5,"Y",5,1654,0,0,2,0,3,1,3,8,1,4,"Detchd",1,1,336,3,3,1,244,60,0,0,0,0,0,0,"NA",0,5,2009,"WD","Normal",137000,1,1,1,0,0,0,0
"160","FV",4251,"Pave","Pave",3,"Lvl",4,"Inside",3,"Somerst","Norm","Norm","TwnhsE","2Story",7,5,2006,2007,"Gable","CompShg","MetalSd","MetalSd","None",0,4,3,"PConc",4,3,1,1,1,625,"GasA",5,"Y",5,1250,0,0,2,1,2,1,4,8,0,0,"Detchd",2,2,528,3,3,3,0,54,0,0,0,0,0,0,"NA",0,6,2007,"New","Partial",164700,1,1,0,0,0,1,0
"020","RL",8428,"Pave","NA",2,"Lvl",4,"Inside",3,"CollgCr","Norm","Norm","1Fam","1Story",5,7,1994,1994,"Gable","CompShg","VinylSd","VinylSd","None",0,3,4,"PConc",4,4,1,6,1,990,"GasA",5,"Y",5,990,1,0,1,0,3,1,3,8,0,0,"Detchd",1,1,384,3,3,3,256,0,0,0,0,0,0,0,"NA",0,7,2007,"WD","Normal",146000,1,1,0,0,0,0,0
"060","RL",9317,"Pave","NA",4,"Lvl",4,"Inside",3,"SawyerW","Norm","Norm","1Fam","2Story",7,5,1993,1993,"Gable","CompShg","HdBoard","HdBoard","BrkFace",137,4,3,"PConc",4,3,1,5,1,740,"GasA",5,"Y",5,1775,1,0,2,1,3,1,4,8,1,3,"Attchd",1,2,425,3,3,3,234,72,192,0,0,0,0,0,"NA",0,7,2009,"WD","Normal",213000,1,1,1,0,0,0,1
"020","RL",9900,"Pave","NA",4,"Lvl",4,"Inside",3,"NAmes","Feedr","Norm","1Fam","1Story",6,5,1967,1967,"Gable","CompShg","BrkComm","Brk Cmn","None",0,4,3,"CBlock",3,3,1,3,1,1680,"GasA",3,"Y",5,1691,1,0,1,0,2,1,3,8,0,0,"Attchd",1,2,550,4,3,3,0,67,260,0,0,0,0,3,"NA",0,4,2009,"WD","Normal",175000,1,1,0,0,1,0,0
"020","RL",8000,"Pave","NA",4,"Lvl",4,"Inside",3,"NAmes","Norm","Norm","1Fam","1Story",5,6,1959,1959,"Gable","CompShg","BrkFace","Wd Sdng","None",0,3,3,"PConc",3,3,1,4,3,1256,"GasA",4,"Y",3,1256,1,0,1,1,3,1,4,8,0,0,"Attchd",2,1,311,3,3,3,0,240,0,0,0,0,0,0,"NA",0,5,2008,"WD","Normal",159000,1,1,0,0,0,0,0
"060","RL",10672,"Pave","NA",3,"Lvl",4,"Inside",3,"NridgHt","Norm","Norm","1Fam","2Story",8,5,2006,2006,"Gable","CompShg","VinylSd","VinylSd","None",0,4,3,"PConc",5,3,4,1,1,1054,"GasA",4,"Y",5,2389,0,0,2,1,4,1,4,8,1,4,"BuiltIn",3,3,672,3,3,3,176,64,0,0,0,0,0,0,"NA",0,11,2006,"New","Partial",298236,1,1,1,0,0,0,0
"060","RL",8773,"Pave","NA",3,"HLS",4,"Inside",3,"Gilbert","Norm","Norm","1Fam","2Story",6,5,1997,1997,"Gable","CompShg","VinylSd","VinylSd","None",0,3,3,"PConc",4,3,3,1,1,916,"GasA",4,"Y",5,1600,0,0,2,1,3,1,3,8,1,3,"Attchd",3,2,460,3,3,3,100,38,0,0,0,0,0,0,"NA",0,8,2007,"WD","Normal",169000,1,1,1,0,0,0,0
"070","RL",11414,"Pave","NA",3,"Lvl",4,"Corner",3,"BrkSide","RRAn","Feedr","1Fam","2Story",7,8,1910,1993,"Gable","CompShg","HdBoard","HdBoard","None",0,3,4,"BrkTil",4,3,1,1,1,728,"GasA",3,"N",5,2019,0,0,1,0,3,1,4,8,0,0,"Detchd",1,2,532,3,3,3,509,135,0,0,0,0,0,4,"NA",0,10,2009,"WD","Normal",167500,1,1,0,0,1,0,0
"050","RM",7006,"Pave","NA",4,"Lvl",4,"Inside",3,"IDOTRR","Norm","Norm","1Fam","1.5Fin",6,6,1925,1950,"Gable","CompShg","Stucco","Stucco","None",0,3,3,"PConc",3,3,1,3,1,768,"GasA",3,"Y",5,1236,1,0,2,0,3,1,3,8,1,4,"Detchd",1,1,384,3,3,3,0,0,0,0,0,0,0,3,"NA",0,8,2008,"WD","Family",127000,1,1,1,0,1,0,0
"060","RL",11606,"Pave","NA",3,"HLS",4,"Inside",1,"NAmes","Norm","Norm","1Fam","2Story",5,5,1969,1969,"Gable","CompShg","Plywood","Plywood","BrkFace",192,3,3,"PConc",4,3,3,3,1,1040,"GasA",3,"Y",5,2080,0,1,1,2,5,1,2,8,2,3,"Attchd",1,2,504,3,3,3,335,0,0,0,0,0,0,0,"NA",0,9,2007,"WD","Family",135000,1,1,1,0,0,0,1
"050","RM",8674,"Pave","NA",4,"HLS",4,"Inside",3,"BrkSide","RRNn","Artery","1Fam","1.5Fin",5,6,1950,1950,"Gable","CompShg","MetalSd","MetalSd","None",0,3,3,"CBlock",2,3,1,3,1,910,"GasA",3,"Y",5,1435,1,0,1,0,3,1,3,8,0,0,"Detchd",1,1,308,3,3,3,0,33,0,0,0,0,0,0,"NA",0,3,2007,"WD","Normal",128250,1,1,0,0,0,0,0
"020","RL",9600,"Pave","NA",4,"Lvl",4,"Inside",3,"NWAmes","Norm","Norm","1Fam","1Story",7,5,1969,1969,"Hip","CompShg","HdBoard","HdBoard","BrkFace",168,3,3,"CBlock",3,3,1,1,1,1164,"GasA",3,"Y",5,1164,0,0,1,1,3,1,3,8,0,0,"Attchd",1,2,528,3,3,3,0,0,0,0,0,0,0,0,"NA",0,7,2006,"COD","Normal",140000,1,1,0,0,0,0,1
"060","RL",14257,"Pave","NA",4,"Lvl",4,"Inside",3,"NridgHt","PosN","Norm","1Fam","2Story",9,5,2007,2007,"Hip","CompShg","VinylSd","VinylSd","Stone",726,5,3,"PConc",5,3,1,6,1,1776,"GasA",5,"Y",5,2772,1,0,3,1,4,1,5,8,3,4,"BuiltIn",3,3,754,3,3,3,135,64,0,0,0,0,0,0,"NA",0,6,2009,"WD","Normal",462000,1,1,1,0,0,0,1
"020","RL",8499,"Pave","NA",3,"Lvl",4,"Corner",3,"Sawyer","Feedr","Norm","1Fam","1Story",5,6,1961,1961,"Gable","CompShg","MetalSd","MetalSd","None",0,3,3,"CBlock",3,3,1,6,1,864,"GasA",5,"Y",5,864,1,0,1,0,3,1,3,8,0,0,"Detchd",1,2,732,3,3,3,0,312,0,0,0,0,0,0,"NA",0,6,2009,"WD","Normal",141000,1,1,0,0,0,0,0
"020","RL",9200,"Pave","NA",4,"Lvl",4,"Inside",3,"NAmes","Norm","Norm","1Fam","1Story",6,6,1965,1965,"Gable","CompShg","HdBoard","HdBoard","None",0,3,3,"CBlock",3,3,1,3,1,1136,"GasA",3,"Y",5,1136,1,0,1,0,3,1,3,8,1,4,"Attchd",2,1,384,3,3,3,426,0,0,0,0,0,0,0,"NA",0,7,2008,"WD","Normal",140000,1,1,1,0,0,0,0
"080","RL",11104,"Pave","NA",3,"Lvl",4,"Inside",3,"NWAmes","Norm","Norm","1Fam","SLvl",6,6,1969,1969,"Gable","CompShg","MetalSd","MetalSd","None",0,3,3,"CBlock",3,3,3,6,1,1427,"GasA",4,"Y",5,1427,0,1,2,0,4,1,3,8,0,0,"Attchd",2,2,516,3,3,3,0,0,0,0,216,0,0,0,"NA",0,5,2008,"WD","Normal",183000,1,1,0,0,0,0,0
"085","RL",11380,"Pave","NA",3,"Lvl",4,"Inside",3,"NAmes","Norm","Norm","1Fam","SFoyer",6,8,1966,2008,"Gable","CompShg","HdBoard","HdBoard","BrkFace",216,3,3,"CBlock",3,3,4,6,1,1080,"GasA",4,"Y",5,1128,1,0,1,0,2,1,4,8,1,4,"Attchd",1,1,315,3,3,3,238,0,0,0,0,0,0,0,"Shed",1500,1,2010,"WD","Normal",178000,1,1,1,0,0,0,1
"020","RL",10816,"Pave","NA",3,"Lvl",4,"Inside",3,"CollgCr","Norm","Norm","1Fam","1Story",9,5,2008,2008,"Gable","CompShg","VinylSd","VinylSd","Stone",364,5,3,"PConc",5,3,4,6,1,1720,"GasA",5,"Y",5,1720,1,0,2,0,3,1,5,8,1,4,"Attchd",2,3,846,3,3,3,208,104,0,0,0,0,0,0,"NA",0,11,2009,"WD","Normal",332000,1,1,1,0,0,0,1
"020","RL",14684,"Pave","NA",3,"Lvl",4,"CulDSac",3,"SawyerW","Norm","Norm","1Fam","1Story",7,7,1990,1991,"Hip","CompShg","HdBoard","HdBoard","BrkFace",234,4,3,"CBlock",4,3,2,5,4,2158,"GasA",4,"Y",5,2196,0,0,2,0,3,1,4,8,1,3,"Attchd",2,3,701,3,3,3,84,70,0,0,0,0,0,0,"NA",0,6,2009,"WD","Normal",271900,1,1,1,0,0,0,1
"060","RL",10625,"Pave","NA",4,"Lvl",4,"Inside",3,"NridgHt","Norm","Norm","1Fam","2Story",7,5,2003,2004,"Gable","CompShg","VinylSd","VinylSd","BrkFace",292,4,3,"PConc",4,3,1,6,1,998,"GasA",5,"Y",5,2046,1,0,2,1,3,1,4,8,1,4,"BuiltIn",2,3,871,3,3,3,320,62,0,0,0,0,0,0,"NA",0,8,2008,"WD","Normal",284000,1,1,1,0,0,0,1
"120","RL",3621,"Pave","NA",4,"Lvl",4,"Inside",3,"Blmngtn","Norm","Norm","TwnhsE","1Story",8,5,2003,2003,"Hip","CompShg","VinylSd","VinylSd","BrkFace",72,4,3,"PConc",4,3,4,6,1,1406,"GasA",5,"Y",5,1589,1,0,2,0,2,1,4,8,1,3,"Attchd",3,3,630,3,3,3,143,20,0,0,0,0,0,0,"NA",0,11,2007,"WD","Normal",226500,1,1,1,0,0,0,1
"060","RL",8400,"Pave","NA",4,"Lvl",4,"Inside",3,"NWAmes","Norm","Norm","1Fam","2Story",8,6,2001,2001,"Gable","CompShg","VinylSd","VinylSd","None",0,4,3,"PConc",4,3,1,6,1,810,"GasA",5,"Y",5,1665,1,0,2,1,3,1,4,8,0,0,"Attchd",3,2,528,3,3,3,0,45,0,0,0,0,0,0,"NA",0,11,2009,"WD","Normal",227000,1,1,0,0,0,0,0
"020","RL",12160,"Pave","NA",4,"Lvl",4,"Inside",3,"NAmes","Feedr","Norm","1Fam","1Story",6,4,1953,1953,"Hip","CompShg","Wd Sdng","Wd Sdng","BrkFace",90,3,3,"CBlock",3,3,1,4,1,1505,"GasA",5,"Y",5,1505,1,0,1,0,2,1,3,8,1,3,"Attchd",2,2,505,3,3,3,0,0,0,162,0,0,0,0,"NA",0,2,2009,"WD","Normal",149500,1,1,1,0,0,0,1
"085","RL",10050,"Pave","NA",3,"Lvl",4,"Inside",3,"NAmes","Norm","Norm","1Fam","SFoyer",5,6,1966,1966,"Gable","CompShg","HdBoard","HdBoard","BrkFace",87,3,3,"CBlock",3,3,3,6,1,793,"GasA",5,"Y",5,1280,0,1,2,0,3,1,3,8,1,3,"Basment",3,2,432,3,3,3,140,40,0,0,0,0,0,0,"NA",0,6,2007,"WD","Normal",175000,1,1,1,0,0,0,1
"020","RL",13300,"Pave","NA",4,"Lvl",4,"Inside",3,"NAmes","Norm","Norm","1Fam","1Story",5,5,1956,2001,"Hip","CompShg","Wd Sdng","VinylSd","None",0,3,3,"CBlock",3,3,1,3,1,1015,"GasA",4,"Y",5,1384,1,0,1,0,2,1,3,7,0,0,"Attchd",1,2,896,3,3,3,75,0,0,323,0,0,0,0,"Shed",400,6,2006,"WD","Normal",159000,1,1,0,0,0,0,0
"030","RM",7830,"Pave","NA",4,"Lvl",4,"Inside",3,"OldTown","Norm","Norm","1Fam","1Story",3,5,1921,1950,"Gable","CompShg","AsbShng","AsbShng","None",0,3,3,"BrkTil",2,3,1,2,1,492,"GasA",3,"Y",5,492,1,0,1,0,1,1,3,8,0,0,"Detchd",1,1,200,2,3,1,0,0,78,0,0,0,0,0,"NA",0,6,2006,"WD","Normal",61500,1,1,0,0,0,0,0
"080","RL",8400,"Pave","NA",4,"Lvl",4,"Inside",3,"Gilbert","Norm","Norm","1Fam","SLvl",7,5,1996,1997,"Gable","CompShg","HdBoard","HdBoard","BrkFace",32,3,3,"PConc",4,3,1,6,1,384,"GasA",4,"Y",5,1628,0,0,2,1,3,1,3,8,1,3,"BuiltIn",3,2,390,3,3,3,48,72,0,0,0,0,0,0,"Shed",490,6,2009,"WD","Normal",189000,1,1,1,0,0,0,1
"060","RL",10732,"Pave","NA",3,"Lvl",4,"Corner",3,"NridgHt","Norm","Norm","1Fam","2Story",8,5,2006,2007,"Gable","CompShg","VinylSd","VinylSd","None",0,4,3,"PConc",4,3,1,1,1,1298,"GasA",5,"Y",5,1828,0,0,2,1,3,1,4,8,0,0,"BuiltIn",2,3,876,3,3,3,0,40,0,0,0,0,0,0,"NA",0,2,2007,"New","Partial",250000,1,1,0,0,0,0,0
"160","FV",2117,"Pave","NA",4,"Lvl",4,"Inside",3,"Somerst","Norm","Norm","Twnhs","2Story",6,5,2000,2000,"Gable","CompShg","MetalSd","MetalSd","BrkFace",216,4,3,"PConc",4,3,1,6,1,756,"GasA",5,"Y",5,1573,0,0,2,1,3,1,4,8,0,0,"Detchd",1,2,440,3,3,3,0,32,0,0,0,0,0,0,"NA",0,6,2010,"WD","Normal",177500,1,1,0,0,0,0,1
"030","RM",9786,"Pave","NA",4,"Lvl",4,"Inside",3,"IDOTRR","Norm","Norm","1Fam","1Story",3,4,1922,1950,"Hip","CompShg","Wd Sdng","Wd Sdng","None",0,3,3,"BrkTil",3,2,1,1,1,1007,"GasA",2,"N",5,1077,0,0,1,0,3,1,3,8,1,4,"Detchd",1,1,210,3,2,2,0,100,48,0,0,0,0,0,"NA",0,5,2006,"WD","Normal",91000,1,1,1,0,0,0,0
"050","RM",5400,"Pave","NA",4,"Lvl",4,"Inside",3,"OldTown","Norm","Norm","1Fam","1.5Fin",6,6,1920,1950,"Gable","CompShg","MetalSd","MetalSd","None",0,2,3,"BrkTil",3,3,1,1,1,972,"GasA",5,"Y",5,1480,0,0,1,0,3,1,3,8,0,0,"Detchd",1,1,207,2,3,3,0,0,176,0,0,0,0,0,"NA",0,9,2009,"ConLI","Family",119000,1,1,0,0,0,0,0
"020","RL",10176,"Pave","NA",4,"Lvl",4,"Inside",3,"Gilbert","Norm","Norm","1Fam","1Story",7,5,1990,1990,"Gable","CompShg","HdBoard","HdBoard","None",0,3,3,"PConc",4,3,4,6,1,1300,"GasA",4,"Y",5,1341,1,0,1,1,2,1,4,8,1,1,"Attchd",1,2,506,3,3,3,192,0,0,0,0,0,0,0,"NA",0,2,2010,"WD","Normal",171500,1,1,1,0,0,0,0
"190","RL",10800,"Pave","NA",4,"Lvl",4,"Corner",3,"OldTown","Norm","Norm","2fmCon","1.5Fin",5,4,1900,1970,"Gable","CompShg","Wd Sdng","Wd Sdng","None",0,3,2,"CBlock",3,2,1,4,1,954,"GasA",3,"N",3,2414,0,0,2,0,3,2,3,5,1,4,"Attchd",1,2,520,3,2,1,142,0,0,0,0,0,0,0,"NA",0,5,2006,"ConLD","Normal",160000,1,1,1,0,0,0,0
"020","RL",8885,"Pave","NA",3,"Low",4,"Inside",2,"Mitchel","Norm","Norm","1Fam","1Story",5,5,1983,1983,"Gable","CompShg","HdBoard","HdBoard","None",0,3,3,"CBlock",4,3,3,4,5,864,"GasA",3,"Y",5,902,1,0,1,0,2,1,3,8,0,0,"Attchd",1,2,484,3,3,3,164,0,0,0,0,0,0,3,"NA",0,6,2006,"WD","Normal",131000,1,1,0,0,1,0,0
"020","RL",11850,"Pave","NA",4,"Lvl",4,"FR2",3,"NWAmes","Norm","Norm","1Fam","1Story",6,6,1984,1984,"Gable","CompShg","Plywood","Plywood","BrkFace",98,3,3,"CBlock",4,3,1,5,1,1153,"GasA",3,"Y",5,1177,0,0,2,0,3,1,4,8,0,0,"Attchd",3,2,495,3,3,3,204,103,0,0,0,0,0,3,"NA",0,8,2007,"WD","Normal",151500,1,1,0,0,1,0,1
"060","FV",12552,"Pave","NA",4,"Lvl",4,"Corner",3,"Somerst","Norm","Norm","1Fam","2Story",7,5,2004,2005,"Gable","CompShg","VinylSd","VinylSd","None",0,4,3,"PConc",4,3,1,6,1,991,"GasA",5,"Y",5,1947,0,0,2,1,3,1,4,8,1,4,"Attchd",2,2,678,3,3,3,0,136,0,0,0,0,0,2,"NA",0,5,2010,"WD","Normal",254900,1,1,1,0,1,0,0
"020","RL",13514,"Pave","NA",3,"Lvl",4,"Corner",3,"NridgHt","Norm","Norm","1Fam","1Story",9,5,2008,2008,"Hip","CompShg","VinylSd","VinylSd","None",285,5,3,"PConc",5,3,1,6,1,1774,"GasA",5,"Y",5,1808,1,0,2,0,3,1,5,8,1,4,"Attchd",3,3,850,3,3,3,200,26,0,0,0,0,0,0,"NA",0,3,2009,"WD","Normal",324000,1,1,1,0,0,0,0
"020","RL",8125,"Pave","NA",3,"Lvl",4,"Corner",3,"NAmes","Norm","Norm","1Fam","1Story",4,4,1971,1971,"Gable","CompShg","HdBoard","HdBoard","None",0,3,3,"CBlock",3,3,1,4,1,858,"GasA",3,"Y",5,858,0,0,1,0,3,1,3,8,0,0,"NA",0,0,0,0,0,3,0,0,0,0,0,0,0,0,"NA",0,6,2006,"WD","Normal",88000,1,0,0,0,0,0,0
"120","RM",8239,"Pave","NA",3,"Lvl",4,"Inside",3,"GrnHill","Norm","Norm","TwnhsE","1Story",7,5,1986,1986,"Gable","CompShg","BrkFace","Wd Sdng","None",0,4,3,"CBlock",0,0,0,0,0,0,"GasA",4,"Y",5,1295,0,0,2,0,2,1,4,8,0,0,"Attchd",2,1,312,3,3,3,0,0,0,0,0,0,0,0,"NA",0,11,2006,"WD","Normal",230000,0,1,0,0,0,0,0
"070","RL",10592,"Pave","NA",4,"Lvl",4,"Inside",3,"Crawfor","Norm","Norm","1Fam","2Story",6,7,1923,1996,"Hip","CompShg","Wd Sdng","Wd Sdng","None",0,3,4,"PConc",3,2,1,1,1,602,"GasA",3,"Y",5,1502,0,0,1,1,3,1,4,8,2,3,"Detchd",1,1,180,3,3,3,96,0,112,0,53,0,0,0,"NA",0,8,2007,"WD","Normal",165000,1,1,1,0,0,0,0
"050","RM",6000,"Pave","NA",4,"Lvl",4,"Inside",3,"BrkSide","Norm","Norm","1Fam","1.5Fin",6,6,1941,1950,"Gable","CompShg","Wd Sdng","Wd Sdng","None",0,3,4,"BrkTil",3,4,1,5,1,735,"GasA",5,"Y",5,1218,0,1,1,0,3,1,3,8,1,4,"Detchd",1,2,440,3,3,3,0,0,0,0,0,0,0,0,"NA",0,3,2007,"WD","Normal",131000,1,1,1,0,0,0,0
"020","RL",7180,"Pave","NA",3,"Lvl",4,"Inside",3,"CollgCr","Norm","Norm","1Fam","1Story",5,7,1972,1972,"Hip","CompShg","HdBoard","HdBoard","None",0,3,3,"CBlock",3,3,3,5,1,864,"GasA",3,"Y",5,864,0,0,1,0,3,1,3,8,0,0,"Detchd",1,1,352,3,3,3,0,0,0,0,0,0,0,0,"NA",0,5,2008,"WD","Normal",127000,1,1,0,0,0,0,0
"020","RL",9520,"Pave","NA",3,"HLS",4,"Inside",3,"Timber","Norm","Norm","1Fam","1Story",8,5,2007,2008,"Gable","CompShg","VinylSd","VinylSd","Stone",338,4,3,"PConc",4,3,4,6,1,1638,"GasA",5,"Y",5,1646,1,0,2,0,3,1,4,8,1,4,"Attchd",2,3,800,3,3,3,192,44,0,0,0,0,0,0,"NA",0,4,2008,"New","Partial",293077,1,1,1,0,0,0,1
"020","RL",7200,"Pave","NA",4,"Lvl",4,"Inside",3,"NAmes","Norm","Norm","1Fam","1Story",5,7,1954,1954,"Gable","CompShg","MetalSd","MetalSd","None",0,3,3,"CBlock",3,3,1,1,1,825,"GasA",3,"Y",3,825,0,1,1,0,2,1,3,8,0,0,"Attchd",1,1,350,3,3,3,0,0,0,0,0,0,0,0,"NA",0,7,2008,"WD","Normal",109500,1,1,0,0,0,0,0
"190","RL",15750,"Pave","NA",4,"Lvl",4,"Corner",3,"Crawfor","Norm","Norm","2fmCon","1Story",5,5,1953,1953,"Hip","CompShg","MetalSd","MetalSd","BrkFace",56,3,3,"CBlock",3,3,2,4,1,1165,"GasA",3,"Y",5,1336,1,0,1,0,2,1,3,8,2,4,"Attchd",1,1,375,3,3,3,0,0,0,0,0,0,0,0,"NA",0,6,2006,"WD","Normal",157000,1,1,1,0,0,0,1
"050","RM",8094,"Pave","Grvl",4,"Lvl",4,"Inside",3,"OldTown","Norm","Norm","1Fam","1.5Fin",4,5,1915,1950,"Gable","CompShg","MetalSd","MetalSd","None",0,3,2,"CBlock",3,3,1,1,1,888,"GasA",5,"Y",5,1962,0,0,1,1,4,1,3,8,1,3,"Detchd",1,2,572,3,3,3,160,0,364,0,0,0,0,4,"NA",0,6,2010,"WD","Normal",149500,1,1,1,0,1,1,0
"020","RL",9317,"Pave","NA",3,"Lvl",4,"Inside",3,"CollgCr","Norm","Norm","1Fam","1Story",6,5,2006,2006,"Gable","CompShg","VinylSd","VinylSd","None",0,4,3,"PConc",4,3,1,6,1,1314,"GasA",4,"Y",5,1314,0,0,2,0,3,1,4,8,1,4,"Attchd",2,2,440,3,3,3,0,22,0,0,0,0,0,0,"NA",0,3,2007,"WD","Normal",176432,1,1,1,0,0,0,0
"060","RL",16770,"Pave","NA",2,"Lvl",4,"CulDSac",3,"NoRidge","Norm","Norm","1Fam","2Story",7,5,1998,1998,"Gable","CompShg","VinylSd","VinylSd","BrkFace",30,4,3,"PConc",4,3,1,1,1,1195,"GasA",4,"Y",5,1839,0,0,2,1,4,1,3,8,0,0,"Attchd",3,2,486,3,3,3,0,81,0,0,0,0,0,0,"NA",0,6,2010,"WD","Normal",221000,1,1,0,0,0,0,1
"160","RL",2268,"Pave","NA",4,"Lvl",4,"Inside",3,"NridgHt","Norm","Norm","Twnhs","2Story",7,5,2003,2004,"Gable","CompShg","VinylSd","Wd Shng","Stone",106,4,3,"PConc",4,3,1,6,1,764,"GasA",5,"Y",5,1626,0,0,2,0,2,1,4,8,0,0,"BuiltIn",2,2,474,3,3,3,0,27,0,0,0,0,0,0,"NA",0,7,2009,"WD","Normal",173000,1,1,0,0,0,0,1
"085","RL",9360,"Pave","NA",4,"Bnk",4,"Inside",3,"Mitchel","Norm","Norm","1Fam","SFoyer",6,7,1977,1977,"Gable","CompShg","Plywood","Plywood","None",0,3,3,"CBlock",4,3,3,6,2,957,"GasA",3,"Y",5,1287,1,0,1,1,2,1,3,8,2,2,"Attchd",2,2,541,3,3,3,302,39,0,0,120,0,0,2,"NA",0,11,2009,"WD","Normal",173000,1,1,1,0,1,0,0
"020","RL",7340,"Pave","NA",3,"Lvl",4,"Inside",3,"NAmes","Norm","Norm","1Fam","1Story",4,6,1971,1971,"Gable","CompShg","HdBoard","HdBoard","None",0,3,3,"CBlock",3,3,1,5,1,858,"GasA",3,"Y",5,858,0,0,1,0,2,1,3,8,0,0,"Detchd",1,1,684,3,3,3,0,0,0,0,0,0,0,0,"NA",0,6,2007,"WD","Normal",110000,1,1,0,0,0,0,0
"060","RL",8366,"Pave","NA",3,"Lvl",4,"Inside",3,"SawyerW","Norm","Norm","1Fam","2Story",6,5,2004,2004,"Gable","CompShg","VinylSd","VinylSd","None",0,4,3,"PConc",4,3,1,1,1,798,"GasA",5,"Y",5,1640,0,0,2,1,3,1,4,8,0,0,"Attchd",2,2,520,3,3,3,138,45,0,0,0,0,0,0,"NA",0,12,2008,"WD","Normal",173000,1,1,0,0,0,0,0
"020","RL",12285,"Pave","NA",3,"Lvl",4,"Inside",3,"NAmes","Norm","Norm","1Fam","1Story",7,6,1960,1960,"Gable","CompShg","Plywood","Plywood","BrkFace",128,3,3,"CBlock",3,3,1,4,1,1329,"GasA",4,"Y",5,1329,0,0,1,1,3,1,3,8,2,4,"Attchd",1,2,441,3,3,3,0,0,203,0,0,0,0,0,"NA",0,8,2009,"WD","Normal",176000,1,1,1,0,0,0,1
"020","FV",9000,"Pave","NA",4,"Lvl",4,"Inside",3,"Somerst","Norm","Norm","1Fam","1Story",8,5,2008,2008,"Gable","CompShg","VinylSd","VinylSd","Stone",36,4,3,"PConc",4,3,3,6,1,1566,"GasA",5,"Y",5,1566,1,0,2,0,3,1,4,8,0,0,"Attchd",2,2,750,3,3,3,144,168,0,0,0,0,0,0,"NA",0,4,2010,"WD","Normal",262500,1,1,0,0,0,0,1
"060","RL",8640,"Pave","NA",4,"Lvl",4,"Inside",3,"NAmes","Feedr","Norm","1Fam","2Story",5,5,1968,1968,"Gable","CompShg","HdBoard","HdBoard","BrkFace",300,3,3,"CBlock",4,2,2,5,3,900,"GasA",5,"Y",5,1770,1,0,1,1,4,1,3,8,0,0,"Attchd",2,2,530,3,3,3,0,60,0,0,270,0,0,0,"Shed",455,6,2006,"WD","Normal",155000,1,1,0,0,0,0,1
"160","RM",2522,"Pave","NA",4,"Lvl",4,"Inside",3,"Edwards","Norm","Norm","Twnhs","2Story",7,5,2004,2004,"Gable","CompShg","VinylSd","VinylSd","Stone",50,4,3,"PConc",4,3,1,1,1,970,"GasA",5,"Y",5,1709,0,0,2,0,3,1,4,4,0,0,"Detchd",1,2,380,3,3,3,0,40,0,0,0,0,0,0,"NA",0,5,2006,"WD","Normal",134000,1,1,0,0,0,0,1
"020","RL",6420,"Pave","NA",3,"Lvl",4,"Inside",3,"Edwards","Norm","Norm","1Fam","1Story",5,7,1952,1952,"Gable","CompShg","Wd Sdng","Wd Sdng","None",0,3,3,"PConc",5,4,2,2,5,980,"GasA",2,"Y",3,1148,0,1,1,0,2,1,3,8,0,0,"Detchd",1,1,308,3,3,3,0,0,0,0,0,0,0,0,"NA",0,9,2006,"WD","Normal",123500,1,1,0,0,0,0,0
"190","RL",6931,"Pave","NA",4,"Lvl",4,"Inside",3,"Edwards","Norm","Norm","2fmCon","1Story",4,5,1955,1955,"Hip","CompShg","Wd Sdng","Wd Sdng","None",0,3,3,"CBlock",3,3,3,5,1,784,"GasA",3,"N",1,784,1,0,1,0,2,1,3,8,0,0,"NA",0,0,0,0,0,3,112,0,0,0,0,0,0,0,"NA",0,5,2008,"WD","Normal",91900,1,0,0,0,0,0,0
"050","RM",4347,"Pave","NA",4,"Lvl",4,"Inside",3,"OldTown","Norm","Norm","1Fam","1.5Fin",6,8,1910,1950,"Gambrel","CompShg","MetalSd","MetalSd","None",0,4,3,"BrkTil",4,4,1,1,1,796,"GasA",5,"Y",5,1609,0,0,1,0,3,1,3,8,0,0,"Detchd",1,1,228,2,2,1,0,182,0,0,0,0,0,0,"NA",0,6,2008,"WD","Normal",127500,1,1,0,0,0,0,0
"050","RM",6000,"Pave","NA",4,"Lvl",4,"Corner",3,"BrkSide","Norm","Norm","1Fam","1.5Fin",5,5,1924,1950,"Gable","CompShg","Stucco","Stucco","BrkFace",444,3,3,"BrkTil",3,3,1,3,1,468,"GasA",4,"Y",5,1142,0,0,1,0,3,1,3,8,0,0,"Attchd",3,1,320,3,3,3,0,0,98,0,0,0,0,0,"NA",0,6,2009,"WD","Normal",93000,1,1,0,0,0,0,1
"020","RL",13015,"Pave","NA",4,"Lvl",4,"Corner",3,"CollgCr","Norm","Norm","1Fam","1Story",5,6,1996,1996,"Gable","CompShg","VinylSd","VinylSd","None",0,3,4,"PConc",4,3,1,1,1,1100,"GasA",5,"Y",5,1100,0,0,1,1,3,1,3,8,0,0,"Attchd",2,2,462,3,3,3,0,0,0,0,0,0,0,0,"NA",0,6,2006,"WD","Normal",145000,1,1,0,0,0,0,0
"085","RL",8723,"Pave","NA",3,"Lvl",4,"Inside",3,"NWAmes","PosN","Norm","1Fam","SFoyer",6,6,1969,1969,"Gable","CompShg","HdBoard","HdBoard","None",0,3,3,"PConc",4,3,3,4,1,973,"GasA",5,"Y",5,1082,1,0,1,0,3,1,3,8,0,0,"Attchd",1,2,480,3,3,3,160,0,0,0,0,0,0,0,"NA",0,1,2007,"WD","Normal",162500,1,1,0,0,0,0,0
"070","RL",7200,"Pave","NA",4,"Lvl",4,"Inside",3,"SWISU","Feedr","Norm","1Fam","2Story",7,9,1936,2007,"Gable","CompShg","Wd Sdng","Wd Sdng","None",0,4,4,"PConc",4,4,1,5,4,560,"GasA",5,"Y",5,1135,1,0,1,0,3,1,4,8,0,0,"Detchd",2,2,576,3,3,3,256,0,0,0,0,0,0,3,"NA",0,4,2009,"WD","Normal",155000,1,1,0,0,1,0,0
"090","RL",9750,"Pave","NA",4,"Lvl",4,"Inside",3,"NWAmes","RRAn","Norm","Duplex","1Story",5,6,1965,1965,"Gable","CompShg","MetalSd","MetalSd","None",0,3,3,"CBlock",3,3,1,1,1,1625,"GasA",5,"Y",5,1625,0,0,2,0,4,2,3,8,0,0,"Detchd",1,2,484,3,3,3,0,0,0,0,0,0,0,0,"NA",0,8,2008,"ConLD","Normal",140500,1,1,0,0,0,0,0
"060","RL",12003,"Pave","NA",4,"Lvl",4,"Corner",3,"Timber","Norm","Norm","1Fam","2Story",8,5,2009,2010,"Gable","CompShg","VinylSd","VinylSd","BrkFace",84,4,3,"PConc",5,3,1,1,1,774,"GasA",5,"Y",5,1968,0,0,2,1,4,1,5,8,1,4,"BuiltIn",3,3,680,3,3,3,0,75,0,0,0,0,0,0,"NA",0,5,2010,"New","Partial",269500,1,1,1,0,0,0,1
"020","RL",20064,"Pave","NA",3,"Low",4,"Inside",1,"ClearCr","Norm","Norm","1Fam","1Story",8,6,1976,1976,"Shed","WdShngl","Wd Sdng","Wd Sdng","None",0,4,3,"CBlock",4,4,4,2,6,966,"GasA",5,"Y",5,1743,2,0,0,1,0,1,4,8,2,2,"Attchd",3,2,529,3,3,3,646,0,0,0,0,0,0,0,"NA",0,5,2007,"WD","Normal",279000,1,1,1,0,0,0,0
"020","RL",8480,"Pave","NA",4,"Lvl",4,"Corner",3,"Sawyer","Norm","Norm","1Fam","1Story",5,6,1963,1963,"Hip","CompShg","HdBoard","HdBoard","None",0,3,3,"CBlock",3,3,1,6,1,970,"GasA",3,"Y",5,970,1,0,1,0,2,1,3,8,0,0,"Detchd",1,2,624,3,3,3,0,24,0,0,192,0,0,0,"NA",0,7,2007,"WD","Normal",132500,1,1,0,0,0,0,0
"120","FV",3523,"Pave","Pave",3,"Lvl",4,"Inside",3,"Somerst","Norm","Norm","TwnhsE","1Story",8,5,2006,2007,"Gable","CompShg","VinylSd","VinylSd","Stone",30,4,3,"PConc",4,3,1,6,1,1141,"GasA",5,"Y",5,1151,1,0,2,0,2,1,4,8,0,0,"Attchd",3,2,484,3,3,3,0,60,0,0,0,0,0,0,"NA",0,2,2007,"New","Partial",166000,1,1,0,0,0,1,1
"020","RL",14299,"Pave","NA",4,"Lvl",4,"Inside",3,"Sawyer","Feedr","Norm","1Fam","1Story",4,3,1964,1964,"Gable","CompShg","HdBoard","HdBoard","None",0,3,3,"CBlock",3,3,1,3,2,1005,"GasA",3,"Y",5,1005,1,0,1,0,3,1,3,8,0,0,"Detchd",1,2,440,3,3,1,0,0,0,0,0,0,0,3,"NA",0,7,2007,"WD","Normal",115400,1,1,0,0,1,0,0
"030","RM",4800,"Pave","NA",4,"Lvl",4,"Inside",3,"IDOTRR","Norm","Norm","1Fam","1Story",4,7,1916,1990,"Gable","CompShg","MetalSd","MetalSd","None",0,3,3,"CBlock",3,3,1,2,1,1196,"GasA",5,"Y",3,1196,1,0,1,0,2,1,3,8,0,0,"Detchd",1,2,440,3,3,3,0,0,0,0,0,0,0,0,"NA",0,7,2007,"WD","Normal",109900,1,1,0,0,0,0,0
"020","RL",12250,"Pave","NA",3,"Lvl",4,"Inside",3,"CollgCr","Norm","Norm","1Fam","1Story",5,6,1978,1978,"Gable","CompShg","HdBoard","HdBoard","BrkFace",180,3,3,"CBlock",4,3,2,5,1,864,"GasA",5,"Y",5,1174,1,0,1,0,3,1,3,8,0,0,"Attchd",1,2,528,3,3,3,211,0,280,0,0,0,0,0,"NA",0,5,2008,"WD","Normal",158000,1,1,0,0,0,0,1
"060","RL",7153,"Pave","NA",4,"Lvl",4,"Inside",3,"SawyerW","Norm","Norm","1Fam","2Story",6,5,1992,1992,"Gable","CompShg","VinylSd","VinylSd","None",0,4,4,"PConc",4,3,1,5,1,761,"GasA",5,"Y",5,1603,0,0,2,1,3,1,4,8,0,0,"Attchd",2,2,484,3,3,3,0,124,0,0,0,0,0,0,"NA",0,7,2006,"WD","Normal",175900,1,1,0,0,0,0,0
"090","RL",7700,"Pave","NA",4,"Lvl",4,"Inside",3,"Mitchel","Norm","Norm","Duplex","2Story",5,2,1985,1986,"Gable","CompShg","HdBoard","HdBoard","None",0,3,1,"PConc",3,3,1,1,1,1216,"GasA",4,"Y",5,2432,0,0,4,2,4,2,3,8,0,0,"Attchd",1,2,616,3,2,3,200,0,0,0,0,0,0,0,"Shed",600,2,2010,"WD","Normal",159000,1,1,0,0,0,0,0
"085","RL",7200,"Pave","NA",4,"Lvl",4,"Inside",3,"CollgCr","Norm","Norm","1Fam","SFoyer",5,8,1972,2003,"Gable","CompShg","WdShing","HdBoard","None",0,3,4,"CBlock",4,3,3,6,1,768,"GasA",4,"Y",5,768,0,1,1,0,2,1,3,8,0,0,"Detchd",3,1,396,3,3,3,192,0,0,0,0,0,0,3,"NA",0,4,2009,"WD","Normal",133900,1,1,0,0,1,0,0
"085","RL",10625,"Pave","NA",4,"Lvl",4,"Inside",3,"NWAmes","Norm","Norm","1Fam","SFoyer",7,6,1974,1974,"Gable","CompShg","Plywood","Plywood","BrkFace",81,3,3,"CBlock",4,3,4,6,2,1053,"GasA",3,"Y",5,1173,1,0,2,0,3,1,4,8,2,3,"Attchd",2,2,528,3,3,3,0,120,0,0,0,0,0,3,"NA",0,1,2010,"WD","Family",170000,1,1,1,0,1,0,1
"080","RL",10482,"Pave","NA",4,"Lvl",4,"Inside",3,"NAmes","Norm","Norm","1Fam","SLvl",6,8,1958,1958,"Hip","CompShg","VinylSd","VinylSd","BrkFace",63,3,4,"CBlock",3,3,3,6,1,588,"GasA",5,"Y",5,1138,0,1,1,0,3,1,3,8,0,0,"Attchd",2,1,264,3,3,3,224,0,0,0,0,0,0,1,"NA",0,6,2007,"WD","Normal",145000,1,1,0,0,1,0,1
"020","RL",8250,"Pave","NA",4,"Lvl",4,"Corner",3,"NAmes","Norm","Norm","1Fam","1Story",5,7,1963,1963,"Gable","CompShg","MetalSd","MetalSd","None",0,3,3,"CBlock",3,3,1,5,1,1053,"GasA",4,"Y",5,1053,1,0,1,0,3,1,4,8,0,0,"2Types",2,2,692,3,3,3,240,0,0,0,109,0,0,0,"NA",0,7,2007,"WD","Normal",142100,1,1,0,0,0,0,0
"020","RL",11645,"Pave","NA",4,"Lvl",4,"Inside",3,"CollgCr","Norm","Norm","1Fam","1Story",8,5,2005,2006,"Hip","CompShg","VinylSd","VinylSd","BrkFace",198,4,3,"PConc",5,3,4,6,1,1570,"GasA",5,"Y",5,1590,1,0,2,1,2,1,5,8,0,0,"Attchd",3,3,754,3,3,3,176,80,0,0,0,0,0,0,"NA",0,8,2006,"New","Partial",294900,1,1,0,0,0,0,1
"060","RL",9938,"Pave","NA",4,"Lvl",4,"Inside",3,"SawyerW","Norm","Norm","1Fam","2Story",7,5,1993,1994,"Gable","CompShg","MetalSd","MetalSd","BrkFace",246,4,3,"PConc",4,3,1,6,1,1050,"GasA",5,"Y",5,1949,1,0,2,1,3,1,4,8,1,3,"Attchd",3,2,574,3,3,3,156,90,0,0,0,0,0,4,"NA",0,6,2010,"WD","Normal",236000,1,1,1,0,1,0,1
"020","RL",13500,"Pave","NA",4,"Lvl",4,"Inside",3,"ClearCr","Norm","Norm","1Fam","1Story",6,7,1960,1975,"Flat","CompShg","BrkFace","Plywood","None",0,3,3,"CBlock",4,3,4,4,5,1602,"GasA",4,"Y",5,1252,1,0,1,0,1,1,3,8,1,4,"Attchd",2,2,564,3,3,3,409,0,0,0,0,0,0,0,"NA",0,3,2008,"WD","Normal",235000,1,1,1,0,0,0,0
"060","RL",8880,"Pave","NA",3,"Lvl",4,"Inside",3,"SawyerW","Norm","Norm","1Fam","2Story",7,5,1994,2002,"Gable","CompShg","VinylSd","VinylSd","None",0,4,3,"PConc",4,3,1,6,1,948,"GasA",5,"Y",5,2110,1,0,2,1,3,1,4,8,2,2,"Attchd",2,2,463,3,3,3,0,130,0,0,0,0,0,0,"NA",0,5,2010,"WD","Normal",205000,1,1,1,0,0,0,0
"020","RL",10010,"Pave","NA",4,"Lvl",4,"Inside",2,"Mitchel","Norm","Norm","1Fam","1Story",5,5,1974,1975,"Gable","CompShg","HdBoard","HdBoard","None",0,3,3,"CBlock",4,3,3,5,2,1389,"GasA",4,"Y",5,1389,1,0,1,0,2,1,3,8,1,3,"Attchd",2,2,418,3,3,3,240,38,0,0,0,0,0,0,"NA",0,4,2006,"WD","Normal",170000,1,1,1,0,0,0,0
"020","RL",9750,"Pave","NA",4,"Lvl",4,"FR2",3,"NAmes","Norm","Norm","1Fam","1Story",6,8,1969,1969,"Gable","CompShg","HdBoard","HdBoard","None",0,3,3,"CBlock",4,3,1,5,2,1054,"GasA",4,"Y",5,1054,1,0,1,1,3,1,3,8,0,0,"Attchd",1,2,460,3,3,3,180,0,0,0,80,0,0,0,"NA",0,7,2008,"WD","Normal",151000,1,1,0,0,0,0,0
"030","RM",8534,"Pave","NA",4,"Low",4,"Inside",3,"IDOTRR","Norm","Norm","1Fam","1Story",4,4,1925,1950,"Gable","CompShg","Wd Sdng","Wd Sdng","None",0,3,3,"BrkTil",2,3,1,1,1,432,"GasA",3,"N",3,672,0,0,1,0,2,1,3,7,0,0,"NA",0,0,0,0,0,1,0,0,112,0,0,0,0,2,"NA",0,6,2006,"WD","Normal",72000,1,0,0,0,1,0,0
"050","RM",10320,"Pave","Grvl",4,"Lvl",4,"Inside",3,"IDOTRR","Norm","Norm","1Fam","1.5Fin",5,6,1915,1978,"Gable","CompShg","HdBoard","HdBoard","None",0,3,2,"BrkTil",3,2,1,1,1,880,"GasA",4,"Y",5,1308,0,0,2,0,2,1,3,8,0,0,"Detchd",1,2,400,2,2,3,0,0,117,0,0,0,0,0,"NA",0,4,2008,"WD","Normal",120000,1,1,0,0,0,1,0
"030","RL",4853,"Pave","NA",4,"Bnk",4,"Inside",3,"SWISU","Artery","Norm","1Fam","1Story",5,6,1924,1999,"Gable","CompShg","MetalSd","VinylSd","BrkFace",203,3,3,"BrkTil",3,3,2,3,1,1107,"GasA",2,"N",3,1296,0,0,2,0,2,1,2,8,1,4,"Detchd",1,1,260,3,3,3,0,0,36,0,0,0,0,3,"NA",0,5,2010,"WD","Normal",104000,1,1,1,0,1,0,1
"060","RL",11419,"Pave","NA",4,"Lvl",4,"Corner",3,"NAmes","Artery","Norm","1Fam","2Story",7,7,1948,1999,"Gable","CompShg","WdShing","Wd Shng","None",0,3,3,"CBlock",3,3,2,5,1,699,"GasA",5,"Y",3,1527,1,0,1,1,3,1,3,8,1,4,"Attchd",1,2,410,3,3,3,0,0,134,0,0,0,0,2,"NA",0,12,2009,"WD","Normal",152500,1,1,1,0,1,0,0
"020","RL",7535,"Pave","NA",3,"Lvl",4,"Inside",3,"NAmes","Norm","Norm","1Fam","1Story",5,7,1958,1985,"Gable","CompShg","MetalSd","MetalSd","None",0,3,3,"CBlock",3,3,1,4,2,912,"GasA",2,"Y",5,912,0,1,1,0,2,1,3,8,0,0,"Attchd",3,1,297,3,3,3,12,285,0,0,0,0,0,1,"Shed",480,6,2007,"WD","Normal",120000,1,1,0,0,1,0,0
"160","RM",2001,"Pave","NA",4,"Lvl",4,"Inside",3,"MeadowV","Norm","Norm","Twnhs","2Story",4,5,1970,1970,"Gable","CompShg","CemntBd","CmentBd","BrkFace",80,3,3,"CBlock",3,3,1,1,1,546,"GasA",2,"Y",5,1092,0,0,1,1,3,1,3,8,0,0,"Attchd",1,1,286,3,3,3,0,0,0,0,0,0,0,0,"NA",0,1,2007,"WD","Normal",75000,1,1,0,0,0,0,1
"060","RL",9303,"Pave","NA",3,"Lvl",4,"Corner",3,"Timber","Norm","Norm","1Fam","2Story",6,5,1996,1997,"Hip","CompShg","VinylSd","VinylSd","BrkFace",42,4,3,"PConc",5,3,1,5,1,872,"GasA",5,"Y",5,1756,1,0,2,1,3,1,3,8,0,0,"Attchd",3,2,422,3,3,3,144,122,0,0,0,0,0,0,"NA",0,7,2007,"WD","Normal",204000,1,1,0,0,0,0,1
"120","FV",4379,"Pave","NA",3,"Lvl",4,"FR2",3,"Somerst","Norm","Norm","TwnhsE","1Story",8,5,2004,2004,"Gable","CompShg","MetalSd","MetalSd","None",0,4,3,"PConc",4,3,3,6,1,1378,"GasA",5,"Y",5,1378,1,0,2,0,2,1,4,8,1,4,"Attchd",3,2,540,3,3,3,160,56,0,0,0,0,0,0,"NA",0,7,2007,"WD","Normal",214000,1,1,1,0,0,0,0
"160","RL",8012,"Pave","NA",4,"Lvl",4,"Inside",3,"SawyerW","Norm","Norm","TwnhsE","2Story",6,5,1980,1980,"Gable","CompShg","Plywood","Plywood","None",0,3,3,"CBlock",3,3,1,1,1,630,"GasA",5,"Y",5,1266,0,0,1,1,2,1,3,8,2,3,"Attchd",2,1,283,3,3,3,340,0,0,0,0,0,0,3,"NA",0,7,2007,"WD","Normal",128000,1,1,1,0,1,0,0
"050","RL",11250,"Pave","NA",4,"Lvl",4,"Inside",3,"ClearCr","Norm","Norm","1Fam","1.5Fin",4,5,1957,1989,"Gable","CompShg","Wd Sdng","Wd Sdng","None",0,3,3,"CBlock",3,3,3,1,1,1104,"GasA",5,"Y",3,1788,1,0,1,0,5,1,3,6,2,3,"Attchd",1,1,304,3,3,3,120,0,0,0,0,0,0,0,"NA",0,11,2009,"WD","Normal",161500,1,1,1,0,0,0,0
"020","RL",8872,"Pave","NA",4,"Lvl",4,"Corner",3,"NAmes","Norm","Norm","1Fam","1Story",5,8,1965,2008,"Gable","CompShg","VinylSd","VinylSd","BrkFace",300,3,3,"CBlock",3,3,1,5,1,912,"GasA",5,"Y",5,912,1,0,1,0,2,1,4,8,0,0,"Detchd",1,2,576,3,3,3,0,240,0,0,0,0,0,0,"NA",0,12,2008,"WD","Normal",147000,1,1,0,0,0,0,1
"020","RL",7777,"Pave","NA",3,"Lvl",4,"Inside",3,"Timber","Norm","Norm","1Fam","1Story",6,5,1996,1996,"Gable","CompShg","VinylSd","VinylSd","BrkFace",203,4,3,"PConc",5,3,1,1,1,1491,"GasA",5,"Y",5,1491,0,0,2,0,3,1,3,8,1,3,"Attchd",3,2,571,3,3,3,0,35,0,0,0,0,0,0,"NA",0,11,2007,"WD","Normal",178000,1,1,1,0,0,0,1
"020","RL",11896,"Pave","NA",3,"Lvl",4,"Corner",3,"Timber","Norm","Norm","1Fam","1Story",7,5,2008,2008,"Gable","CompShg","VinylSd","VinylSd","Stone",60,4,3,"PConc",4,3,1,6,1,1336,"GasA",5,"Y",5,1346,1,0,2,0,3,1,4,8,1,3,"Attchd",3,3,660,3,3,3,100,48,0,0,0,0,0,0,"NA",0,5,2010,"WD","Normal",220000,1,1,1,0,0,0,1
"085","RL",8014,"Pave","NA",3,"Lvl",4,"CulDSac",3,"Sawyer","Norm","Norm","1Fam","SFoyer",6,5,1978,1978,"Gable","CompShg","Plywood","HdBoard","BrkFace",23,3,3,"CBlock",4,3,4,6,1,456,"GasA",3,"Y",5,1034,0,1,1,0,3,1,3,8,1,2,"Basment",3,2,504,3,3,3,0,0,0,0,0,0,0,0,"NA",0,6,2009,"WD","Normal",149900,1,1,1,0,0,0,1
"020","RM",7200,"Pave","Grvl",4,"Lvl",4,"Inside",3,"OldTown","Norm","Norm","1Fam","1Story",4,5,1950,1950,"Gable","CompShg","MetalSd","MetalSd","None",0,3,3,"CBlock",3,3,1,1,1,576,"GasA",5,"Y",5,864,0,0,1,0,2,1,3,8,0,0,"Detchd",2,1,528,3,3,3,0,0,0,0,115,0,0,0,"NA",0,8,2006,"COD","Normal",105000,1,1,0,0,0,1,0
"020","RL",10335,"Pave","NA",3,"Lvl",4,"Inside",3,"CollgCr","Norm","Norm","1Fam","1Story",7,5,1999,1999,"Gable","CompShg","VinylSd","VinylSd","BrkFace",183,4,3,"PConc",4,3,4,6,1,1490,"GasA",5,"Y",5,1501,1,0,2,0,3,1,4,8,0,0,"Attchd",2,2,577,3,3,3,144,29,0,0,0,0,0,0,"NA",0,6,2009,"WD","Normal",204000,1,1,0,0,0,0,1
"120","RM",4426,"Pave","NA",4,"Lvl",4,"Inside",3,"CollgCr","Norm","Norm","TwnhsE","1Story",6,5,2004,2004,"Gable","CompShg","VinylSd","VinylSd","BrkFace",147,4,3,"PConc",4,3,3,6,1,848,"GasA",5,"Y",5,848,1,0,1,0,1,1,4,8,1,3,"Attchd",2,2,420,3,3,3,149,0,0,0,0,0,0,0,"NA",0,5,2008,"WD","Normal",149300,1,1,1,0,0,0,1
"080","RL",8750,"Pave","NA",3,"Lvl",4,"Inside",3,"Mitchel","Norm","Norm","1Fam","SLvl",7,6,1975,1975,"Gable","CompShg","Plywood","Plywood","Stone",50,3,3,"CBlock",3,3,3,3,6,852,"GasA",3,"Y",5,918,0,1,1,0,3,0,3,8,0,0,"Attchd",1,1,360,3,3,3,192,84,0,0,0,0,0,0,"NA",0,3,2007,"WD","Normal",148000,1,1,0,0,0,0,1
"120","RL",2280,"Pave","NA",4,"Lvl",4,"FR2",3,"NPkVill","Norm","Norm","Twnhs","1Story",7,7,1976,1976,"Gable","CompShg","Plywood","Brk Cmn","None",0,3,3,"CBlock",3,3,1,5,4,1055,"GasA",3,"Y",5,1055,1,0,2,0,2,1,3,8,0,0,"Attchd",1,1,319,3,3,3,0,29,0,0,0,0,0,0,"NA",0,4,2006,"WD","Normal",137500,1,1,0,0,0,0,0
"160","FV",3180,"Pave","Pave",4,"Lvl",4,"Inside",3,"Somerst","Norm","Norm","TwnhsE","2Story",6,5,2005,2005,"Gable","CompShg","MetalSd","MetalSd","None",0,4,3,"PConc",4,3,1,6,1,600,"GasA",5,"Y",5,1200,1,0,2,1,2,1,4,8,0,0,"Detchd",2,2,480,3,3,3,0,166,0,0,0,0,0,0,"NA",0,5,2008,"WD","Normal",165000,1,1,0,0,0,1,0
"060","RL",12328,"Pave","NA",3,"Lvl",4,"Inside",3,"StoneBr","Norm","Norm","1Fam","2Story",8,5,2005,2005,"Hip","CompShg","VinylSd","VinylSd","Stone",146,4,3,"PConc",5,3,2,6,1,1149,"GasA",5,"Y",5,2541,1,0,3,1,4,1,5,8,1,4,"BuiltIn",3,3,729,3,3,3,120,32,0,0,0,0,0,0,"NA",0,7,2007,"WD","Normal",349265,1,1,1,0,0,0,1
"060","RL",8304,"Pave","NA",3,"Lvl",4,"Inside",3,"SawyerW","Norm","Norm","1Fam","2Story",6,5,1997,1998,"Gable","CompShg","VinylSd","VinylSd","None",0,3,3,"PConc",4,3,1,1,1,941,"GasA",5,"Y",5,1837,0,0,2,1,3,1,3,8,0,0,"Attchd",2,2,688,3,3,3,150,165,0,0,0,0,0,4,"NA",0,7,2006,"WD","Normal",187000,1,1,0,0,1,0,0
"020","RL",10950,"Pave","NA",4,"Lvl",4,"Inside",3,"NAmes","Norm","Norm","1Fam","1Story",6,6,1952,1952,"Hip","CompShg","Wd Sdng","Wd Sdng","None",0,3,3,"CBlock",3,3,1,5,1,948,"GasA",3,"Y",5,948,0,0,1,0,2,1,3,8,0,0,"Detchd",1,2,410,3,3,1,0,48,0,0,0,0,0,0,"NA",0,4,2007,"WD","Normal",125000,1,1,0,0,0,0,0
"020","RL",11844,"Pave","NA",3,"Lvl",4,"Inside",3,"StoneBr","Norm","Norm","1Fam","1Story",8,5,2008,2008,"Hip","CompShg","VinylSd","VinylSd","Stone",464,4,3,"PConc",5,3,2,1,1,2046,"GasA",5,"Y",5,2046,0,0,2,1,3,1,4,8,1,4,"Attchd",3,3,834,3,3,3,322,82,0,0,0,0,0,0,"NA",0,7,2009,"New","Partial",372500,1,1,1,0,0,0,1
"160","RM",1782,"Pave","NA",4,"Lvl",4,"Inside",3,"Blueste","Norm","Norm","Twnhs","2Story",6,6,1980,1980,"Gable","CompShg","MetalSd","MetalSd","None",0,3,4,"CBlock",4,3,1,6,1,516,"GasA",4,"Y",5,1045,0,0,1,0,2,1,3,8,1,3,"Detchd",1,2,462,3,3,3,180,0,0,0,0,0,0,3,"NA",0,12,2007,"WD","Normal",123900,1,1,1,0,1,0,0
"090","RL",10778,"Pave","NA",4,"Lvl",4,"Inside",3,"Sawyer","Norm","Norm","Duplex","1Story",4,5,1968,1968,"Hip","CompShg","HdBoard","HdBoard","None",0,3,3,"CBlock",3,3,1,1,1,1768,"GasA",3,"N",5,1768,0,0,2,0,4,2,3,8,0,0,"NA",0,0,0,0,0,3,0,0,0,0,0,0,0,0,"NA",0,4,2010,"WD","Normal",136500,1,0,0,0,0,0,0
"050","RM",6240,"Pave","NA",4,"Lvl",4,"Inside",3,"BrkSide","Norm","Norm","1Fam","1.5Fin",5,6,1928,1950,"Gable","CompShg","MetalSd","MetalSd","None",0,3,3,"BrkTil",3,3,1,1,1,1042,"GasA",5,"Y",5,1576,0,0,1,0,3,1,3,8,1,4,"Detchd",1,1,225,3,3,3,0,0,0,0,0,0,0,0,"NA",0,8,2006,"WD","Family",149000,1,1,1,0,0,0,0
"050","RL",8064,"Pave","NA",4,"Lvl",4,"Inside",3,"NAmes","Artery","Norm","1Fam","1.5Fin",6,6,1948,1950,"Gable","CompShg","Wd Sdng","Wd Sdng","None",0,3,3,"CBlock",3,3,1,5,1,768,"GasA",5,"Y",5,1320,0,0,2,0,3,1,3,8,0,0,"Detchd",1,2,576,3,3,3,108,0,0,0,0,0,0,2,"NA",0,9,2008,"WD","Normal",138000,1,1,0,0,1,0,0
"120","RL",8012,"Pave","NA",4,"Lvl",4,"Inside",3,"SawyerW","Norm","Norm","TwnhsE","1Story",6,5,1993,1994,"Gable","CompShg","Plywood","Plywood","None",0,4,3,"PConc",4,3,1,2,6,1604,"GasA",5,"Y",5,1617,1,0,2,0,2,1,4,8,1,2,"Attchd",2,2,533,3,3,3,0,69,0,0,0,0,0,0,"NA",0,7,2008,"WD","Normal",193000,1,1,1,0,0,0,0
"085","RL",7689,"Pave","NA",3,"Lvl",4,"Inside",3,"Mitchel","Norm","Norm","1Fam","SFoyer",5,8,1972,1972,"Gable","CompShg","MetalSd","MetalSd","None",0,3,3,"CBlock",4,3,3,6,4,796,"GasA",4,"Y",5,796,0,1,1,0,2,1,3,8,0,0,"Detchd",1,1,336,3,3,3,138,0,0,0,0,0,0,3,"NA",0,7,2009,"WD","Normal",131900,1,1,0,0,1,0,0
"020","RL",13618,"Pave","NA",4,"Lvl",4,"Corner",3,"Timber","Norm","Norm","1Fam","1Story",8,5,2005,2006,"Gable","CompShg","VinylSd","VinylSd","Stone",198,4,3,"PConc",5,4,3,6,1,1728,"GasA",5,"Y",5,1960,1,0,2,0,3,1,4,8,2,4,"Attchd",3,3,714,3,3,3,172,38,0,0,0,0,0,0,"NA",0,11,2006,"New","Partial",320000,1,1,1,0,0,0,1
"180","RM",3675,"Pave","NA",4,"Lvl",4,"Inside",3,"Edwards","Norm","Norm","TwnhsE","SFoyer",6,5,2005,2006,"Gable","CompShg","VinylSd","VinylSd","BrkFace",82,3,3,"PConc",4,3,4,6,1,547,"GasA",4,"Y",5,1072,1,0,1,0,2,1,3,8,0,0,"Basment",3,2,525,3,3,3,0,44,0,0,0,0,0,0,"NA",0,10,2006,"New","Partial",142500,1,1,0,0,0,0,1
"020","RL",14450,"Pave","NA",4,"Lvl",4,"Inside",3,"NWAmes","Norm","Norm","1Fam","1Story",7,5,1979,1979,"Hip","CompShg","Plywood","Plywood","BrkFace",194,4,3,"CBlock",4,2,1,5,2,1782,"GasA",3,"Y",5,1782,0,1,2,0,3,1,4,8,1,3,"Attchd",3,2,551,3,3,3,467,0,0,0,0,0,0,0,"NA",0,3,2008,"WD","Normal",220000,1,1,1,0,0,0,1
"050","RL",10930,"Pave","Grvl",4,"Bnk",4,"Inside",3,"NAmes","Artery","Norm","1Fam","1.5Fin",5,6,1945,1950,"Gable","CompShg","MetalSd","MetalSd","None",0,3,3,"CBlock",3,3,1,4,1,913,"GasA",3,"Y",3,1558,1,0,1,1,3,1,3,8,1,3,"Attchd",1,1,288,3,3,3,0,0,0,0,0,0,0,0,"NA",0,4,2008,"WD","Normal",140000,1,1,1,0,0,1,0
"020","RL",14175,"Pave","NA",4,"Bnk",4,"Corner",2,"Sawyer","Norm","Norm","1Fam","1Story",5,6,1956,1987,"Gable","CompShg","CemntBd","Wd Sdng","None",0,3,3,"CBlock",3,3,1,3,1,1188,"GasA",4,"Y",5,1437,1,0,1,1,3,1,3,6,1,3,"Detchd",1,2,576,3,3,3,304,0,0,0,0,0,0,0,"NA",0,11,2006,"WD","Normal",168000,1,1,1,0,0,0,0
"020","RL",13472,"Pave","NA",4,"Lvl",4,"Inside",3,"NridgHt","Norm","Norm","1Fam","1Story",10,5,2003,2003,"Hip","CompShg","VinylSd","VinylSd","BrkFace",922,5,3,"PConc",5,3,4,6,1,2392,"GasA",5,"Y",5,2392,0,0,2,0,3,1,5,8,1,5,"Attchd",3,3,968,3,3,3,248,105,0,0,0,0,0,0,"NA",0,6,2009,"WD","Normal",386250,1,1,1,0,0,0,1
"020","RL",13050,"Pave","NA",4,"Low",4,"Inside",2,"ClearCr","Norm","Norm","1Fam","1Story",5,6,1963,1963,"Flat","Tar&Grv","WdShing","Wd Shng","None",0,3,3,"CBlock",4,3,3,3,5,1000,"GasA",5,"Y",5,1000,1,0,1,0,1,1,3,8,2,3,"Attchd",1,2,575,3,3,3,238,0,148,0,0,0,0,0,"NA",0,4,2006,"WD","Normal",164000,1,1,1,0,0,0,0
"030","RL",4130,"Pave","NA",3,"Lvl",4,"Inside",3,"BrkSide","Norm","Norm","1Fam","1Story",3,6,1935,2003,"Gable","CompShg","VinylSd","VinylSd","None",0,4,3,"CBlock",3,3,1,1,1,270,"GasA",4,"Y",5,729,0,0,1,0,2,1,3,3,0,0,"NA",0,0,0,0,0,1,0,0,0,0,0,0,0,0,"NA",0,7,2008,"WD","Normal",52000,1,0,0,0,0,0,0
"020","RL",9000,"Pave","NA",4,"Lvl",4,"FR2",3,"NAmes","Norm","Norm","1Fam","1Story",4,6,1971,1971,"Gable","CompShg","HdBoard","HdBoard","None",0,3,3,"PConc",3,3,1,5,1,864,"GasA",3,"Y",5,864,0,0,1,0,3,1,3,8,0,0,"Detchd",1,2,528,3,3,3,0,0,0,0,0,0,0,2,"NA",0,5,2007,"WD","Normal",120500,1,1,0,0,1,0,0
"030","RL",8400,"Pave","NA",4,"Bnk",4,"Inside",3,"SWISU","Norm","Norm","1Fam","1Story",2,5,1920,1950,"Gable","CompShg","Wd Sdng","Wd Sdng","None",0,3,3,"CBlock",3,2,1,3,1,290,"GasA",3,"N",2,438,0,0,1,0,1,1,2,8,0,0,"Detchd",1,1,246,3,3,1,0,0,0,0,0,0,0,0,"NA",0,1,2009,"WD","Normal",60000,1,1,0,0,0,0,0
"050","RL",13837,"Pave","NA",3,"Lvl",4,"Corner",3,"NWAmes","Norm","Norm","1Fam","1.5Fin",7,5,1988,1988,"Gable","CompShg","HdBoard","HdBoard","BrkFace",178,4,4,"PConc",4,4,1,6,2,1204,"GasA",4,"Y",5,2183,0,0,2,1,4,1,4,8,0,0,"Attchd",1,3,786,3,3,3,0,0,0,0,0,0,0,0,"NA",0,2,2006,"WD","Normal",229000,1,1,0,0,0,0,1
"030","RM",6291,"Grvl","NA",3,"Lvl",4,"Inside",3,"IDOTRR","RRNe","Norm","1Fam","1Story",6,6,1930,1950,"Gable","CompShg","Stucco","Wd Shng","None",0,4,4,"BrkTil",3,3,1,1,1,768,"GasA",3,"Y",5,768,0,0,1,0,1,1,3,8,0,0,"Detchd",1,2,440,3,3,1,0,0,84,0,0,0,0,0,"NA",0,7,2008,"WD","Normal",93850,1,1,0,0,0,0,0
"060","RL",8918,"Pave","NA",3,"Lvl",4,"Inside",3,"Gilbert","Norm","Norm","1Fam","2Story",6,5,2005,2006,"Gable","CompShg","VinylSd","VinylSd","None",0,4,3,"PConc",4,3,3,1,1,745,"GasA",5,"Y",5,1490,0,0,2,1,3,1,4,8,1,4,"Attchd",3,2,392,3,3,3,36,20,0,0,0,0,0,0,"NA",0,7,2009,"WD","Normal",167800,1,1,1,0,0,0,0
"075","RM",7200,"Pave","NA",4,"Lvl",4,"Inside",3,"IDOTRR","Norm","Norm","1Fam","2.5Unf",5,7,1920,1996,"Gable","CompShg","MetalSd","MetalSd","None",0,3,3,"BrkTil",3,2,1,1,1,530,"GasA",3,"N",5,1111,0,0,1,0,3,1,2,8,0,0,"Detchd",1,1,288,3,3,1,0,0,144,0,0,0,0,0,"NA",0,3,2007,"WD","Normal",101000,1,1,0,0,0,0,0
"020","RL",9770,"Pave","NA",4,"Lvl",4,"Inside",3,"NAmes","Norm","Norm","1Fam","1Story",5,5,1957,1957,"Gable","CompShg","Wd Sdng","Wd Sdng","None",0,3,3,"CBlock",3,3,1,3,1,922,"GasA",3,"Y",3,922,1,0,1,0,2,1,3,8,0,0,"Attchd",1,1,308,3,3,3,0,34,0,0,0,0,0,2,"NA",0,4,2007,"WD","Normal",116000,1,1,0,0,1,0,0
"020","RL",9037,"Pave","NA",3,"HLS",4,"Inside",3,"Timber","Norm","Norm","1Fam","1Story",8,5,2006,2006,"Hip","CompShg","VinylSd","VinylSd","BrkFace",32,4,3,"PConc",4,3,3,6,1,1476,"GasA",5,"Y",5,1484,0,0,2,0,2,1,5,8,1,4,"Attchd",2,2,472,3,3,3,120,33,0,0,0,0,0,0,"NA",0,12,2007,"WD","Normal",265900,1,1,1,0,0,0,1
"160","RM",2217,"Pave","NA",4,"Lvl",4,"Inside",3,"MeadowV","Norm","Norm","TwnhsE","2Story",4,4,1970,1970,"Gable","CompShg","CemntBd","CmentBd","None",0,3,3,"CBlock",3,3,1,4,2,546,"GasA",3,"Y",5,1092,0,0,1,1,3,1,3,8,0,0,"Attchd",2,1,286,3,3,3,238,0,0,0,0,0,0,0,"NA",0,8,2009,"WD","Normal",88000,1,1,0,0,0,0,0
"020","RL",3710,"Pave","NA",4,"Lvl",4,"Inside",3,"Blmngtn","Norm","Norm","1Fam","1Story",7,5,2007,2008,"Gable","CompShg","WdShing","Wd Shng","BrkFace",20,4,3,"PConc",4,3,4,1,1,1146,"GasA",5,"Y",5,1246,0,0,2,0,2,1,4,8,1,4,"Attchd",3,2,428,3,3,3,100,24,0,0,0,0,0,0,"NA",0,3,2008,"New","Partial",187687,1,1,1,0,0,0,1
"160","FV",2645,"Pave","Pave",4,"Lvl",4,"Inside",3,"Somerst","Norm","Norm","Twnhs","2Story",8,5,1999,1999,"Gable","CompShg","MetalSd","MetalSd","BrkFace",466,4,3,"PConc",4,3,1,6,1,960,"GasA",5,"Y",5,1586,1,0,2,1,3,1,4,8,0,0,"Detchd",1,2,480,3,3,3,169,0,0,0,0,0,0,0,"NA",0,12,2008,"WD","Normal",170000,1,1,0,0,0,1,1
"030","RL",8731,"Pave","NA",3,"Lvl",4,"Inside",3,"BrkSide","Norm","Norm","1Fam","1Story",5,5,1920,1950,"Gable","CompShg","Stucco","Stucco","None",0,3,2,"BrkTil",3,3,1,4,1,915,"GasA",3,"Y",5,1167,0,0,1,0,3,1,3,4,1,4,"Detchd",1,2,495,3,3,3,0,0,216,0,126,0,0,0,"NA",0,5,2007,"WD","Normal",144000,1,1,1,0,0,0,0
"020","RL",8700,"Pave","NA",4,"Lvl",4,"Inside",3,"NAmes","Norm","Norm","1Fam","1Story",5,6,1963,1963,"Hip","CompShg","MetalSd","MetalSd","BrkFace",148,3,4,"CBlock",3,3,2,5,1,1120,"GasA",4,"Y",5,1128,1,0,2,0,3,1,3,8,0,0,"Attchd",2,2,525,3,3,3,192,20,123,0,0,0,0,3,"NA",0,12,2008,"WD","Normal",155000,1,1,0,0,1,0,1
"020","RL",9759,"Pave","NA",3,"Lvl",4,"Inside",3,"NAmes","Norm","Norm","1Fam","1Story",5,5,1966,1966,"Gable","CompShg","Plywood","Plywood","None",0,3,3,"CBlock",3,3,1,4,1,1051,"GasA",3,"Y",5,1051,1,0,1,0,3,1,3,8,0,0,"Attchd",2,1,264,3,3,3,182,88,0,0,0,0,0,0,"NA",0,3,2006,"WD","Normal",124400,1,1,0,0,0,0,0
"160","RM",1900,"Pave","NA",4,"Lvl",4,"Inside",3,"MeadowV","Norm","Norm","TwnhsE","2Story",4,4,1970,1970,"Gable","CompShg","CemntBd","CmentBd","None",0,3,3,"CBlock",3,3,1,1,1,546,"GasA",5,"Y",5,1092,0,0,1,1,3,1,3,8,0,0,"NA",0,0,0,0,0,3,0,0,0,0,0,0,0,0,"NA",0,6,2010,"WD","Normal",88250,1,0,0,0,0,0,0
"020","RL",13377,"Pave","NA",4,"Lvl",4,"Corner",3,"CollgCr","Norm","Norm","1Fam","1Story",6,5,2006,2006,"Hip","CompShg","VinylSd","VinylSd","None",0,4,3,"PConc",4,3,1,6,1,1836,"GasA",4,"Y",5,1846,1,0,2,0,3,1,4,8,1,4,"Attchd",2,2,495,3,3,3,0,32,0,0,0,0,0,0,"NA",0,7,2006,"New","Partial",233555,1,1,1,0,0,0,0
"020","RL",9320,"Pave","NA",3,"Lvl",4,"Inside",3,"NAmes","Norm","Norm","1Fam","1Story",4,5,1959,1959,"Gable","CompShg","Plywood","Plywood","None",0,3,3,"CBlock",3,3,1,5,1,950,"GasA",2,"Y",5,1225,1,0,1,1,3,1,3,8,0,0,"NA",0,0,0,0,0,3,352,0,0,0,0,0,0,0,"Shed",400,1,2010,"WD","Normal",128950,1,0,0,0,0,0,0
"050","RL",9600,"Pave","NA",4,"Lvl",4,"Corner",3,"Edwards","Artery","Norm","1Fam","1.5Fin",6,5,1924,1950,"Gable","CompShg","Wd Sdng","Wd Sdng","None",0,3,3,"BrkTil",3,3,1,1,1,572,"Grav",2,"N",2,1096,0,0,1,0,2,1,3,8,0,0,"NA",0,0,0,0,0,1,0,8,128,0,0,0,0,0,"NA",0,4,2008,"WD","Normal",79000,1,0,0,0,0,0,0
"160","FV",2117,"Pave","NA",4,"Lvl",4,"Inside",3,"Somerst","Norm","Norm","Twnhs","2Story",6,5,2000,2000,"Gable","CompShg","MetalSd","MetalSd","BrkFace",456,4,3,"PConc",4,3,1,6,1,756,"GasA",5,"Y",5,1525,0,0,2,1,3,1,4,8,1,3,"Detchd",1,2,440,3,3,3,0,0,0,0,0,0,0,0,"NA",0,6,2007,"WD","Normal",177000,1,1,1,0,0,0,1
"060","RL",8826,"Pave","NA",4,"Lvl",4,"Inside",3,"CollgCr","Norm","Norm","1Fam","2Story",7,5,2000,2000,"Gable","CompShg","VinylSd","VinylSd","BrkFace",144,4,3,"PConc",4,3,1,6,1,985,"GasA",5,"Y",5,1842,1,0,2,1,3,1,4,8,1,3,"Attchd",3,2,486,3,3,3,193,96,0,0,0,0,0,0,"NA",0,7,2007,"WD","Normal",217500,1,1,1,0,0,0,1
"030","RM",7200,"Pave","NA",4,"Lvl",4,"Inside",3,"OldTown","Norm","Norm","1Fam","1Story",5,4,1910,2006,"Hip","CompShg","MetalSd","Stucco","None",0,3,3,"BrkTil",3,3,1,5,3,1022,"GasW",3,"N",5,1022,1,0,1,0,2,1,3,3,0,0,"Detchd",1,1,280,3,3,3,0,30,226,0,0,0,0,0,"NA",0,6,2009,"WD","Normal",85000,1,1,0,0,0,0,0
"020","RL",9888,"Pave","NA",4,"Lvl",4,"Inside",3,"NAmes","Norm","Norm","1Fam","1Story",5,6,1954,1975,"Gable","CompShg","MetalSd","MetalSd","None",0,3,4,"CBlock",3,3,1,4,1,936,"GasA",3,"Y",3,936,0,0,1,0,2,1,3,8,0,0,"Attchd",1,1,240,3,3,3,0,0,160,0,0,0,0,3,"NA",0,3,2006,"WD","Normal",121000,1,1,0,0,1,0,0
"070","RM",4800,"Pave","Grvl",4,"Lvl",4,"Inside",3,"OldTown","Norm","Norm","1Fam","2Story",5,5,1910,2003,"Gable","CompShg","AsbShng","AsbShng","None",0,3,3,"BrkTil",3,2,1,1,1,680,"GasA",2,"N",5,1360,0,0,1,0,2,1,3,8,0,0,"Attchd",1,1,330,2,3,3,192,50,0,0,0,0,0,0,"NA",0,1,2008,"WD","Normal",111000,1,1,0,0,0,1,0
"080","RL",8163,"Pave","NA",4,"Lvl",4,"Inside",3,"NAmes","Norm","Norm","1Fam","SLvl",5,6,1959,1959,"Gable","CompShg","HdBoard","HdBoard","BrkFace",128,3,4,"CBlock",3,3,3,5,4,1144,"GasA",3,"Y",5,1144,1,0,1,0,3,1,3,8,1,3,"Attchd",2,1,796,3,3,3,86,0,0,0,0,0,0,0,"NA",0,3,2006,"WD","Normal",143000,1,1,1,0,0,0,1
"020","RL",8475,"Pave","NA",3,"Lvl",4,"Inside",3,"NAmes","Norm","Norm","1Fam","1Story",4,7,1956,1956,"Gable","CompShg","VinylSd","VinylSd","None",0,3,3,"CBlock",3,3,1,5,1,952,"GasA",5,"Y",3,952,0,0,1,0,2,1,3,8,0,0,"Detchd",1,1,283,3,3,3,0,0,0,0,0,0,0,0,"NA",0,4,2008,"WD","Normal",135750,1,1,0,0,0,0,0
"080","RL",8872,"Pave","NA",3,"HLS",4,"Inside",3,"Gilbert","Norm","Norm","1Fam","SLvl",6,5,1997,1997,"Gable","CompShg","VinylSd","VinylSd","None",0,3,3,"PConc",4,3,1,1,1,384,"GasA",4,"Y",5,1384,0,0,2,1,3,1,3,8,1,3,"BuiltIn",3,2,390,3,3,3,0,0,0,0,0,0,0,0,"NA",0,3,2007,"WD","Normal",161500,1,1,1,0,0,0,0
"060","RL",10852,"Pave","NA",3,"Lvl",4,"Inside",3,"Gilbert","RRAn","Norm","1Fam","2Story",6,5,2000,2000,"Gable","CompShg","VinylSd","VinylSd","None",0,3,3,"PConc",4,3,1,6,1,959,"GasA",5,"Y",5,1671,1,0,2,1,3,1,3,8,1,3,"Attchd",3,2,472,3,3,3,0,38,0,0,0,0,0,0,"NA",0,2,2006,"WD","Normal",173000,1,1,1,0,0,0,0
"030","RL",9022,"Pave","NA",4,"Lvl",4,"Inside",3,"OldTown","Norm","Norm","1Fam","1Story",5,8,1924,2006,"Gable","CompShg","VinylSd","VinylSd","None",0,4,3,"BrkTil",3,3,1,1,1,768,"GasA",5,"Y",5,792,0,0,1,0,2,1,4,8,0,0,"Detchd",1,1,240,2,2,1,316,0,120,0,0,0,0,0,"NA",0,5,2009,"WD","Normal",109500,1,1,0,0,0,0,0
"050","RM",5790,"Pave","NA",4,"Lvl",4,"Corner",3,"OldTown","Norm","Norm","1Fam","2Story",3,6,1915,1950,"Gambrel","CompShg","VinylSd","VinylSd","None",0,4,4,"CBlock",2,3,1,1,1,840,"GasA",4,"N",5,1605,0,0,2,0,3,2,3,8,0,0,"Detchd",1,1,379,3,3,3,0,0,202,0,0,0,0,0,"NA",0,5,2010,"WD","Normal",107400,1,1,0,0,0,0,0
"020","RL",9100,"Pave","NA",4,"Lvl",4,"Inside",3,"NAmes","Norm","Norm","1Fam","1Story",6,6,1959,1959,"Hip","CompShg","Wd Sdng","Wd Sdng","None",0,3,3,"CBlock",3,3,1,3,1,864,"GasA",5,"Y",5,864,0,0,1,0,2,1,3,8,0,0,"Detchd",1,1,300,5,5,3,0,0,0,0,0,0,0,0,"Shed",450,10,2009,"WD","Normal",127500,1,1,0,0,0,0,0
"020","RL",15428,"Pave","NA",4,"Lvl",4,"Inside",3,"NAmes","Norm","Norm","1Fam","1Story",5,6,1951,1991,"Hip","CompShg","MetalSd","MetalSd","None",0,3,3,"CBlock",3,3,1,3,1,884,"GasA",5,"Y",5,884,1,0,1,0,2,1,3,8,0,0,"Attchd",3,1,270,3,3,3,0,0,0,0,195,0,0,0,"NA",0,6,2006,"WD","Normal",142000,1,1,0,0,0,0,0
"060","RL",17433,"Pave","NA",2,"Lvl",4,"CulDSac",3,"NoRidge","Norm","Norm","1Fam","2Story",8,5,1998,1998,"Hip","CompShg","VinylSd","VinylSd","BrkFace",114,4,3,"PConc",5,3,1,1,1,1629,"GasA",5,"Y",5,2475,0,0,2,1,4,1,4,8,1,3,"Attchd",3,3,962,3,3,3,23,172,0,0,256,0,0,0,"NA",0,1,2010,"WD","Normal",355000,1,1,1,0,0,0,1
"020","RL",12464,"Pave","NA",2,"Low",4,"Corner",2,"CollgCr","Norm","Norm","1Fam","1Story",5,5,1996,1996,"Gable","CompShg","VinylSd","VinylSd","None",0,3,4,"PConc",4,3,1,6,1,1040,"GasA",4,"Y",5,1040,1,0,1,0,3,1,4,8,0,0,"Detchd",1,2,576,3,3,3,168,0,0,0,0,0,0,4,"NA",0,11,2009,"WD","Normal",152000,1,1,0,0,1,0,0
"060","FV",8127,"Pave","NA",3,"Lvl",4,"Inside",3,"Somerst","Norm","Norm","1Fam","2Story",7,5,2003,2003,"Gable","CompShg","VinylSd","VinylSd","None",0,4,3,"PConc",4,3,1,6,1,812,"GasA",5,"Y",5,1653,1,0,2,1,3,1,4,8,0,0,"Attchd",2,2,628,3,3,3,0,45,0,0,0,0,0,0,"NA",0,3,2009,"WD","Normal",209000,1,1,0,0,0,0,0
"030","RM",7030,"Pave","NA",4,"Lvl",4,"Inside",3,"IDOTRR","Norm","Norm","1Fam","1Story",4,6,1925,1950,"Gable","CompShg","MetalSd","MetalSd","None",0,3,3,"BrkTil",3,3,1,1,1,641,"GasA",4,"Y",5,641,0,0,1,0,2,1,2,8,0,0,"Detchd",1,1,272,3,3,1,184,0,70,0,0,0,0,3,"NA",0,3,2006,"WD","Normal",85000,1,1,0,0,1,0,0
"020","RL",11358,"Pave","NA",3,"Lvl",4,"Corner",3,"NWAmes","Norm","Norm","1Fam","1Story",7,7,1972,1987,"Hip","CompShg","Wd Sdng","Wd Sdng","None",0,3,3,"CBlock",3,3,1,4,1,1124,"GasA",3,"Y",5,1610,0,0,2,0,3,1,4,8,1,3,"Attchd",2,2,515,3,3,3,202,0,0,0,256,0,0,0,"NA",0,5,2007,"WD","Normal",185000,1,1,1,0,0,0,0
"160","RL",2364,"Pave","NA",4,"Lvl",4,"Inside",3,"NPkVill","Norm","Norm","TwnhsE","2Story",6,5,1978,1978,"Gable","CompShg","Plywood","Brk Cmn","None",0,3,3,"CBlock",4,3,1,5,1,804,"GasA",3,"Y",5,1548,0,1,2,1,3,1,3,8,1,3,"Detchd",1,2,440,3,3,3,108,0,0,0,0,0,0,0,"NA",0,7,2009,"WD","Normal",147000,1,1,1,0,0,0,0
"060","RL",8970,"Pave","NA",3,"Lvl",4,"Corner",3,"NAmes","Norm","Norm","1Fam","2Story",5,6,1965,1965,"Gable","CompShg","MetalSd","MetalSd","None",0,3,4,"CBlock",3,3,1,5,1,744,"GasA",3,"Y",5,2140,0,0,2,1,4,1,3,8,1,3,"Attchd",3,2,549,3,3,3,0,40,264,0,0,0,0,3,"NA",0,6,2009,"WD","Normal",177500,1,1,1,0,1,0,0
"060","RL",9965,"Pave","NA",4,"Lvl",4,"Inside",3,"CollgCr","Norm","Norm","1Fam","2Story",7,5,2007,2007,"Gable","CompShg","VinylSd","VinylSd","Stone",220,4,3,"PConc",5,3,3,6,1,1264,"GasA",5,"Y",5,2696,1,0,2,1,4,1,5,8,1,4,"BuiltIn",3,3,792,3,3,3,120,184,0,0,168,0,0,0,"NA",0,10,2007,"New","Partial",383970,1,1,1,0,0,0,1
"060","RL",12099,"Pave","NA",3,"Lvl",4,"Inside",3,"NridgHt","Norm","Norm","1Fam","2Story",8,5,2004,2004,"Gable","CompShg","VinylSd","VinylSd","BrkFace",388,4,3,"PConc",5,3,3,6,1,1136,"GasA",5,"Y",5,2468,1,0,2,1,4,1,4,8,1,4,"BuiltIn",3,3,872,3,3,3,184,154,0,0,0,0,0,0,"NA",0,6,2007,"WD","Normal",354000,1,1,1,0,0,0,1
"050","RL",7804,"Pave","NA",4,"Lvl",4,"Inside",3,"SWISU","Norm","Norm","1Fam","1.5Fin",4,3,1928,1950,"Gable","CompShg","WdShing","Plywood","None",0,3,3,"BrkTil",3,3,1,4,1,1122,"GasA",3,"Y",5,1981,1,0,2,0,4,1,4,6,2,3,"Detchd",1,2,576,3,3,3,431,44,0,0,0,0,0,3,"NA",0,12,2009,"WD","Normal",135000,1,1,1,0,1,0,0
"060","RL",10429,"Pave","NA",4,"Lvl",4,"Inside",3,"Mitchel","Norm","Norm","1Fam","2Story",5,5,1992,1992,"Gable","CompShg","HdBoard","Wd Shng","None",0,3,3,"PConc",4,3,1,5,1,624,"GasA",3,"Y",5,1287,0,0,1,1,3,1,3,8,0,0,"Detchd",1,2,440,3,3,3,150,0,0,0,0,0,0,0,"NA",0,7,2009,"WD","Normal",130000,1,1,0,0,0,0,0
"190","RL",32463,"Pave","NA",4,"Low",4,"Inside",2,"Mitchel","Norm","Norm","2fmCon","1Story",4,4,1961,1975,"Gable","CompShg","MetalSd","MetalSd","Stone",149,3,4,"CBlock",3,3,3,4,1,1249,"GasA",5,"Y",5,1622,1,0,1,0,3,1,3,8,1,3,"2Types",3,4,1356,3,3,3,439,0,0,0,0,0,0,0,"NA",0,3,2007,"WD","Normal",168000,1,1,1,0,0,0,1
"020","RL",13072,"Pave","NA",4,"Lvl",4,"Inside",3,"SawyerW","RRAe","Norm","1Fam","1Story",7,5,2004,2005,"Gable","CompShg","VinylSd","VinylSd","None",0,4,3,"PConc",4,3,1,1,1,1114,"GasA",5,"Y",5,1114,0,0,1,1,3,1,4,8,0,0,"Detchd",1,2,576,3,3,3,248,102,0,0,0,0,0,0,"NA",0,5,2009,"WD","Normal",159000,1,1,0,0,0,0,0
"020","RL",13811,"Pave","NA",3,"Lvl",4,"Inside",3,"Timber","Norm","Norm","1Fam","1Story",6,6,1987,1987,"Gable","CompShg","HdBoard","HdBoard","BrkFace",72,3,3,"CBlock",4,4,1,6,2,1112,"GasA",4,"Y",5,1137,1,0,2,0,2,1,4,8,1,3,"Attchd",1,2,551,3,3,3,125,0,0,0,0,0,0,0,"NA",0,7,2006,"WD","Normal",176000,1,1,1,0,0,0,1
"020","RL",7207,"Pave","NA",3,"Lvl",4,"Inside",3,"BrkSide","Norm","Norm","1Fam","1Story",5,7,1958,2008,"Gable","CompShg","Wd Sdng","Plywood","None",0,3,4,"CBlock",3,3,4,4,1,858,"GasA",4,"Y",5,858,1,0,1,0,2,1,3,8,0,0,"NA",0,0,0,0,0,3,117,0,0,0,0,0,0,0,"NA",0,2,2010,"WD","Normal",116500,1,0,0,0,0,0,0
"030","RM",6120,"Pave","NA",4,"Lvl",4,"Corner",3,"BrkSide","Norm","Norm","1Fam","1Story",5,7,1931,1993,"Gable","CompShg","Wd Sdng","Wd Sdng","None",0,3,3,"BrkTil",3,3,1,4,1,715,"GasA",3,"Y",3,875,1,0,1,0,2,1,3,8,0,0,"Detchd",1,1,180,2,3,3,48,0,0,0,0,0,0,0,"NA",0,11,2009,"WD","Normal",105000,1,1,0,0,0,0,0
"160","RM",1504,"Pave","NA",4,"Lvl",4,"Inside",3,"MeadowV","Norm","Norm","Twnhs","2Story",4,4,1972,1972,"Gable","CompShg","CemntBd","CmentBd","None",0,3,3,"CBlock",3,3,1,4,1,546,"GasA",3,"Y",5,1092,0,0,1,1,3,1,3,8,0,0,"Attchd",1,1,253,3,3,3,0,0,0,0,0,0,0,0,"NA",0,5,2007,"WD","Normal",85500,1,1,0,0,0,0,0
"020","RL",10659,"Pave","NA",3,"Lvl",4,"Inside",3,"NAmes","Norm","Norm","1Fam","1Story",5,6,1961,1961,"Hip","CompShg","Wd Sdng","Wd Sdng","None",0,3,3,"CBlock",3,3,1,3,1,1050,"GasA",3,"Y",5,1050,1,0,1,0,3,1,3,8,0,0,"Attchd",1,1,368,3,3,3,0,319,0,0,0,0,0,0,"NA",0,1,2006,"COD","Normal",136500,1,1,0,0,0,0,0
"020","RL",7500,"Pave","NA",4,"Lvl",4,"Inside",3,"NAmes","Norm","Norm","1Fam","1Story",5,7,1959,2003,"Hip","CompShg","BrkFace","BrkFace","None",0,3,3,"CBlock",3,3,1,6,1,1040,"GasA",5,"Y",5,1040,1,0,1,0,3,1,4,8,0,0,"Attchd",2,1,286,3,3,3,0,0,0,0,0,0,0,0,"Shed",0,7,2007,"WD","Normal",152000,1,1,0,0,0,0,0
"020","RL",13693,"Pave","NA",4,"Lvl",4,"Inside",3,"NridgHt","PosA","PosA","1Fam","1Story",10,5,2007,2007,"Hip","CompShg","VinylSd","VinylSd","Stone",472,5,3,"PConc",5,3,4,6,1,2630,"GasA",5,"Y",5,2674,2,0,2,1,2,1,5,8,2,4,"Attchd",3,3,762,3,3,3,360,50,0,0,0,0,0,0,"NA",0,3,2009,"WD","Normal",610000,1,1,1,0,0,0,1
"120","RL",8035,"Pave","NA",3,"HLS",4,"Inside",3,"StoneBr","Norm","Norm","TwnhsE","1Story",9,5,2006,2006,"Gable","CompShg","MetalSd","MetalSd","BrkFace",165,4,3,"PConc",5,3,4,6,1,1612,"GasA",5,"Y",5,1612,1,0,2,0,2,1,5,8,1,4,"Attchd",3,2,556,3,3,3,0,164,0,0,0,0,0,0,"NA",0,3,2007,"WD","Normal",319900,1,1,1,0,0,0,1
"020","RL",11800,"Pave","NA",3,"Bnk",4,"Inside",3,"CollgCr","Norm","Norm","1Fam","1Story",5,5,1974,1974,"Gable","CompShg","HdBoard","HdBoard","None",0,3,3,"CBlock",4,3,3,4,1,864,"GasA",3,"Y",5,894,0,0,1,0,3,1,3,8,0,0,"Attchd",1,2,440,3,3,3,0,0,0,0,0,0,0,0,"NA",0,8,2007,"WD","Family",131000,1,1,0,0,0,0,0
"020","RL",11670,"Pave","NA",3,"Lvl",4,"Corner",3,"Somerst","RRNn","Norm","1Fam","1Story",9,5,2006,2006,"Hip","CompShg","VinylSd","ImStucc","Stone",302,5,3,"PConc",5,4,1,1,1,1905,"GasA",5,"Y",5,1905,0,0,2,0,3,1,5,8,1,4,"Attchd",3,3,788,3,3,3,0,191,0,0,0,0,0,0,"NA",0,3,2007,"WD","Normal",320000,1,1,1,0,0,0,1
"080","RL",11454,"Pave","NA",2,"Lvl",4,"Corner",3,"SawyerW","Norm","Norm","1Fam","SLvl",8,5,1995,1995,"Gable","CompShg","VinylSd","VinylSd","BrkFace",302,4,3,"PConc",4,3,4,6,1,1401,"GasA",5,"Y",5,1511,1,0,2,0,3,1,4,8,1,2,"Attchd",3,3,811,3,3,3,168,42,0,0,0,0,0,0,"NA",0,2,2008,"WD","Normal",225000,1,1,1,0,0,0,1
"085","RL",11782,"Pave","NA",3,"Lvl",4,"Inside",3,"Sawyer","Norm","Norm","1Fam","SFoyer",5,7,1961,1995,"Gable","CompShg","HdBoard","HdBoard","None",0,3,3,"CBlock",3,3,3,5,1,1109,"GasA",3,"Y",5,1155,1,0,1,0,3,1,4,6,0,0,"Detchd",1,2,576,3,3,3,192,0,0,0,0,0,0,3,"Shed",400,6,2010,"WD","Normal",148000,1,1,0,0,1,0,0
"030","RM",6000,"Pave","NA",4,"HLS",4,"Inside",3,"BrkSide","Norm","Norm","1Fam","1Story",5,7,1924,2003,"Gable","CompShg","Wd Sdng","Wd Sdng","None",0,3,2,"BrkTil",3,2,1,1,1,949,"GasA",5,"Y",5,949,0,0,1,0,2,1,3,8,1,2,"Detchd",1,2,370,3,3,3,0,0,48,0,0,0,0,0,"NA",0,7,2008,"WD","Normal",119000,1,1,1,0,0,0,0
"060","RL",10944,"Pave","NA",3,"Lvl",4,"Inside",3,"NoRidge","Norm","Norm","1Fam","2Story",7,5,1994,1994,"Gable","CompShg","VinylSd","VinylSd","BrkFace",448,4,3,"PConc",4,3,1,6,1,1223,"GasA",5,"Y",5,2127,1,0,2,1,3,1,4,8,2,3,"Attchd",2,2,525,3,3,3,171,132,0,0,0,0,0,0,"NA",0,8,2008,"WD","Normal",271000,1,1,1,0,0,0,1
"020","RL",9533,"Pave","NA",4,"Lvl",4,"Inside",3,"NAmes","Norm","Norm","1Fam","1Story",5,5,1953,1953,"Hip","CompShg","Wd Sdng","Wd Sdng","BrkFace",140,3,3,"Slab",0,0,0,0,0,0,"GasA",3,"Y",3,1210,0,0,1,1,2,1,3,8,0,0,"Attchd",3,1,616,3,3,3,208,0,100,0,0,0,0,3,"NA",0,8,2009,"ConLD","Normal",102900,0,1,0,0,1,0,1
"060","RL",14762,"Pave","NA",2,"Lvl",4,"Corner",3,"Gilbert","Feedr","Norm","1Fam","2Story",5,6,1948,1950,"Gable","CompShg","Plywood","Plywood","None",0,3,3,"Slab",0,0,0,0,0,0,"GasA",4,"Y",5,2320,0,0,2,0,2,1,3,8,1,3,"Attchd",1,2,672,3,3,2,120,144,0,0,0,0,0,0,"NA",0,5,2006,"WD","Normal",169000,0,1,1,0,0,0,0
"060","RL",9316,"Pave","NA",4,"Lvl",4,"Inside",3,"CollgCr","Norm","Norm","1Fam","2Story",7,5,2005,2006,"Gable","CompShg","VinylSd","VinylSd","None",0,4,3,"PConc",4,3,4,1,1,879,"GasA",5,"Y",5,1795,0,0,2,1,3,1,4,8,0,0,"Attchd",2,2,578,3,3,3,164,111,0,0,0,0,0,0,"NA",0,10,2007,"WD","Normal",191000,1,1,0,0,0,0,0
"050","RL",14100,"Pave","NA",3,"Lvl",4,"Inside",2,"Crawfor","Norm","Norm","1Fam","1.5Fin",8,9,1935,1997,"Gable","CompShg","Stucco","Stucco","BrkFace",632,3,4,"CBlock",3,3,2,3,1,728,"GasA",5,"Y",5,3447,0,0,3,1,4,1,4,8,2,4,"BuiltIn",1,3,1014,3,3,3,314,12,0,0,0,0,0,2,"NA",0,5,2008,"WD","Normal",381000,1,1,1,0,1,0,1
"120","RM",3842,"Pave","NA",3,"HLS",4,"Inside",2,"Crawfor","Norm","Norm","TwnhsE","1Story",8,5,2004,2005,"Hip","CompShg","CemntBd","CmentBd","Stone",174,4,3,"PConc",5,3,4,6,1,1594,"GasA",5,"Y",5,1646,1,1,2,0,2,1,4,8,1,4,"Attchd",3,2,482,3,3,3,128,53,0,0,155,0,0,0,"NA",0,1,2008,"WD","Normal",275000,1,1,1,0,0,0,1
"020","RL",9981,"Pave","NA",3,"Lvl",4,"Corner",3,"Sawyer","Norm","Norm","1Fam","1Story",5,5,1967,1967,"Gable","CompShg","MetalSd","MetalSd","BrkFace",340,3,3,"CBlock",3,3,2,4,1,1073,"GasA",4,"Y",5,1073,0,0,1,0,3,1,3,8,0,0,"Attchd",2,1,270,3,3,3,0,90,0,0,0,0,0,3,"NA",0,3,2008,"WD","Normal",120000,1,1,0,0,1,0,1
"020","RL",7590,"Pave","NA",4,"Lvl",4,"Inside",3,"NAmes","PosN","Norm","1Fam","1Story",5,5,1963,1963,"Gable","CompShg","Wd Sdng","Wd Sdng","None",0,3,3,"CBlock",3,3,1,1,1,1117,"GasA",5,"Y",5,1117,0,0,1,0,3,1,3,8,0,0,"Attchd",1,1,264,3,3,3,0,0,0,0,0,0,0,0,"NA",0,5,2008,"COD","Normal",136870,1,1,0,0,0,0,0
"070","RL",8777,"Pave","NA",4,"Bnk",4,"Inside",3,"Edwards","Feedr","Norm","1Fam","2Story",4,6,1910,2000,"Gable","CompShg","Plywood","Plywood","None",0,3,4,"CBlock",4,3,1,3,4,676,"GasA",4,"Y",5,1436,1,0,2,0,3,1,3,7,0,0,"Attchd",1,2,528,3,3,3,147,0,0,0,0,0,0,0,"Shed",420,10,2006,"WD","Normal",98000,1,1,0,0,0,0,0
"060","RL",10110,"Pave","NA",4,"Lvl",4,"Inside",3,"SawyerW","Norm","Norm","1Fam","2Story",6,5,2003,2003,"Gable","CompShg","VinylSd","VinylSd","None",0,4,3,"PConc",4,3,2,6,5,835,"GasA",5,"Y",5,1696,1,0,2,1,3,1,4,8,0,0,"Attchd",2,2,542,3,3,3,143,66,0,0,0,0,0,0,"NA",0,7,2008,"WD","Normal",188000,1,1,0,0,0,0,0
"020","RL",7100,"Pave","NA",3,"Lvl",4,"Corner",3,"NAmes","Norm","Norm","1Fam","1Story",5,7,1957,1957,"Gable","CompShg","WdShing","Wd Shng","None",0,3,3,"CBlock",3,3,1,6,1,816,"GasA",3,"Y",3,816,1,0,1,0,2,1,3,8,0,0,"Detchd",1,1,308,3,3,3,0,0,0,0,0,0,0,0,"NA",0,7,2006,"WD","Normal",129900,1,1,0,0,0,0,0
"060","RL",12205,"Pave","NA",3,"Low",4,"Inside",3,"ClearCr","Norm","Norm","1Fam","2Story",6,8,1966,2007,"Gable","CompShg","HdBoard","HdBoard","BrkFace",157,3,3,"CBlock",3,2,4,2,1,832,"GasA",4,"Y",5,2087,0,0,2,1,5,1,4,8,0,0,"Attchd",3,2,444,3,3,3,133,168,0,0,0,0,0,0,"NA",0,7,2007,"WD","Normal",187500,1,1,0,0,0,0,1
"060","RL",17542,"Pave","NA",3,"Lvl",4,"Inside",3,"Veenker","Norm","Norm","1Fam","2Story",7,7,1974,2003,"Gable","CompShg","Wd Sdng","Wd Sdng","None",0,4,3,"CBlock",3,3,4,2,5,1192,"GasA",3,"Y",5,2167,1,0,2,1,3,1,4,8,2,4,"Attchd",2,2,518,3,3,3,220,47,0,0,0,0,0,3,"NA",0,7,2007,"WD","Normal",294000,1,1,1,0,1,0,0
"120","RM",4224,"Pave","NA",4,"Lvl",4,"Inside",3,"MeadowV","Norm","Norm","TwnhsE","1Story",5,7,1976,1976,"Gable","CompShg","CemntBd","CmentBd","None",0,3,3,"PConc",4,3,1,6,1,1040,"GasA",3,"Y",5,1060,1,0,1,0,3,1,3,8,1,3,"Attchd",1,2,572,3,3,3,100,110,0,0,0,0,0,0,"NA",0,6,2007,"WD","Normal",129900,1,1,1,0,0,0,0
"060","RL",19378,"Pave","NA",3,"HLS",4,"Corner",3,"Gilbert","Norm","Norm","1Fam","2Story",7,5,2005,2006,"Gable","CompShg","VinylSd","VinylSd","BrkFace",456,4,3,"PConc",4,3,2,6,1,1392,"GasA",5,"Y",5,2462,1,0,2,1,4,1,4,8,1,4,"Attchd",2,2,576,3,3,3,239,132,0,168,0,0,0,0,"NA",0,3,2006,"New","Partial",320000,1,1,1,0,0,0,1
"020","RL",12461,"Pave","NA",4,"Lvl",4,"Corner",3,"NoRidge","Norm","Norm","1Fam","1Story",8,5,1994,1995,"Gable","CompShg","ImStucc","ImStucc","None",0,4,3,"PConc",4,3,1,6,1,1624,"GasA",5,"Y",5,1624,1,0,2,0,2,1,4,8,1,2,"Attchd",2,3,757,3,3,3,0,114,192,0,0,0,0,4,"NA",0,7,2006,"WD","Normal",262000,1,1,1,0,1,0,0
"060","RL",9245,"Pave","NA",3,"Lvl",4,"Inside",3,"CollgCr","Norm","Norm","1Fam","2Story",7,5,2006,2006,"Gable","CompShg","VinylSd","VinylSd","None",0,4,3,"PConc",4,3,3,1,1,939,"GasA",5,"Y",5,1797,0,0,2,1,3,1,4,8,0,0,"Attchd",2,2,639,3,3,3,144,53,0,0,0,0,0,0,"NA",0,4,2007,"WD","Normal",213500,1,1,0,0,0,0,0
"050","RM",6000,"Pave","NA",4,"Lvl",4,"Inside",3,"IDOTRR","Norm","Norm","1Fam","1.5Fin",6,8,1940,2006,"Gable","CompShg","VinylSd","VinylSd","None",0,3,3,"CBlock",2,3,1,1,1,720,"GasA",4,"Y",5,1090,0,0,1,0,3,1,3,8,0,0,"Detchd",1,1,240,3,3,3,0,0,0,0,0,0,0,0,"NA",0,7,2008,"WD","Normal",120000,1,1,0,0,0,0,0
"020","RL",9819,"Pave","NA",3,"Lvl",4,"Inside",2,"Mitchel","Norm","Norm","1Fam","1Story",6,5,1977,1977,"Gable","CompShg","Plywood","ImStucc","None",0,3,3,"PConc",3,3,4,5,1,1567,"GasA",3,"Y",5,1567,1,0,2,0,2,1,4,8,2,3,"Attchd",2,2,714,3,3,3,264,32,0,0,0,0,0,0,"NA",0,5,2009,"WD","Normal",196000,1,1,1,0,0,0,0
"020","RL",13052,"Pave","NA",3,"Lvl",4,"CulDSac",3,"Sawyer","Norm","Norm","1Fam","1Story",5,6,1965,1965,"Gable","CompShg","HdBoard","HdBoard","None",0,3,3,"CBlock",3,3,1,3,1,1024,"GasA",3,"Y",5,1024,0,0,1,1,3,1,3,8,0,0,"Attchd",1,1,308,3,3,3,0,0,0,0,0,0,0,3,"NA",0,1,2006,"WD","Normal",120875,1,1,0,0,1,0,0
"050","RL",7200,"Pave","NA",4,"Lvl",4,"Inside",3,"NAmes","Norm","Norm","1Fam","1.5Fin",6,5,1954,1954,"Gable","CompShg","MetalSd","MetalSd","None",0,3,3,"CBlock",3,3,1,3,1,854,"GasA",2,"Y",3,1278,0,0,1,0,4,1,3,8,0,0,"Attchd",1,1,240,3,3,3,0,0,0,0,0,0,0,1,"NA",0,4,2008,"WD","Normal",127500,1,1,0,0,1,0,0
"020","RL",13568,"Pave","NA",2,"Lvl",4,"CulDSac",3,"CollgCr","Norm","Norm","1Fam","1Story",5,5,1995,1995,"Gable","CompShg","VinylSd","VinylSd","None",0,3,3,"PConc",4,3,1,5,1,990,"GasA",5,"Y",5,990,0,1,1,0,3,1,3,8,0,0,"Attchd",1,2,576,3,3,3,224,0,0,0,0,0,0,0,"NA",0,7,2006,"WD","Normal",156000,1,1,0,0,0,0,0
"030","RL",17529,"Pave","NA",4,"Lvl",4,"Inside",3,"Sawyer","Norm","Norm","1Fam","1Story",5,5,1924,1950,"Gable","CompShg","BrkFace","Wd Sdng","Stone",65,3,3,"BrkTil",3,3,1,1,1,872,"GasA",2,"N",2,872,0,0,1,0,2,1,2,5,1,4,"Detchd",1,1,322,2,2,1,0,0,116,0,0,0,0,0,"NA",0,4,2006,"WD","Normal",105000,1,1,1,0,0,0,1
"020","RL",16870,"Pave","NA",3,"Lvl",4,"FR3",3,"NridgHt","Norm","Norm","1Fam","1Story",8,5,2004,2005,"Hip","CompShg","VinylSd","VinylSd","BrkFace",238,4,3,"PConc",5,3,4,6,1,1782,"GasA",5,"Y",5,1782,1,0,2,0,3,1,4,8,2,4,"Attchd",3,3,932,3,3,3,99,82,0,0,0,0,0,0,"NA",0,4,2009,"WD","Normal",296000,1,1,1,0,0,0,1
"060","RL",7023,"Pave","NA",4,"Lvl",4,"Inside",3,"Edwards","Norm","Norm","1Fam","2Story",5,5,2005,2006,"Gable","CompShg","VinylSd","VinylSd","None",0,3,3,"PConc",4,4,1,6,1,734,"GasA",4,"Y",5,1408,1,0,2,1,3,1,3,8,0,0,"BuiltIn",3,2,489,3,3,3,0,85,0,0,0,0,0,0,"NA",0,5,2007,"WD","Normal",171500,1,1,0,0,0,0,0
"120","RL",7820,"Pave","NA",3,"Lvl",4,"Inside",3,"NridgHt","Norm","Norm","TwnhsE","1Story",9,5,2007,2007,"Hip","CompShg","MetalSd","MetalSd","BrkFace",362,5,3,"PConc",5,3,1,1,1,1869,"GasA",5,"Y",5,1869,0,0,2,0,2,1,5,8,1,4,"Attchd",2,2,617,3,3,3,210,54,0,0,0,0,0,0,"NA",0,12,2007,"New","Partial",318061,1,1,1,0,0,0,1
"060","RL",12203,"Pave","NA",3,"Lvl",4,"Corner",3,"NoRidge","Norm","Norm","1Fam","2Story",8,5,1998,1999,"Hip","CompShg","VinylSd","VinylSd","BrkFace",975,4,3,"PConc",4,3,1,6,1,1225,"GasA",5,"Y",5,2612,1,0,2,1,4,1,4,8,1,3,"Attchd",3,3,676,3,3,3,250,0,0,0,0,0,0,0,"NA",0,7,2009,"WD","Normal",336000,1,1,1,0,0,0,1
"030","RL",4280,"Pave","NA",4,"Lvl",4,"Inside",3,"Crawfor","Norm","Norm","1Fam","1Story",5,6,1913,2002,"Gable","CompShg","WdShing","Stucco","None",0,3,3,"PConc",3,3,1,2,1,440,"GasA",3,"N",5,694,0,0,1,0,2,1,4,8,1,4,"Detchd",1,1,352,4,3,2,0,0,34,0,0,0,0,3,"NA",0,3,2007,"WD","Normal",90350,1,1,1,0,1,0,0
"020","RL",13891,"Pave","NA",4,"Lvl",4,"Inside",3,"NridgHt","Norm","Norm","1Fam","1Story",8,5,2007,2008,"Hip","CompShg","VinylSd","VinylSd","Stone",436,4,3,"PConc",5,3,4,6,1,1710,"GasA",5,"Y",5,1710,1,0,2,0,2,1,4,8,1,4,"Attchd",2,3,866,3,3,3,0,102,0,0,0,0,0,0,"NA",0,1,2008,"New","Partial",372402,1,1,1,0,0,0,1
"090","RL",6845,"Pave","NA",4,"Lvl",4,"Inside",3,"Edwards","Norm","Norm","Duplex","1Story",4,5,1955,1955,"Gable","CompShg","WdShing","Wd Shng","BrkCmn",58,3,3,"Slab",0,0,0,0,0,0,"GasA",3,"N",2,1152,0,0,2,0,2,2,3,8,0,0,"NA",0,0,0,0,0,1,0,0,0,0,0,0,0,0,"NA",0,7,2008,"WD","Normal",82500,0,0,0,0,0,0,1
"020","RL",11932,"Pave","NA",4,"Lvl",4,"FR2",3,"Somerst","Feedr","Norm","1Fam","1Story",8,5,2007,2008,"Gable","CompShg","VinylSd","VinylSd","Stone",186,4,3,"PConc",4,3,1,1,1,1580,"GasA",5,"Y",5,1580,0,0,2,0,3,1,4,8,0,0,"Attchd",2,3,830,3,3,3,0,24,0,0,0,0,0,0,"NA",0,6,2008,"ConLD","Partial",235128,1,1,0,0,0,0,1
"120","FV",4385,"Pave","NA",3,"Lvl",4,"Inside",3,"Somerst","Norm","Norm","TwnhsE","1Story",9,5,2001,2001,"Gable","CompShg","VinylSd","VinylSd","None",0,4,3,"PConc",5,3,3,6,1,1419,"GasA",5,"Y",5,1419,1,0,1,1,2,1,5,8,1,3,"Attchd",3,2,588,3,3,3,155,58,0,0,0,0,0,0,"NA",0,9,2008,"WD","Normal",290000,1,1,1,0,0,0,0
"020","RL",12450,"Pave","NA",4,"Lvl",4,"Inside",3,"SawyerW","RRAe","Norm","1Fam","1Story",5,5,2003,2004,"Gable","CompShg","VinylSd","VinylSd","BrkFace",126,4,3,"PConc",4,3,1,6,1,1094,"GasA",5,"Y",5,1094,1,0,1,0,3,1,4,8,0,0,"Detchd",1,2,576,3,3,3,0,0,0,0,0,0,0,0,"NA",0,5,2007,"WD","Normal",149000,1,1,0,0,0,0,1
"060","RL",14000,"Pave","NA",4,"Lvl",4,"Inside",2,"ClearCr","Norm","Norm","1Fam","2Story",7,5,1996,1997,"Gable","CompShg","Wd Sdng","Wd Sdng","None",0,4,3,"PConc",5,3,4,6,1,1306,"GasA",5,"Y",5,2260,1,0,2,1,3,1,4,8,0,0,"Attchd",2,2,533,3,3,3,296,44,0,0,0,0,0,0,"NA",0,4,2010,"WD","Normal",328000,1,1,0,0,0,0,0
"020","RL",19508,"Pave","NA",4,"Lvl",4,"Inside",3,"Veenker","Norm","Norm","1Fam","1Story",6,5,1974,1974,"Gable","CompShg","HdBoard","ImStucc","BrkFace",144,3,3,"CBlock",3,3,3,5,1,1430,"GasA",3,"Y",5,1430,0,1,2,0,3,1,3,8,2,3,"Attchd",1,2,484,3,3,3,117,108,165,0,0,0,0,0,"NA",0,7,2008,"WD","Normal",192000,1,1,1,0,0,0,1
"020","RL",8172,"Pave","NA",4,"Lvl",4,"Inside",3,"Edwards","Norm","Norm","1Fam","1Story",4,5,1955,1955,"Gable","CompShg","MetalSd","MetalSd","None",0,3,3,"CBlock",3,3,1,4,1,768,"GasA",3,"Y",5,768,0,0,1,0,2,1,3,8,1,2,"Detchd",1,1,355,3,3,3,0,0,196,0,0,0,0,3,"NA",0,7,2007,"WD","Normal",125000,1,1,1,0,1,0,0
"060","RL",10019,"Pave","NA",3,"Lvl",4,"Inside",3,"NoRidge","Norm","Norm","1Fam","2Story",8,5,1995,1995,"Hip","CompShg","VinylSd","VinylSd","BrkFace",397,4,3,"PConc",4,3,1,5,1,1342,"GasA",5,"Y",5,2726,0,0,2,1,4,1,4,8,1,5,"Attchd",2,3,725,3,3,3,307,169,168,0,0,0,0,0,"NA",0,6,2006,"WD","Normal",350000,1,1,1,0,0,0,1
"020","RL",3182,"Pave","NA",4,"Lvl",4,"Inside",3,"Blmngtn","Norm","Norm","1Fam","1Story",7,5,2007,2007,"Gable","CompShg","VinylSd","VinylSd","BrkFace",16,4,3,"PConc",4,3,3,1,1,1266,"GasA",5,"Y",5,1266,0,0,2,0,2,1,4,8,1,4,"Attchd",3,2,388,3,3,3,100,16,0,0,0,0,0,0,"NA",0,3,2008,"WD","Normal",159895,1,1,1,0,0,0,1
"050","RL",9525,"Pave","NA",4,"Lvl",4,"Inside",3,"Edwards","Norm","Norm","1Fam","1.5Fin",6,4,1954,1972,"Gable","CompShg","Wd Sdng","Wd Sdng","None",0,3,3,"CBlock",3,2,1,3,1,994,"GasA",4,"Y",5,1855,0,0,2,0,4,1,3,8,0,0,"Attchd",1,1,325,3,3,3,182,0,0,0,0,0,0,0,"NA",0,10,2006,"WD","Normal",136900,1,1,0,0,0,0,0
"020","RL",9750,"Pave","NA",4,"Lvl",4,"Inside",3,"CollgCr","Norm","Norm","1Fam","1Story",7,5,2004,2004,"Gable","CompShg","VinylSd","VinylSd","Stone",50,4,3,"PConc",4,3,2,6,1,1445,"GasA",5,"Y",5,1445,0,0,2,0,3,1,4,8,0,0,"Attchd",1,2,470,3,3,3,0,35,0,0,0,0,0,0,"NA",0,6,2008,"WD","Normal",186500,1,1,0,0,0,0,1
"050","RM",8239,"Pave","NA",4,"Lvl",4,"Inside",3,"OldTown","Artery","Norm","1Fam","1.5Fin",5,6,1920,1962,"Gable","CompShg","MetalSd","MetalSd","None",0,3,3,"BrkTil",3,3,1,3,1,1008,"GasA",3,"Y",5,1245,0,0,1,0,3,1,3,8,0,0,"Detchd",1,1,315,3,3,3,0,0,334,0,0,0,0,0,"NA",0,3,2010,"WD","Normal",1e+05,1,1,0,0,0,0,0
"050","RM",6240,"Pave","NA",4,"Lvl",4,"Inside",3,"BrkSide","Norm","Norm","1Fam","1.5Fin",5,7,1936,1980,"Gable","CompShg","VinylSd","VinylSd","None",0,3,3,"CBlock",3,2,1,3,1,528,"GasA",4,"Y",5,1040,0,0,1,0,2,1,3,8,0,0,"Detchd",3,2,624,3,3,2,306,0,32,0,0,0,0,0,"NA",0,5,2010,"WD","Normal",123900,1,1,0,0,0,0,0
"020","RL",8450,"Pave","NA",4,"Lvl",4,"Inside",3,"SawyerW","Norm","Norm","1Fam","1Story",7,5,2000,2001,"Gable","CompShg","VinylSd","VinylSd","BrkFace",108,3,3,"PConc",4,3,1,1,1,1349,"GasA",5,"Y",5,1349,0,0,2,0,3,1,3,8,0,0,"Attchd",1,2,539,3,3,3,120,55,0,0,0,0,0,4,"NA",0,12,2007,"WD","Normal",179000,1,1,0,0,1,0,1
"020","RL",9500,"Pave","NA",3,"Lvl",4,"Inside",3,"NAmes","Norm","Norm","1Fam","1Story",6,5,1963,1963,"Gable","CompShg","Plywood","Plywood","BrkFace",247,3,3,"CBlock",4,3,1,4,1,1394,"GasA",4,"Y",5,1394,1,0,1,1,3,1,3,8,2,4,"Attchd",2,2,514,3,3,3,0,76,0,0,185,0,0,0,"NA",0,7,2009,"WD","Normal",159000,1,1,1,0,0,0,1
"020","RL",9477,"Pave","NA",4,"Lvl",4,"Corner",3,"NAmes","Norm","Norm","1Fam","1Story",5,5,1966,1966,"Gable","CompShg","HdBoard","HdBoard","BrkFace",65,3,3,"CBlock",3,3,1,3,1,864,"GasA",3,"Y",5,892,0,0,1,0,3,1,3,8,0,0,"Attchd",2,1,264,3,3,3,0,0,0,0,0,0,0,2,"NA",0,10,2008,"WD","Normal",110000,1,1,0,0,1,0,1
"020","RL",13438,"Pave","NA",3,"HLS",4,"Corner",3,"Timber","Norm","Norm","1Fam","1Story",9,5,2008,2008,"Gable","CompShg","CemntBd","CmentBd","Stone",246,5,3,"CBlock",5,3,4,6,1,2190,"GasA",5,"Y",5,2036,1,0,2,0,3,1,5,8,1,5,"Attchd",3,3,780,3,3,3,90,154,0,0,0,0,0,0,"NA",0,7,2009,"WD","Normal",410000,1,1,1,0,0,0,1
"020","RL",14250,"Pave","NA",4,"Lvl",4,"Inside",3,"NAmes","Norm","Norm","1Fam","1Story",6,5,1957,1957,"Gable","CompShg","Plywood","Plywood","BrkFace",360,3,3,"CBlock",3,3,1,1,1,998,"GasA",3,"Y",5,1790,0,0,2,0,3,1,3,8,2,4,"Attchd",3,2,540,3,3,3,0,40,0,0,0,0,0,0,"Shed",1500,9,2008,"WD","Normal",180000,1,1,1,0,0,0,1
"070","RL",4899,"Pave","NA",4,"HLS",4,"Corner",3,"SWISU","Norm","Norm","1Fam","2Story",6,8,1920,1950,"Gable","CompShg","MetalSd","MetalSd","None",0,3,3,"PConc",3,3,1,4,1,755,"GasA",5,"Y",5,1510,0,0,1,0,3,1,3,8,0,0,"Detchd",1,1,216,3,3,3,0,0,164,0,0,0,0,0,"NA",0,6,2006,"WD","Normal",149000,1,1,0,0,0,0,0
"080","RL",9600,"Pave","NA",4,"Lvl",4,"FR2",3,"Veenker","Feedr","Norm","1Fam","SLvl",6,7,1976,1994,"Hip","CompShg","Plywood","Plywood","BrkFace",360,4,4,"CBlock",3,3,1,1,1,528,"GasA",5,"Y",5,1855,0,0,2,1,3,1,3,8,1,3,"Attchd",2,2,512,3,3,3,113,100,0,0,0,0,0,0,"NA",0,8,2007,"WD","Normal",187000,1,1,1,0,0,0,1
"060","RL",8499,"Pave","NA",3,"Lvl",4,"Inside",3,"Gilbert","Norm","Norm","1Fam","2Story",6,5,2006,2007,"Gable","CompShg","VinylSd","VinylSd","None",0,3,3,"PConc",4,3,1,1,1,616,"GasA",5,"Y",5,1412,0,0,2,1,3,1,4,8,1,4,"BuiltIn",3,2,432,3,3,3,0,36,0,0,0,0,0,0,"NA",0,3,2007,"New","Partial",156932,1,1,1,0,0,0,0
"060","RL",9120,"Pave","NA",4,"Lvl",4,"Inside",3,"NWAmes","Norm","Norm","1Fam","2Story",6,6,1974,1974,"Hip","CompShg","HdBoard","HdBoard","BrkFace",270,4,3,"CBlock",3,3,1,5,1,901,"GasA",3,"Y",5,1876,0,0,2,1,4,1,4,8,1,3,"Attchd",2,2,540,4,3,3,0,69,0,0,0,0,0,0,"NA",0,7,2008,"WD","Normal",185000,1,1,1,0,0,0,1
"020","RL",16561,"Pave","NA",2,"Low",4,"Inside",2,"CollgCr","Norm","Norm","1Fam","1Story",5,5,1996,1996,"Gable","CompShg","VinylSd","VinylSd","None",0,3,3,"PConc",4,3,1,5,1,1097,"GasA",5,"Y",5,1097,1,0,1,1,3,1,3,8,0,0,"Attchd",1,1,242,3,3,3,306,0,0,0,0,0,0,4,"NA",0,7,2007,"WD","Normal",147900,1,1,0,0,1,0,0
"020","RL",12137,"Pave","NA",2,"Lvl",4,"CulDSac",3,"CollgCr","Norm","Norm","1Fam","1Story",7,5,1998,1998,"Gable","CompShg","VinylSd","VinylSd","BrkFace",442,3,3,"PConc",4,3,1,1,1,1649,"GasA",5,"Y",5,1661,0,0,2,0,3,1,4,8,0,0,"Attchd",2,2,598,3,3,3,0,34,0,0,0,0,0,0,"NA",0,5,2010,"WD","Normal",224900,1,1,0,0,0,0,1
"080","RL",9880,"Pave","NA",4,"Lvl",4,"Inside",3,"Mitchel","Norm","Norm","1Fam","SLvl",6,6,1977,1977,"Gable","CompShg","Plywood","Plywood","None",0,3,3,"CBlock",3,3,3,5,1,1096,"GasA",3,"Y",5,1118,1,0,1,0,3,1,3,8,1,1,"Attchd",3,1,358,3,3,3,203,0,0,0,0,576,4,4,"NA",0,7,2008,"WD","Normal",171000,1,1,1,1,1,0,0
"160","RL",2448,"Pave","NA",4,"Lvl",4,"Inside",3,"NridgHt","Norm","Norm","Twnhs","2Story",7,5,2003,2004,"Gable","CompShg","VinylSd","Wd Shng","Stone",106,4,3,"PConc",4,3,1,1,1,764,"GasA",5,"Y",5,1626,0,0,2,1,2,1,4,8,0,0,"BuiltIn",2,2,474,3,3,3,0,27,0,0,0,0,0,0,"NA",0,10,2008,"WD","Normal",155000,1,1,0,0,0,0,1
"020","RL",10400,"Pave","NA",4,"Lvl",4,"Inside",3,"NWAmes","Norm","Norm","1Fam","1Story",6,5,1979,1999,"Gable","CompShg","MetalSd","MetalSd","BrkFace",253,3,3,"CBlock",4,3,1,6,1,1259,"GasA",5,"Y",5,1353,1,0,2,0,2,1,3,8,1,3,"Attchd",2,2,478,3,3,3,240,141,0,0,0,0,0,0,"NA",0,8,2007,"WD","Normal",192350,1,1,1,0,0,0,1
"020","RL",9416,"Pave","NA",4,"Lvl",4,"Inside",3,"Somerst","Norm","Norm","1Fam","1Story",7,5,2007,2007,"Hip","CompShg","CemntBd","CmentBd","Stone",205,5,3,"PConc",5,3,1,6,1,1726,"GasA",5,"Y",5,1726,1,0,2,0,3,1,5,8,1,4,"Attchd",3,3,786,3,3,3,171,138,0,0,266,0,0,0,"NA",0,9,2007,"New","Partial",311872,1,1,1,0,0,0,1
"090","RL",7018,"Pave","NA",4,"Lvl",4,"Inside",3,"SawyerW","Feedr","Norm","Duplex","2Story",5,5,1979,1979,"Gable","CompShg","Plywood","Plywood","None",0,3,3,"Slab",0,0,0,0,0,0,"GasA",3,"Y",5,2240,0,0,2,0,6,2,3,8,0,0,"Detchd",1,2,528,3,3,3,154,0,0,0,0,0,0,0,"NA",0,6,2009,"WD","Alloca",142953,0,1,0,0,0,0,0
"080","RL",9600,"Pave","NA",4,"Lvl",4,"Inside",3,"NAmes","Norm","Norm","1Fam","SLvl",5,7,1967,1967,"Gable","CompShg","MetalSd","MetalSd","BrkFace",140,3,3,"PConc",3,3,3,5,3,1141,"GasA",4,"Y",5,1141,1,0,1,0,3,1,3,8,0,0,"Attchd",1,1,568,3,3,3,0,78,0,0,0,0,0,0,"NA",0,7,2006,"WD","Normal",158000,1,1,0,0,0,0,1
"120","RL",8147,"Pave","NA",4,"HLS",4,"Inside",3,"StoneBr","Norm","Norm","TwnhsE","1Story",9,5,2005,2005,"Hip","CompShg","MetalSd","MetalSd","BrkFace",230,4,3,"PConc",5,3,4,6,1,1714,"GasA",5,"Y",5,1714,1,0,2,0,2,1,4,8,1,4,"Attchd",3,2,517,3,3,3,156,55,0,0,0,0,0,0,"NA",0,8,2006,"WD","Normal",318000,1,1,1,0,0,0,1
"060","RL",11075,"Pave","NA",4,"Lvl",4,"Inside",3,"NAmes","Norm","Norm","1Fam","2Story",6,5,1969,1969,"Gable","CompShg","HdBoard","HdBoard","None",0,3,3,"CBlock",2,3,2,5,2,952,"GasA",3,"Y",5,2112,0,0,2,1,4,1,3,8,2,4,"Attchd",1,2,576,3,3,3,280,0,0,0,0,0,0,0,"NA",0,6,2008,"WD","Normal",206900,1,1,1,0,0,0,0
"050","RL",10890,"Pave","NA",4,"Lvl",4,"Inside",3,"SWISU","Norm","Norm","1Fam","1.5Fin",5,5,1938,1950,"Gable","CompShg","MetalSd","MetalSd","None",0,3,3,"BrkTil",2,3,1,2,1,1058,"GasA",3,"Y",5,1551,1,0,2,0,3,1,2,8,0,0,"Detchd",1,1,240,2,3,3,0,0,0,0,0,0,0,3,"NA",0,7,2006,"WD","Normal",137000,1,1,0,0,1,0,0
"080","RL",10778,"Pave","NA",3,"Lvl",4,"Inside",3,"SawyerW","Feedr","Norm","1Fam","SLvl",7,6,1990,1991,"Gable","CompShg","HdBoard","HdBoard","None",0,4,3,"PConc",4,3,1,6,5,1054,"GasA",4,"Y",5,1061,1,0,1,1,1,1,4,8,0,0,"Attchd",1,2,462,3,3,3,114,36,0,0,0,0,0,0,"NA",0,7,2009,"WD","Normal",162000,1,1,0,0,0,0,0
"050","RM",6000,"Pave","NA",4,"Lvl",4,"Inside",3,"BrkSide","Norm","Norm","1Fam","1.5Fin",6,6,1940,1950,"Gable","CompShg","MetalSd","MetalSd","None",0,3,4,"CBlock",3,3,1,2,1,572,"GasA",5,"Y",3,1196,0,1,1,1,3,1,3,8,2,4,"Detchd",1,2,576,3,3,3,0,0,0,0,0,0,0,0,"NA",0,3,2010,"WD","Normal",128000,1,1,1,0,0,0,0
"060","RL",23257,"Pave","NA",1,"HLS",4,"CulDSac",3,"Gilbert","Norm","Norm","1Fam","2Story",7,5,2006,2006,"Gable","CompShg","VinylSd","VinylSd","None",0,4,3,"PConc",5,4,1,1,1,868,"GasA",5,"Y",5,2021,0,0,2,1,3,1,4,8,1,4,"BuiltIn",2,2,422,3,3,3,0,100,0,0,0,0,0,0,"NA",0,9,2006,"New","Partial",274725,1,1,1,0,0,0,0
"060","RL",11920,"Pave","NA",4,"Lvl",4,"Inside",3,"SawyerW","Norm","Norm","1Fam","2Story",7,5,2004,2004,"Gable","CompShg","VinylSd","VinylSd","BrkFace",122,4,3,"PConc",4,3,3,1,1,831,"GasA",5,"Y",5,1659,0,0,2,1,3,1,4,8,0,0,"Attchd",2,2,484,3,3,3,144,68,0,0,0,0,0,0,"NA",0,4,2010,"WD","Normal",181000,1,1,0,0,0,0,1
"020","RL",7000,"Pave","NA",3,"Lvl",4,"CulDSac",3,"CollgCr","Norm","Norm","1Fam","1Story",5,8,1978,2005,"Gable","CompShg","VinylSd","VinylSd","BrkFace",90,4,4,"CBlock",3,3,1,5,1,864,"GasA",5,"Y",5,864,1,0,1,0,3,1,3,8,0,0,"Attchd",1,1,336,3,3,3,0,0,0,0,0,0,0,2,"NA",0,7,2009,"WD","Normal",136500,1,1,0,0,1,0,1
"020","RL",10456,"Pave","NA",3,"Lvl",4,"Inside",3,"NWAmes","Norm","Norm","1Fam","1Story",6,6,1967,1967,"Hip","CompShg","HdBoard","HdBoard","BrkFace",120,3,3,"CBlock",3,3,1,6,1,1829,"GasA",4,"Y",5,1829,1,0,2,0,4,1,3,8,0,0,"Attchd",2,2,535,3,3,3,0,76,0,0,0,0,0,0,"NA",0,5,2010,"WD","Normal",218500,1,1,0,0,0,0,1
"020","RL",10710,"Pave","NA",4,"Lvl",4,"Inside",3,"NAmes","Norm","Norm","1Fam","1Story",5,7,1966,2004,"Hip","CompShg","HdBoard","HdBoard","BrkFace",165,4,3,"PConc",3,3,1,4,1,864,"GasA",5,"Y",5,1120,0,1,1,0,3,1,3,8,1,3,"Attchd",2,2,656,3,3,3,0,162,0,0,0,0,0,0,"Shed",1200,7,2009,"WD","Normal",148800,1,1,1,0,0,0,1
"060","RL",10530,"Pave","NA",4,"Lvl",4,"Inside",3,"NWAmes","Norm","Norm","1Fam","2Story",7,6,1993,1993,"Gable","CompShg","MetalSd","MetalSd","BrkFace",194,4,3,"PConc",4,3,1,6,1,1148,"GasA",5,"Y",5,2075,1,0,2,1,3,1,4,8,1,4,"Attchd",1,2,473,3,3,3,235,86,0,0,0,0,0,0,"NA",0,8,2007,"WD","Normal",255000,1,1,1,0,0,0,1
"020","RL",6285,"Pave","NA",4,"Lvl",4,"Inside",3,"Sawyer","Norm","Norm","1Fam","1Story",5,5,1977,1977,"Gable","CompShg","Plywood","Plywood","None",0,3,3,"CBlock",4,3,1,2,3,894,"GasA",3,"Y",5,894,1,0,1,0,2,1,3,8,0,0,"Detchd",1,1,308,3,3,3,192,0,0,0,0,0,0,0,"NA",0,3,2007,"WD","Normal",120750,1,1,0,0,0,0,0
"090","RM",10307,"Pave","Grvl",4,"Lvl",4,"Inside",3,"OldTown","Norm","Norm","Duplex","2Story",6,5,1910,1950,"Gable","CompShg","Wd Sdng","Wd Sdng","None",0,3,3,"CBlock",3,3,2,2,1,972,"GasA",4,"N",3,1944,1,0,2,0,4,2,3,8,0,0,"Detchd",1,2,324,2,3,1,0,28,169,0,0,0,0,0,"NA",0,6,2009,"WD","Normal",103500,1,1,0,0,0,1,0
"020","RL",13651,"Pave","NA",3,"Lvl",4,"Inside",3,"NAmes","Norm","Norm","1Fam","1Story",7,6,1973,1973,"Gable","CompShg","Plywood","Plywood","BrkFace",1115,3,4,"CBlock",4,3,4,5,1,2223,"GasA",5,"Y",5,2223,1,0,2,0,3,1,3,8,2,4,"Attchd",3,2,516,3,3,3,300,0,0,0,0,0,0,0,"NA",0,2,2007,"WD","Normal",244000,1,1,1,0,0,0,1
"020","RL",10200,"Pave","NA",4,"Lvl",4,"Inside",3,"NAmes","Norm","Norm","1Fam","1Story",6,5,1974,1974,"Hip","CompShg","Plywood","Plywood","BrkFace",440,3,3,"CBlock",3,3,1,2,1,1434,"GasA",3,"Y",5,1434,1,0,2,0,4,1,3,8,1,4,"Attchd",2,2,528,3,3,3,80,21,0,0,0,0,0,0,"NA",0,6,2009,"WD","Normal",157000,1,1,1,0,0,0,1
"020","RL",9254,"Pave","NA",3,"Lvl",4,"Inside",3,"NridgHt","Norm","Norm","1Fam","1Story",8,5,2005,2005,"Gable","CompShg","VinylSd","VinylSd","BrkFace",210,4,3,"PConc",4,3,1,6,1,1721,"GasA",5,"Y",5,1721,1,0,2,0,3,1,4,8,0,0,"Attchd",2,2,554,3,3,3,168,27,0,0,0,0,0,0,"NA",0,1,2007,"WD","Normal",232698,1,1,0,0,0,0,1
"160","RM",2522,"Pave","NA",4,"Lvl",4,"Inside",3,"Edwards","Norm","Norm","Twnhs","2Story",7,5,2004,2004,"Gable","CompShg","VinylSd","VinylSd","Stone",50,4,3,"PConc",4,3,1,1,1,970,"GasA",5,"Y",5,1709,0,0,2,0,3,1,4,4,0,0,"Detchd",1,2,380,3,3,3,0,40,0,0,0,0,0,0,"NA",0,4,2006,"WD","Normal",137500,1,1,0,0,0,0,1
"060","RL",9660,"Pave","NA",3,"Lvl",4,"Inside",3,"NoRidge","Norm","Norm","1Fam","2Story",8,5,1998,1998,"Gable","CompShg","VinylSd","VinylSd","BrkFace",242,4,3,"PConc",4,3,1,6,1,1044,"GasA",5,"Y",5,1976,1,0,2,1,3,1,4,8,1,5,"Attchd",3,3,885,3,3,3,210,31,0,0,0,0,0,0,"NA",0,2,2006,"WD","Normal",286000,1,1,1,0,0,0,1
"050","RM",5700,"Pave","NA",4,"Lvl",4,"Inside",3,"OldTown","Norm","Norm","1Fam","1.5Fin",7,7,1926,1950,"Gable","CompShg","Wd Sdng","Wd Sdng","None",0,3,3,"PConc",3,3,1,1,1,572,"GasA",3,"Y",5,1111,0,0,1,0,2,1,3,8,1,4,"Detchd",1,1,288,3,3,3,0,0,176,0,0,0,0,0,"NA",0,8,2008,"WD","Normal",116900,1,1,1,0,0,0,0
"160","RM",1477,"Pave","NA",4,"Lvl",4,"Inside",3,"MeadowV","Norm","Norm","Twnhs","2Story",6,9,1970,2007,"Gable","CompShg","CemntBd","CmentBd","None",0,3,4,"CBlock",3,3,1,6,1,546,"GasA",5,"Y",5,1092,0,0,2,1,3,1,3,8,0,0,"NA",0,0,0,0,0,3,187,0,0,0,0,0,0,0,"NA",0,3,2008,"WD","Normal",98000,1,0,0,0,0,0,0
"020","RL",7153,"Pave","NA",4,"Lvl",4,"Inside",3,"SawyerW","Norm","Norm","1Fam","1Story",6,5,1991,1991,"Gable","CompShg","HdBoard","HdBoard","BrkFace",88,3,3,"CBlock",4,3,1,6,1,1278,"GasA",4,"Y",5,1294,1,0,2,0,3,1,4,8,0,0,"Attchd",2,2,496,3,3,3,112,51,0,0,0,0,0,2,"NA",0,6,2008,"WD","Normal",179200,1,1,0,0,1,0,1
"120","RL",3684,"Pave","NA",4,"Lvl",4,"Inside",3,"Blmngtn","Norm","Norm","TwnhsE","1Story",7,5,2007,2007,"Hip","CompShg","VinylSd","VinylSd","BrkFace",130,4,3,"PConc",4,3,1,1,1,1373,"GasA",5,"Y",5,1555,0,0,2,0,2,1,4,8,1,3,"Attchd",3,3,660,3,3,3,143,20,0,0,0,0,0,0,"NA",0,6,2009,"WD","Normal",174000,1,1,1,0,0,0,1
"020","RL",10400,"Pave","NA",4,"Lvl",4,"Inside",3,"NWAmes","Norm","Norm","1Fam","1Story",7,6,1970,1970,"Hip","CompShg","Plywood","Plywood","BrkFace",288,3,3,"PConc",3,3,1,1,1,1304,"GasA",4,"Y",5,1682,0,0,2,0,3,1,3,8,1,4,"Attchd",1,2,530,3,3,3,98,0,0,0,0,0,0,3,"NA",0,5,2008,"WD","Normal",174000,1,1,1,0,1,0,1
"190","RL",22136,"Pave","NA",4,"Lvl",4,"Inside",3,"OldTown","Artery","Norm","2fmCon","1.5Fin",5,5,1925,1975,"Gable","CompShg","MetalSd","MetalSd","None",0,3,2,"CBlock",3,3,2,6,1,2171,"GasA",3,"Y",5,2640,2,0,2,1,5,1,3,4,1,4,"Attchd",2,3,1008,3,3,1,631,48,148,0,0,0,0,0,"NA",0,7,2006,"WD","Normal",180000,1,1,1,0,0,0,0
"050","RM",5500,"Pave","NA",4,"Lvl",4,"Corner",3,"OldTown","Norm","Norm","1Fam","1.5Fin",5,7,1929,2001,"Gable","CompShg","Wd Sdng","Wd Sdng","None",0,3,3,"BrkTil",3,3,1,2,5,926,"GasA",3,"Y",5,1316,1,0,1,0,3,1,3,8,0,0,"Detchd",1,2,484,3,3,3,0,0,0,0,0,0,0,0,"NA",0,4,2010,"WD","Normal",130000,1,1,0,0,0,0,0
"020","RL",6600,"Pave","NA",4,"Lvl",4,"Inside",3,"NAmes","PosN","Norm","1Fam","1Story",5,5,1962,1962,"Hip","CompShg","Wd Sdng","Wd Sdng","None",0,3,3,"CBlock",3,3,1,5,4,864,"GasA",4,"Y",5,864,0,0,1,0,2,1,3,8,0,0,"Detchd",1,1,294,3,3,3,58,0,0,0,0,0,0,0,"NA",0,12,2007,"WD","Normal",125500,1,1,0,0,0,0,0
"050","RL",12144,"Pave","NA",4,"Lvl",4,"Inside",3,"NAmes","Norm","Norm","1Fam","1.5Fin",4,6,1950,1950,"Gable","CompShg","BrkComm","Wd Sdng","None",0,3,3,"CBlock",3,3,1,3,1,910,"GasA",4,"Y",5,1521,0,0,1,1,3,1,4,6,0,0,"Detchd",1,1,597,2,3,3,199,0,168,0,0,0,0,0,"NA",0,9,2006,"WD","Normal",147500,1,1,0,0,0,0,0
"050","RL",6821,"Pave","NA",4,"HLS",4,"Inside",3,"Crawfor","Norm","Norm","1Fam","1.5Fin",6,7,1921,2005,"Gable","CompShg","Wd Sdng","Wd Sdng","None",0,3,3,"BrkTil",3,3,1,4,1,651,"GasA",4,"Y",5,1298,0,0,2,0,2,1,3,8,1,4,"Detchd",1,1,240,3,3,2,216,0,168,0,0,0,0,0,"NA",0,8,2007,"WD","Normal",146500,1,1,1,0,0,0,0
"050","RL",12327,"Pave","NA",3,"Low",4,"Inside",2,"SawyerW","Norm","Norm","1Fam","1.5Fin",8,8,1983,2009,"Gable","CompShg","Wd Sdng","Wd Sdng","None",0,4,3,"CBlock",4,3,4,6,1,1496,"GasA",5,"Y",5,2132,1,0,1,1,1,1,4,6,1,4,"BuiltIn",3,2,612,4,3,3,349,40,0,0,0,0,0,0,"NA",0,9,2009,"WD","Normal",316600,1,1,1,0,0,0,0
"160","RM",1936,"Pave","NA",4,"Lvl",4,"Inside",3,"MeadowV","Norm","Norm","Twnhs","2Story",4,7,1970,1970,"Gable","CompShg","CemntBd","CmentBd","None",0,3,3,"CBlock",3,3,1,1,1,546,"GasA",4,"Y",5,1092,0,0,1,1,3,1,3,8,0,0,"NA",0,0,0,0,0,3,0,0,0,0,0,0,0,0,"NA",0,6,2006,"WD","Normal",90500,1,0,0,0,0,0,0
"085","RL",14137,"Pave","NA",4,"Lvl",4,"Corner",3,"Mitchel","Norm","Norm","1Fam","SFoyer",4,5,1964,1964,"Gable","CompShg","HdBoard","HdBoard","BrkFace",98,3,3,"CBlock",4,3,3,5,2,1200,"GasA",4,"Y",5,1200,1,0,1,0,3,1,3,8,0,0,"2Types",3,3,850,3,3,3,0,119,0,0,171,0,0,0,"NA",0,11,2008,"ConLD","Normal",173000,1,1,0,0,0,0,1
"020","RL",9571,"Pave","NA",4,"Lvl",4,"Inside",3,"Edwards","Norm","Norm","1Fam","1Story",5,6,1956,1956,"Hip","CompShg","Wd Sdng","Wd Sdng","None",0,3,3,"CBlock",3,3,3,3,1,1509,"GasA",3,"Y",3,1509,1,0,1,0,3,1,4,8,1,3,"Attchd",1,1,322,3,3,3,158,0,0,0,576,0,0,3,"NA",0,7,2008,"WD","Normal",159900,1,1,1,0,1,0,0
"050","RL",12392,"Pave","NA",4,"Bnk",4,"Inside",3,"Crawfor","Norm","Norm","1Fam","1.5Fin",7,9,1950,2000,"Gable","CompShg","VinylSd","VinylSd","None",0,3,4,"CBlock",3,4,1,6,1,832,"GasA",5,"Y",5,2161,1,0,2,1,3,1,4,8,2,3,"Attchd",3,2,506,3,3,3,0,96,0,0,0,0,0,0,"NA",0,4,2008,"WD","Normal",263400,1,1,1,0,0,0,0
"020","RL",8246,"Pave","NA",3,"Lvl",4,"Inside",3,"Sawyer","Norm","Norm","1Fam","1Story",5,8,1968,2001,"Gable","CompShg","Plywood","Plywood","None",0,3,4,"CBlock",3,3,2,3,5,1060,"GasA",5,"Y",5,1060,1,0,1,0,3,1,4,8,1,3,"Attchd",1,1,270,3,3,3,406,90,0,0,0,0,0,3,"NA",0,5,2010,"WD","Normal",154000,1,1,1,0,1,0,0
"120","RM",4435,"Pave","NA",4,"Lvl",4,"Inside",3,"CollgCr","Norm","Norm","TwnhsE","1Story",6,5,2003,2003,"Gable","CompShg","VinylSd","VinylSd","BrkFace",170,4,3,"PConc",4,3,3,6,1,848,"GasA",5,"Y",5,848,1,0,1,0,1,1,4,8,0,0,"Attchd",3,2,420,3,3,3,140,0,0,0,0,0,0,0,"NA",0,4,2006,"WD","Normal",133000,1,1,0,0,0,0,1
"060","RL",14260,"Pave","NA",3,"Lvl",4,"FR2",3,"NoRidge","Norm","Norm","1Fam","2Story",8,5,2000,2000,"Gable","CompShg","VinylSd","VinylSd","BrkFace",350,4,3,"PConc",4,3,3,6,1,1145,"GasA",5,"Y",5,2198,1,0,2,1,4,1,4,8,1,3,"Attchd",2,3,836,3,3,3,192,84,0,0,0,0,0,0,"NA",0,12,2008,"WD","Normal",250000,1,1,1,0,0,0,1
"020","RL",11210,"Pave","NA",3,"Lvl",4,"Inside",3,"CollgCr","Norm","Norm","1Fam","1Story",7,5,2005,2006,"Gable","CompShg","VinylSd","VinylSd","BrkFace",240,4,3,"PConc",4,3,3,6,1,1614,"GasA",5,"Y",5,1614,0,0,2,0,3,1,4,8,0,0,"Attchd",2,3,865,3,3,3,144,59,0,0,0,0,0,0,"NA",0,7,2006,"New","Partial",221500,1,1,0,0,0,0,1
"020","RL",9627,"Pave","NA",4,"Lvl",4,"Inside",3,"CollgCr","Norm","Norm","1Fam","1Story",7,5,2007,2007,"Gable","CompShg","VinylSd","VinylSd","None",0,4,3,"PConc",4,3,3,6,1,1351,"GasA",5,"Y",5,1361,0,0,2,0,3,1,4,8,0,0,"Attchd",2,2,610,3,3,3,0,50,0,0,0,0,0,0,"NA",0,6,2008,"WD","Normal",193000,1,1,0,0,0,0,0
"060","RL",8139,"Pave","NA",4,"Lvl",4,"Inside",3,"Gilbert","Norm","Norm","1Fam","2Story",6,5,1995,1996,"Gable","CompShg","VinylSd","VinylSd","BrkFace",119,3,3,"PConc",4,3,1,5,1,680,"GasA",4,"Y",5,1470,0,0,2,1,3,1,3,8,1,3,"BuiltIn",3,2,420,3,3,3,192,49,0,0,0,0,0,0,"NA",0,10,2008,"WD","Normal",165000,1,1,1,0,0,0,1
"020","RL",12342,"Pave","NA",3,"Lvl",4,"Inside",3,"NAmes","Norm","Norm","1Fam","1Story",5,5,1960,1978,"Hip","CompShg","Wd Sdng","Wd Sdng","None",0,3,3,"CBlock",3,3,1,1,1,978,"GasA",3,"Y",5,1422,0,0,1,0,3,1,3,7,1,3,"Attchd",2,1,286,3,3,3,0,0,36,0,0,0,0,2,"Shed",600,8,2007,"WD","Normal",139900,1,1,1,0,1,0,0
"120","RL",4054,"Pave","NA",3,"Lvl",4,"Inside",3,"Timber","Norm","Norm","TwnhsE","1Story",7,6,1987,1987,"Gable","CompShg","VinylSd","VinylSd","BrkFace",352,4,3,"BrkTil",4,3,3,6,1,1501,"GasA",5,"Y",5,1501,1,0,2,0,2,1,4,8,2,3,"Attchd",3,2,512,3,3,3,240,0,0,0,0,0,0,0,"NA",0,10,2007,"WD","Normal",244000,1,1,1,0,0,0,1
"160","FV",2572,"Pave","NA",4,"Lvl",4,"FR2",3,"Somerst","Norm","Norm","Twnhs","2Story",7,5,1999,1999,"Hip","CompShg","MetalSd","MetalSd","None",0,4,3,"PConc",4,3,1,5,1,696,"GasA",5,"Y",5,1416,1,0,2,1,3,1,4,8,0,0,"Detchd",1,2,484,3,3,3,0,44,0,0,0,0,0,0,"NA",0,5,2010,"WD","Normal",155000,1,1,0,0,0,0,0
"020","RL",8773,"Pave","NA",4,"Lvl",4,"FR2",3,"CollgCr","Norm","Norm","1Fam","1Story",7,5,2004,2004,"Gable","CompShg","VinylSd","VinylSd","BrkFace",98,4,3,"PConc",4,3,3,6,1,1414,"GasA",5,"Y",5,1414,0,0,2,0,3,1,4,8,0,0,"Attchd",2,2,494,3,3,3,132,105,0,0,0,0,0,0,"NA",0,5,2010,"WD","Normal",185500,1,1,0,0,0,0,1
"020","RL",10652,"Pave","NA",3,"Lvl",4,"Inside",3,"CollgCr","Norm","Norm","1Fam","1Story",7,5,2006,2007,"Gable","CompShg","VinylSd","VinylSd","Stone",306,4,3,"PConc",4,3,3,1,1,1494,"GasA",5,"Y",5,1494,0,0,2,0,3,1,4,8,1,4,"Attchd",2,3,840,3,3,3,160,33,0,0,0,0,0,0,"NA",0,8,2007,"New","Partial",279500,1,1,1,0,0,0,1
"120","RM",5587,"Pave","NA",3,"HLS",4,"Inside",2,"Crawfor","Norm","Norm","TwnhsE","1Story",8,5,2008,2008,"Hip","CompShg","CemntBd","CmentBd","Stone",186,5,3,"PConc",5,3,4,6,1,1600,"GasA",5,"Y",5,1652,1,1,2,0,2,1,4,8,1,4,"Attchd",3,2,482,3,3,3,162,53,0,153,0,0,0,0,"NA",0,11,2008,"New","Partial",392500,1,1,1,0,0,0,1
"045","RM",6130,"Pave","NA",4,"Lvl",4,"Inside",3,"BrkSide","Norm","Norm","1Fam","1.5Unf",5,6,1924,1950,"Gable","CompShg","MetalSd","MetalSd","None",0,3,3,"BrkTil",3,3,1,5,1,784,"GasA",4,"Y",5,784,1,0,1,0,2,1,4,8,0,0,"NA",0,0,0,0,0,3,0,0,116,0,0,0,0,0,"NA",0,5,2008,"WD","Normal",109500,1,0,0,0,0,0,0
"030","RM",5633,"Pave","Pave",4,"Lvl",4,"Inside",3,"OldTown","Norm","Norm","1Fam","1Story",5,7,1925,1950,"Gable","CompShg","MetalSd","Stucco","None",0,3,3,"BrkTil",3,2,1,1,1,844,"GasA",3,"Y",5,844,0,0,1,0,2,1,3,8,0,0,"Detchd",1,1,216,3,3,1,50,81,123,0,0,0,0,0,"NA",0,7,2006,"WD","Normal",111500,1,1,0,0,0,1,0
"020","RL",14828,"Pave","NA",3,"Lvl",4,"Corner",3,"NridgHt","Norm","Norm","1Fam","1Story",9,5,2004,2005,"Hip","CompShg","MetalSd","MetalSd","BrkFace",674,5,3,"PConc",5,3,4,6,1,1780,"GasA",5,"Y",5,1780,1,0,2,0,2,1,5,8,1,4,"Attchd",3,3,816,3,3,3,144,68,0,0,0,0,0,0,"NA",0,8,2006,"WD","Normal",378000,1,1,1,0,0,0,1
"020","RL",10950,"Pave","NA",4,"Lvl",4,"Inside",3,"NAmes","Norm","Norm","1Fam","1Story",5,7,1952,1952,"Gable","CompShg","WdShing","Wd Shng","None",0,3,3,"CBlock",3,3,1,4,1,864,"GasA",3,"Y",5,1064,0,1,1,0,2,1,2,8,0,0,"Detchd",1,1,318,3,3,3,0,0,0,0,0,0,0,0,"NA",0,5,2010,"WD","Normal",135000,1,1,0,0,0,0,0
"020","RL",14442,"Pave","NA",4,"Lvl",4,"Inside",3,"Crawfor","Norm","Norm","1Fam","1Story",6,7,1957,2004,"Hip","CompShg","CemntBd","CmentBd","BrkFace",106,3,3,"PConc",3,3,1,6,1,1477,"GasA",5,"Y",5,1839,1,0,2,0,3,1,4,8,2,3,"Attchd",3,2,416,3,3,3,0,87,0,0,200,0,0,0,"NA",0,6,2007,"WD","Normal",257500,1,1,1,0,0,0,1
"060","RL",11700,"Pave","NA",4,"Lvl",4,"Corner",3,"NWAmes","Norm","Norm","1Fam","2Story",6,6,1968,1968,"Gable","CompShg","HdBoard","HdBoard","BrkFace",420,3,3,"CBlock",3,3,1,5,1,708,"GasA",4,"Y",5,1416,0,0,2,1,3,1,3,8,1,3,"Attchd",2,2,776,3,3,3,0,169,0,0,119,0,0,0,"NA",0,5,2006,"WD","Normal",179900,1,1,1,0,0,0,1
"020","RL",8450,"Pave","NA",4,"Lvl",4,"Inside",3,"NAmes","Norm","Norm","1Fam","1Story",5,6,1968,1968,"Gable","CompShg","VinylSd","VinylSd","None",0,3,3,"CBlock",3,3,1,4,1,1056,"GasA",5,"Y",5,1056,1,0,1,0,3,1,3,8,1,2,"Attchd",1,1,304,3,3,3,0,85,184,0,0,0,0,0,"NA",0,7,2010,"WD","Normal",142000,1,1,1,0,0,0,0
"060","RL",9313,"Pave","NA",3,"Lvl",4,"Inside",3,"CollgCr","Norm","Norm","1Fam","2Story",7,5,2004,2004,"Gable","CompShg","VinylSd","VinylSd","None",0,4,3,"PConc",4,3,1,1,1,864,"GasA",5,"Y",5,1728,0,0,2,1,3,1,4,8,0,0,"Attchd",2,2,572,3,3,3,187,56,0,0,0,0,0,0,"NA",0,4,2009,"WD","Normal",190000,1,1,0,0,0,0,0
"160","RL",2349,"Pave","NA",4,"Lvl",4,"Inside",3,"NPkVill","Norm","Norm","Twnhs","2Story",6,5,1977,1977,"Gable","CompShg","Plywood","Brk Cmn","None",0,3,3,"CBlock",4,3,1,5,1,855,"GasA",3,"Y",5,1456,0,0,2,1,3,1,3,8,1,3,"Attchd",1,2,440,3,3,3,0,28,0,0,0,0,0,0,"NA",0,5,2009,"WD","Normal",137900,1,1,1,0,0,0,0
"060","RL",10120,"Pave","NA",4,"Lvl",4,"Inside",3,"NoRidge","Norm","Norm","1Fam","2Story",8,5,1994,1994,"Hip","CompShg","VinylSd","VinylSd","BrkFace",391,4,3,"PConc",4,3,1,6,1,1165,"GasA",5,"Y",5,2526,1,0,2,1,4,1,4,8,1,3,"Attchd",2,3,844,3,3,3,309,78,0,0,0,0,0,0,"NA",0,12,2006,"WD","Normal",290000,1,1,1,0,0,0,1
"020","RL",10739,"Pave","NA",3,"Lvl",4,"Inside",3,"CollgCr","Norm","Norm","1Fam","1Story",7,5,2002,2002,"Gable","CompShg","VinylSd","VinylSd","BrkFace",68,4,3,"PConc",4,3,1,6,1,1431,"GasA",5,"Y",5,1444,1,0,2,0,3,1,4,8,0,0,"Attchd",2,2,577,3,3,3,144,40,0,0,0,0,0,0,"NA",0,4,2009,"WD","Normal",203000,1,1,0,0,0,0,1
"050","RM",9000,"Pave","NA",4,"Bnk",4,"Inside",3,"IDOTRR","Norm","Norm","1Fam","1.5Fin",6,6,1937,1950,"Gable","CompShg","Wd Sdng","Wd Sdng","None",0,3,4,"PConc",3,3,1,1,1,780,"GasA",3,"Y",5,1375,0,0,1,1,3,1,4,8,1,4,"Detchd",1,1,544,3,3,2,0,162,0,0,126,0,0,0,"NA",0,12,2007,"WD","Normal",141000,1,1,1,0,0,0,0
"060","RL",9066,"Pave","NA",3,"Lvl",4,"Inside",3,"CollgCr","Norm","Norm","1Fam","2Story",8,5,1999,2000,"Gable","CompShg","VinylSd","VinylSd","BrkFace",320,4,3,"PConc",4,3,2,6,1,1004,"GasA",5,"Y",5,1852,0,0,2,1,3,1,4,8,2,3,"Attchd",3,3,660,3,3,3,224,106,0,0,0,0,0,4,"NA",0,12,2008,"WD","Normal",230000,1,1,1,0,1,0,1
"120","RL",10846,"Pave","NA",3,"Lvl",4,"CulDSac",3,"Veenker","Norm","Norm","TwnhsE","1Story",8,5,1993,1993,"Gable","CompShg","BrkFace","BrkFace","None",0,4,3,"PConc",4,3,4,6,1,1719,"GasA",5,"Y",5,1719,2,0,1,1,1,1,4,8,2,4,"Attchd",3,2,473,3,3,3,122,30,0,0,0,0,0,0,"NA",0,5,2008,"Con","Normal",324000,1,1,1,0,0,0,0
"020","RL",8685,"Pave","NA",3,"Lvl",4,"CulDSac",3,"CollgCr","Norm","Norm","1Fam","1Story",7,5,1998,1998,"Gable","CompShg","VinylSd","VinylSd","None",0,3,3,"PConc",4,3,2,6,1,1425,"GasA",5,"Y",5,1425,1,0,2,0,3,1,3,8,0,0,"Attchd",2,2,591,3,3,3,0,130,0,0,0,0,0,0,"NA",0,5,2006,"WD","Normal",193000,1,1,0,0,0,0,0
"060","RL",14670,"Pave","NA",4,"Lvl",4,"Inside",3,"NAmes","Norm","Norm","1Fam","2Story",6,7,1966,1999,"Gable","CompShg","VinylSd","VinylSd","BrkFace",410,4,4,"CBlock",3,3,1,4,1,1104,"GasA",5,"Y",5,1988,0,0,2,1,4,1,4,8,1,4,"Attchd",2,2,480,3,3,3,0,230,0,0,0,0,0,3,"NA",0,8,2008,"WD","Normal",227000,1,1,1,0,1,0,1
"020","RL",8050,"Pave","NA",4,"Lvl",4,"Inside",3,"Edwards","Norm","Norm","1Fam","1Story",6,5,2002,2002,"Gable","CompShg","VinylSd","VinylSd","None",0,3,3,"PConc",4,3,3,6,5,914,"GasA",5,"Y",5,914,1,0,1,0,2,1,4,8,0,0,"NA",0,0,0,0,0,1,32,0,0,0,0,0,0,0,"NA",0,4,2006,"WD","Normal",117250,1,0,0,0,0,0,0
"120","RL",7175,"Pave","NA",4,"Lvl",4,"Inside",3,"SawyerW","Norm","Norm","TwnhsE","1Story",6,5,1990,1991,"Gable","CompShg","Plywood","Plywood","None",0,4,3,"PConc",4,3,1,6,1,1398,"GasA",4,"Y",5,1398,1,0,2,0,2,1,4,8,0,0,"Attchd",2,2,542,3,3,3,0,46,0,0,0,0,0,3,"NA",0,7,2006,"WD","Normal",172000,1,1,0,0,1,0,0
"060","RL",9473,"Pave","NA",4,"Lvl",4,"Inside",3,"CollgCr","Norm","Norm","1Fam","2Story",8,5,2002,2002,"Gable","CompShg","VinylSd","VinylSd","None",0,4,3,"PConc",4,3,1,6,1,1128,"GasA",5,"Y",5,2031,1,0,2,1,3,1,4,8,1,4,"Attchd",2,2,577,3,3,3,0,211,0,0,0,0,0,0,"NA",0,3,2008,"WD","Normal",237000,1,1,1,0,0,0,0
"070","RM",10337,"Pave","Pave",3,"Lvl",4,"Inside",3,"OldTown","Norm","Norm","1Fam","2Story",8,9,1910,1999,"Hip","CompShg","VinylSd","VinylSd","None",0,4,4,"BrkTil",3,3,1,1,1,725,"GasA",5,"N",5,1772,0,0,2,1,3,1,4,8,0,0,"Detchd",1,2,816,3,3,3,0,0,0,0,0,0,0,3,"NA",0,5,2007,"WD","Normal",184900,1,1,0,0,1,1,0
"020","RL",7064,"Pave","NA",4,"Lvl",4,"Inside",3,"Sawyer","Norm","Norm","1Fam","1Story",5,6,1977,1977,"Gable","CompShg","Plywood","Plywood","BrkFace",153,3,3,"CBlock",3,3,1,4,1,980,"GasA",3,"Y",5,980,0,0,1,0,3,1,3,8,0,0,"Detchd",1,2,484,3,3,3,192,0,0,0,0,0,0,0,"NA",0,7,2009,"WD","Normal",135000,1,1,0,0,0,0,1
"060","RL",10010,"Pave","NA",4,"Lvl",4,"Inside",3,"NoRidge","Norm","Norm","1Fam","2Story",7,5,1993,1994,"Hip","WdShake","VinylSd","VinylSd","BrkFace",320,4,3,"PConc",4,3,3,4,6,1080,"GasA",5,"Y",5,2197,1,0,2,1,4,1,4,8,1,4,"Attchd",3,3,783,3,3,3,385,99,0,0,0,0,0,0,"NA",0,7,2008,"WD","Normal",287500,1,1,1,0,0,0,1
"060","RL",10832,"Pave","NA",3,"Lvl",4,"Corner",3,"Gilbert","Norm","Norm","1Fam","2Story",7,5,1994,1996,"Gable","CompShg","MetalSd","MetalSd","None",0,4,3,"PConc",4,3,1,1,1,712,"GasA",5,"Y",5,1895,0,0,2,1,3,1,4,8,1,3,"Attchd",3,2,409,3,3,3,143,46,0,0,0,0,0,0,"Shed",500,10,2008,"WD","Normal",194500,1,1,1,0,0,0,0
"020","RL",11400,"Pave","NA",4,"Lvl",4,"Inside",3,"NoRidge","Norm","Norm","1Fam","1Story",10,5,2001,2002,"Hip","CompShg","VinylSd","VinylSd","BrkFace",705,5,3,"PConc",5,3,4,6,1,2633,"GasA",5,"Y",5,2633,1,0,2,1,2,1,5,8,2,4,"Attchd",2,3,804,3,3,3,314,140,0,0,0,0,0,0,"NA",0,3,2007,"WD","Normal",466500,1,1,1,0,0,0,1
"160","RM",1890,"Pave","NA",4,"Lvl",4,"Inside",3,"BrDale","Norm","Norm","Twnhs","2Story",6,7,1972,1972,"Gable","CompShg","HdBoard","HdBoard","BrkFace",380,3,3,"CBlock",3,3,1,5,1,494,"GasA",5,"Y",5,1030,0,0,1,1,3,1,3,8,0,0,"Detchd",1,1,264,3,3,3,0,0,0,0,0,0,0,0,"NA",0,7,2006,"WD","Normal",116000,1,1,0,0,0,0,1
"020","RL",8800,"Pave","NA",4,"Lvl",4,"Inside",3,"NAmes","Norm","Norm","1Fam","1Story",7,6,1966,1966,"Hip","CompShg","HdBoard","Plywood","BrkFace",202,3,3,"CBlock",3,3,1,4,1,1174,"GasA",5,"Y",5,1200,0,1,2,0,3,1,3,8,1,3,"Attchd",2,2,440,3,3,3,0,0,0,0,0,0,0,3,"NA",0,10,2007,"CWD","Normal",163500,1,1,1,0,1,0,1
"160","RL",2280,"Pave","NA",4,"Lvl",4,"Inside",3,"NPkVill","Norm","Norm","Twnhs","2Story",6,5,1978,1978,"Gable","CompShg","Plywood","Brk Cmn","None",0,3,3,"CBlock",4,3,1,5,1,855,"GasA",2,"Y",5,1456,0,0,2,1,3,1,3,8,1,3,"Attchd",1,2,440,3,3,3,26,0,0,0,0,0,0,0,"NA",0,7,2010,"WD","Normal",146000,1,1,1,0,0,0,0
"020","RL",11645,"Pave","NA",4,"Lvl",4,"Inside",3,"CollgCr","Norm","Norm","1Fam","1Story",7,5,2005,2005,"Gable","CompShg","VinylSd","VinylSd","None",0,4,3,"PConc",4,3,3,6,1,1734,"GasA",5,"Y",5,1734,1,0,2,0,3,1,4,8,0,0,"Attchd",3,2,660,3,3,3,160,24,0,0,0,0,0,0,"NA",0,1,2006,"WD","Normal",260000,1,1,0,0,0,0,0
"020","RL",9600,"Pave","NA",4,"Lvl",4,"Inside",3,"NAmes","Norm","Norm","1Fam","1Story",5,6,1956,1956,"Hip","CompShg","MetalSd","MetalSd","None",0,3,3,"CBlock",3,3,1,3,1,1050,"GasA",4,"Y",5,1050,0,0,1,0,2,1,3,8,0,0,"Attchd",1,1,338,3,3,3,0,0,0,0,0,0,0,0,"NA",0,6,2009,"WD","Normal",128900,1,1,0,0,0,0,0
"020","RL",36500,"Pave","NA",3,"Low",4,"Inside",2,"ClearCr","Norm","Norm","1Fam","1Story",5,5,1964,1964,"Gable","CompShg","Wd Sdng","Wd Sdng","BrkCmn",621,3,4,"CBlock",3,3,3,3,1,1624,"GasA",2,"Y",5,1582,0,1,2,0,4,1,3,8,0,0,"Attchd",1,2,390,3,3,1,168,198,0,0,0,0,0,0,"NA",0,6,2006,"WD","Normal",190000,1,1,0,0,0,0,1
"020","RL",9600,"Pave","NA",4,"Lvl",4,"Inside",3,"NAmes","Feedr","Norm","1Fam","1Story",6,6,1958,1988,"Hip","CompShg","Wd Sdng","Wd Sdng","BrkCmn",183,3,3,"CBlock",3,3,1,3,2,1240,"GasA",4,"Y",5,1632,1,0,2,0,3,1,3,7,1,4,"Attchd",2,1,338,3,3,3,289,0,0,0,0,0,0,3,"NA",0,4,2009,"WD","Normal",139000,1,1,1,0,1,0,1
"030","RH",4270,"Pave","NA",4,"Bnk",4,"Inside",2,"Edwards","Norm","Norm","1Fam","1Story",3,6,1931,2006,"Gable","CompShg","MetalSd","MetalSd","None",0,3,3,"BrkTil",3,3,1,3,1,544,"GasA",5,"Y",5,774,0,0,1,0,3,1,4,8,0,0,"NA",0,0,0,0,0,3,0,0,286,0,0,0,0,0,"NA",0,5,2007,"WD","Normal",79000,1,0,0,0,0,0,0
"020","RM",8516,"Pave","NA",4,"Lvl",4,"Inside",3,"OldTown","Norm","Norm","1Fam","1Story",4,6,1958,2006,"Gable","CompShg","MetalSd","MetalSd","None",0,3,3,"CBlock",3,3,1,1,1,869,"GasA",3,"Y",5,1093,0,0,1,0,2,1,3,8,0,0,"Detchd",1,1,308,3,3,3,0,0,0,0,0,0,0,0,"NA",0,5,2008,"WD","Normal",115500,1,1,0,0,0,0,0
"060","RL",10616,"Pave","NA",3,"Lvl",4,"Inside",3,"CollgCr","Norm","Norm","1Fam","2Story",7,5,2007,2007,"Gable","CompShg","VinylSd","VinylSd","None",0,4,3,"PConc",4,3,1,1,1,628,"GasA",5,"Y",5,1356,0,0,2,1,3,1,4,8,1,4,"BuiltIn",3,2,484,3,3,3,100,24,0,0,0,0,0,0,"NA",0,3,2008,"New","Partial",177439,1,1,1,0,0,0,0
"050","RM",6000,"Pave","NA",4,"Lvl",4,"Inside",3,"BrkSide","Norm","Norm","1Fam","1.5Fin",6,9,1937,2000,"Gable","CompShg","MetalSd","MetalSd","None",0,4,3,"BrkTil",3,3,1,1,1,698,"GasA",3,"Y",5,1176,0,0,1,0,2,1,3,8,0,0,"Detchd",1,2,624,3,3,1,210,0,0,0,0,0,0,0,"NA",0,7,2009,"WD","Normal",134900,1,1,0,0,0,0,0
"060","RL",9375,"Pave","NA",4,"Lvl",4,"Inside",3,"CollgCr","Norm","Norm","1Fam","2Story",7,5,1997,1997,"Gable","CompShg","VinylSd","VinylSd","None",0,4,3,"PConc",4,3,1,1,1,1040,"GasA",5,"Y",5,2098,0,0,2,1,4,1,4,8,1,3,"Attchd",3,2,621,3,3,3,331,38,0,0,0,0,0,0,"NA",0,4,2010,"WD","Normal",240000,1,1,1,0,0,0,0
"120","RL",5118,"Pave","NA",3,"HLS",4,"Inside",3,"StoneBr","Norm","Norm","TwnhsE","1Story",8,5,1990,1990,"Gable","CompShg","CemntBd","CmentBd","None",0,4,3,"PConc",4,3,4,6,1,1312,"GasA",4,"Y",5,1321,1,0,1,0,1,1,4,8,1,3,"Attchd",2,2,484,3,3,3,0,64,140,0,0,0,0,0,"NA",0,8,2007,"WD","Normal",212000,1,1,1,0,0,0,0
"020","RL",11447,"Pave","NA",3,"Lvl",4,"Inside",3,"Timber","Norm","Norm","1Fam","1Story",8,5,2005,2006,"Gable","CompShg","VinylSd","VinylSd","BrkFace",674,4,3,"PConc",5,3,3,6,1,1964,"GasA",5,"Y",5,1964,1,0,2,1,3,1,4,8,1,4,"Attchd",3,3,892,3,3,3,0,265,0,0,0,0,0,0,"NA",0,6,2008,"WD","Normal",370000,1,1,1,0,0,0,1
"060","RL",11103,"Pave","NA",3,"Lvl",4,"Corner",3,"CollgCr","Norm","Norm","1Fam","2Story",7,5,2006,2006,"Gable","CompShg","VinylSd","VinylSd","None",0,4,3,"PConc",4,3,1,1,1,728,"GasA",5,"Y",5,1456,0,0,2,1,3,1,4,8,1,3,"Attchd",3,2,440,3,3,3,0,0,0,0,0,0,0,0,"NA",0,7,2007,"New","Partial",155835,1,1,1,0,0,0,0
"060","RL",12227,"Pave","NA",3,"Lvl",4,"Corner",3,"NWAmes","PosN","Norm","1Fam","2Story",6,7,1977,1995,"Gable","CompShg","HdBoard","HdBoard","BrkFace",424,3,4,"CBlock",4,4,1,5,1,1330,"GasA",3,"Y",5,2872,1,0,2,1,4,1,3,8,1,3,"Attchd",3,2,619,3,3,3,550,282,0,0,0,0,0,0,"NA",0,7,2008,"WD","Normal",272000,1,1,1,0,0,0,1
"060","RL",11194,"Pave","NA",3,"Lvl",4,"Corner",3,"Gilbert","Norm","Norm","1Fam","2Story",8,5,2000,2000,"Gable","CompShg","VinylSd","VinylSd","BrkFace",40,4,3,"PConc",4,3,1,1,1,1406,"GasA",5,"Y",5,1936,0,0,2,1,3,1,4,8,1,3,"Attchd",2,2,504,3,3,3,188,124,0,0,0,0,0,0,"NA",0,11,2006,"WD","Normal",230500,1,1,1,0,0,0,1
"090","RL",10530,"Pave","NA",4,"Lvl",4,"Inside",3,"Mitchel","Norm","Norm","Duplex","SFoyer",6,5,1977,1977,"Gable","CompShg","Plywood","ImStucc","BrkFace",90,3,3,"CBlock",4,3,4,6,1,975,"GasA",3,"Y",5,1004,1,0,1,0,2,1,3,8,0,0,"Attchd",1,2,504,3,3,3,0,0,0,0,0,0,0,0,"NA",0,5,2006,"WD","Normal",135000,1,1,0,0,0,0,1
"020","RL",10140,"Pave","NA",4,"Lvl",4,"Inside",3,"NWAmes","Norm","Norm","1Fam","1Story",6,5,1974,1974,"Hip","CompShg","HdBoard","HdBoard","BrkFace",174,3,3,"CBlock",4,3,1,1,1,1064,"GasA",3,"Y",5,1350,0,0,2,0,3,1,3,8,1,3,"Attchd",2,2,478,3,3,3,0,0,0,0,0,0,0,3,"NA",0,8,2009,"WD","Normal",165000,1,1,1,0,1,0,1
"120","RL",4043,"Pave","NA",4,"Lvl",4,"Inside",3,"NPkVill","Norm","Norm","TwnhsE","1Story",6,5,1975,1975,"Gable","CompShg","Plywood","Plywood","None",0,3,3,"CBlock",4,3,1,5,4,1069,"GasA",4,"Y",5,1069,0,1,2,0,2,1,3,8,1,1,"Attchd",2,2,440,3,3,3,0,55,0,0,225,0,0,0,"NA",0,7,2006,"WD","Normal",146300,1,1,1,0,0,0,0
"020","RL",13695,"Pave","NA",4,"Lvl",4,"Inside",3,"SawyerW","RRAe","Norm","1Fam","1Story",6,5,2003,2004,"Gable","CompShg","VinylSd","VinylSd","None",0,3,3,"PConc",4,3,1,6,1,1114,"GasA",5,"Y",5,1114,1,0,1,0,3,1,4,8,0,0,"Detchd",1,2,576,3,3,3,0,78,0,0,0,0,0,0,"NA",0,7,2008,"WD","Normal",155000,1,1,0,0,0,0,0
"070","RL",7230,"Pave","NA",4,"Lvl",4,"Inside",3,"Crawfor","Norm","Norm","1Fam","2.5Unf",7,7,1927,1992,"Gable","CompShg","VinylSd","VinylSd","None",0,3,3,"BrkTil",3,3,1,1,1,851,"GasA",4,"Y",5,1718,0,0,2,1,4,1,4,8,1,3,"Detchd",1,2,264,3,3,3,291,0,60,0,153,0,0,4,"NA",0,10,2007,"WD","Normal",238000,1,1,1,0,1,0,0
"045","RM",5000,"Pave","NA",4,"Lvl",4,"Inside",3,"IDOTRR","RRAe","Norm","1Fam","1.5Unf",5,6,1941,1950,"Gable","CompShg","MetalSd","MetalSd","None",0,3,3,"CBlock",3,3,3,4,1,720,"GasA",1,"N",2,803,0,0,1,0,2,1,3,8,0,0,"Detchd",1,2,360,3,3,3,0,0,244,0,0,0,0,0,"NA",0,12,2007,"WD","Normal",87000,1,1,0,0,0,0,0
"020","RL",8100,"Pave","NA",4,"Lvl",4,"Inside",3,"Sawyer","Feedr","Norm","1Fam","1Story",5,8,1961,2007,"Gable","CompShg","Wd Sdng","Wd Sdng","None",0,3,4,"CBlock",3,3,1,5,1,864,"GasA",5,"Y",5,864,1,0,1,0,3,1,4,8,1,3,"Detchd",1,1,420,3,3,3,132,0,0,0,0,0,0,0,"NA",0,7,2008,"WD","Normal",135000,1,1,1,0,0,0,0
"020","FV",8736,"Pave","NA",3,"Lvl",4,"Inside",3,"Somerst","Norm","Norm","1Fam","1Story",7,5,2003,2004,"Gable","CompShg","VinylSd","Wd Shng","None",0,4,3,"PConc",4,3,1,6,5,1553,"GasA",5,"Y",5,1553,1,0,2,0,3,1,4,8,0,0,"Attchd",2,2,588,3,3,3,192,88,0,0,0,0,0,0,"NA",0,8,2009,"WD","Normal",234500,1,1,0,0,0,0,0
"020","RL",17169,"Pave","NA",2,"Lvl",4,"CulDSac",3,"NridgHt","Norm","Norm","1Fam","1Story",10,5,2007,2007,"Hip","CompShg","CemntBd","CmentBd","BrkFace",970,5,3,"PConc",5,3,3,6,1,2320,"GasA",5,"Y",5,2290,2,0,2,1,2,1,5,8,1,4,"Attchd",3,3,1174,3,3,3,192,30,0,0,0,0,0,0,"NA",0,8,2007,"New","Partial",500067,1,1,1,0,0,0,1
"020","RL",8760,"Pave","NA",4,"Lvl",4,"Inside",3,"CollgCr","Norm","Norm","1Fam","1Story",8,5,2006,2006,"Gable","CompShg","VinylSd","VinylSd","BrkFace",132,4,3,"PConc",4,3,1,6,1,1489,"GasA",5,"Y",5,1500,0,0,2,0,3,1,4,8,1,4,"Attchd",2,2,674,3,3,3,144,38,0,0,0,0,0,0,"NA",0,6,2007,"WD","Normal",212999,1,1,1,0,0,0,1
"020","RL",8400,"Pave","NA",4,"Lvl",4,"Inside",3,"NAmes","Norm","Norm","1Fam","1Story",6,3,1957,1957,"Hip","CompShg","BrkFace","BrkFace","None",0,3,3,"CBlock",3,3,1,5,3,1478,"GasA",4,"Y",5,1478,1,0,1,1,3,1,3,8,2,4,"Attchd",2,2,442,3,3,3,114,0,0,0,216,0,0,0,"NA",0,6,2009,"WD","Normal",156500,1,1,1,0,0,0,0
"160","RM",3363,"Pave","NA",4,"Lvl",4,"Inside",3,"Edwards","Norm","Norm","TwnhsE","2Story",7,5,2004,2004,"Gable","CompShg","VinylSd","VinylSd","Stone",117,4,3,"PConc",4,3,1,1,1,976,"GasA",5,"Y",5,1708,0,0,2,0,3,1,4,4,0,0,"Detchd",1,2,380,3,3,3,0,40,0,0,0,0,0,0,"NA",0,4,2006,"WD","Normal",130000,1,1,0,0,0,0,1
"060","RL",9649,"Pave","NA",3,"Lvl",4,"Inside",3,"Gilbert","Norm","Norm","1Fam","2Story",6,5,1999,2000,"Gable","CompShg","VinylSd","VinylSd","None",0,3,3,"PConc",4,3,1,1,1,941,"GasA",5,"Y",5,1644,0,0,2,1,3,1,3,8,1,3,"Attchd",2,2,460,3,3,3,460,42,0,0,0,0,0,0,"NA",0,5,2007,"WD","Normal",185000,1,1,1,0,0,0,0
"120","RL",10307,"Pave","NA",3,"Lvl",4,"Inside",3,"NridgHt","Norm","Norm","TwnhsE","1Story",7,5,2007,2008,"Gable","CompShg","VinylSd","VinylSd","Stone",176,4,3,"PConc",4,3,1,6,1,1350,"GasA",5,"Y",5,1358,1,0,2,0,2,1,4,8,1,4,"Attchd",2,2,484,3,3,3,192,26,0,0,0,0,0,0,"NA",0,5,2009,"WD","Normal",212500,1,1,1,0,0,0,1
"050","RL",15660,"Pave","NA",3,"Lvl",4,"Corner",3,"Crawfor","Norm","Norm","1Fam","1.5Fin",7,9,1939,2006,"Gable","CompShg","VinylSd","VinylSd","BrkFace",312,4,4,"CBlock",3,3,1,4,1,798,"GasA",5,"Y",5,1954,0,1,1,1,3,1,4,8,2,3,"Attchd",1,2,431,3,3,3,0,119,150,0,0,0,0,0,"NA",0,5,2008,"WD","Normal",311500,1,1,1,0,0,0,1
"090","RL",8917,"Pave","NA",3,"Lvl",4,"Inside",3,"NAmes","Norm","Norm","Duplex","1Story",5,5,1967,1967,"Gable","CompShg","Plywood","Plywood","None",0,3,3,"CBlock",3,3,1,1,1,1584,"GasA",3,"Y",5,1584,0,0,2,0,4,2,3,8,0,0,"Detchd",1,2,506,3,3,3,0,0,0,0,0,0,0,0,"NA",0,10,2006,"WD","Normal",119000,1,1,0,0,0,0,0
"120","RM",3072,"Pave","NA",4,"Lvl",4,"Inside",3,"Blmngtn","Norm","Norm","TwnhsE","1Story",7,5,2004,2004,"Hip","CompShg","VinylSd","VinylSd","BrkFace",18,4,3,"PConc",4,3,1,6,1,1365,"GasA",5,"Y",5,1548,1,0,2,0,2,1,4,8,1,3,"Attchd",3,2,388,3,3,3,143,20,0,0,0,0,0,0,"NA",0,9,2006,"WD","Normal",225000,1,1,1,0,0,0,1
"060","FV",7500,"Pave","NA",4,"Lvl",4,"Inside",3,"Somerst","RRNn","Norm","1Fam","2Story",8,5,2000,2001,"Gable","CompShg","VinylSd","VinylSd","None",0,4,3,"PConc",4,3,1,1,1,1058,"GasA",5,"Y",5,1874,0,0,2,1,3,1,4,8,1,3,"Attchd",3,2,588,3,3,3,0,134,0,0,0,0,0,0,"NA",0,3,2009,"WD","Normal",220000,1,1,1,0,0,0,0
"050","RM",10320,"Pave","Grvl",4,"Lvl",4,"Inside",3,"IDOTRR","Norm","Norm","1Fam","1.5Fin",6,5,1915,1950,"Gable","CompShg","MetalSd","MetalSd","None",0,3,3,"CBlock",3,2,1,2,1,1138,"GasA",4,"Y",5,2180,0,0,1,1,3,1,3,8,1,4,"Detchd",1,2,720,3,3,1,0,0,170,0,0,0,0,0,"NA",0,5,2007,"WD","Normal",161000,1,1,1,0,0,1,0
"020","RL",11500,"Pave","NA",3,"Lvl",4,"Inside",3,"NAmes","Norm","Norm","1Fam","1Story",6,4,1967,1967,"Gable","CompShg","HdBoard","HdBoard","None",0,2,3,"CBlock",3,2,1,4,3,1040,"GasA",4,"Y",5,1040,1,0,1,0,3,1,3,7,1,1,"Attchd",2,2,480,3,3,3,0,0,156,0,0,0,0,3,"NA",0,5,2009,"WD","Normal",163000,1,1,1,0,1,0,0
"160","RL",5306,"Pave","NA",3,"Lvl",4,"Inside",3,"StoneBr","Norm","Norm","TwnhsE","2Story",7,7,1987,1987,"Gable","CompShg","HdBoard","HdBoard","None",0,4,4,"PConc",4,4,1,6,3,1064,"GasA",4,"Y",5,1767,1,0,2,0,2,1,4,8,1,3,"Attchd",2,2,504,4,3,3,441,35,0,0,0,0,0,0,"NA",0,6,2006,"WD","Normal",239000,1,1,1,0,0,0,0
"020","RL",10400,"Pave","NA",4,"Lvl",4,"Inside",3,"NWAmes","Norm","Norm","1Fam","1Story",7,5,1988,1988,"Gable","CompShg","Wd Sdng","Wd Sdng","BrkFace",102,3,3,"CBlock",4,3,3,6,1,1845,"GasA",4,"Y",5,1872,0,1,2,0,3,1,3,8,1,3,"Attchd",3,2,604,3,3,3,197,39,0,0,0,0,0,0,"NA",0,6,2006,"WD","Normal",241500,1,1,1,0,0,0,1
"020","RL",17600,"Pave","NA",3,"Lvl",4,"Inside",3,"NAmes","Norm","Norm","1Fam","1Story",6,5,1960,1960,"Gable","CompShg","Wd Sdng","Wd Sdng","BrkFace",30,3,3,"CBlock",3,3,1,4,1,1478,"GasA",5,"Y",3,1478,1,0,2,0,3,1,3,8,2,4,"Attchd",1,2,498,3,3,3,0,40,0,0,0,0,0,0,"NA",0,12,2009,"WD","Normal",157500,1,1,1,0,0,0,1
"070","I (all)",56600,"Pave","NA",3,"Low",4,"Inside",3,"IDOTRR","Norm","Norm","1Fam","2.5Unf",5,1,1900,1950,"Hip","CompShg","Wd Sdng","Wd Sdng","None",0,3,3,"BrkTil",3,3,1,1,1,686,"GasA",5,"Y",5,1836,0,0,2,0,4,1,3,4,0,0,"Detchd",1,1,288,3,2,1,0,0,0,0,0,0,0,0,"NA",0,1,2008,"WD","Normal",103000,1,1,0,0,0,0,0
"020","FV",8640,"Pave","NA",4,"Lvl",4,"Inside",3,"Somerst","Norm","Norm","1Fam","1Story",8,5,2007,2007,"Gable","CompShg","VinylSd","VinylSd","None",0,4,3,"PConc",4,3,1,6,1,1338,"GasA",5,"Y",5,1338,0,0,2,0,3,1,4,8,0,0,"Attchd",2,2,598,3,3,3,0,141,0,0,0,0,0,0,"NA",0,11,2007,"New","Partial",208900,1,1,0,0,0,0,0
"020","RL",9600,"Pave","NA",4,"Lvl",4,"Corner",3,"NAmes","Feedr","Norm","1Fam","1Story",5,5,1968,1968,"Gable","CompShg","MetalSd","MetalSd","None",0,3,3,"CBlock",3,3,1,5,1,1051,"GasA",4,"Y",5,1051,1,0,1,0,3,1,3,8,0,0,"Attchd",2,2,504,3,3,3,0,0,0,0,0,0,0,0,"NA",0,7,2006,"WD","Normal",142000,1,1,0,0,0,0,0
"020","RL",8540,"Pave","NA",4,"Lvl",4,"Corner",3,"NAmes","Norm","Norm","1Fam","1Story",5,8,1956,2003,"Gable","CompShg","VinylSd","VinylSd","None",0,3,4,"CBlock",3,3,1,3,5,925,"GasA",3,"Y",5,925,1,0,1,0,3,1,4,8,0,0,"Detchd",1,1,252,3,3,3,152,0,0,0,0,0,0,0,"NA",0,6,2007,"WD","Normal",127000,1,1,0,0,0,0,0
"050","RL",9260,"Pave","Grvl",3,"HLS",4,"Inside",3,"Crawfor","Feedr","Norm","1Fam","1.5Fin",5,4,1938,1950,"Gable","CompShg","Wd Sdng","Wd Sdng","None",0,3,3,"BrkTil",3,3,1,1,1,884,"GasA",3,"Y",2,1374,0,0,1,0,3,1,3,8,0,0,"Detchd",1,1,225,3,3,3,64,0,0,0,100,0,0,0,"NA",0,3,2008,"WD","Normal",110000,1,1,0,0,0,1,0
"060","RL",8461,"Pave","NA",4,"Lvl",4,"Inside",3,"CollgCr","Norm","Norm","1Fam","2Story",6,5,2005,2006,"Gable","CompShg","VinylSd","VinylSd","None",0,4,3,"PConc",4,3,1,1,1,728,"GasA",5,"Y",5,1456,0,0,2,1,3,1,4,8,1,4,"Attchd",3,2,390,3,3,3,0,24,0,0,0,0,0,0,"NA",0,7,2006,"New","Partial",163990,1,1,1,0,0,0,0
"050","RL",9490,"Pave","NA",4,"Lvl",4,"Inside",3,"NAmes","Artery","Norm","1Fam","1.5Fin",6,7,1941,1950,"Gable","CompShg","Wd Sdng","Wd Sdng","None",0,3,3,"CBlock",3,3,1,4,3,806,"GasA",3,"Y",3,1578,1,0,1,0,3,1,2,8,2,3,"Attchd",1,1,240,3,3,3,0,0,32,0,0,0,0,3,"NA",0,8,2006,"WD","Normal",133000,1,1,1,0,1,0,0
"030","RL",6292,"Pave","NA",4,"Bnk",4,"Inside",3,"SWISU","Norm","Norm","1Fam","1Story",6,5,1930,1950,"Gable","CompShg","Wd Sdng","Wd Sdng","None",0,3,3,"BrkTil",4,3,2,3,1,768,"GasA",3,"N",5,790,0,0,1,0,2,1,3,8,0,0,"Detchd",1,1,160,2,3,3,0,141,0,0,0,0,0,0,"NA",0,4,2008,"WD","Normal",91000,1,1,0,0,0,0,0
"020","RL",8767,"Pave","NA",3,"Lvl",4,"Inside",3,"CollgCr","Norm","Norm","1Fam","1Story",7,5,2005,2005,"Gable","CompShg","VinylSd","VinylSd","None",0,4,3,"PConc",4,3,3,6,1,1310,"GasA",5,"Y",5,1310,0,0,2,0,3,1,4,8,1,4,"Attchd",3,2,400,3,3,3,0,0,0,0,0,0,0,0,"NA",0,7,2006,"New","Partial",164990,1,1,1,0,0,0,0
"020","RL",14450,"Pave","NA",4,"Lvl",4,"Inside",3,"NridgHt","Norm","Norm","1Fam","1Story",9,5,2006,2007,"Gable","CompShg","CemntBd","CmentBd","BrkFace",315,5,3,"PConc",5,3,4,1,1,2121,"GasA",5,"Y",5,2121,0,0,2,1,3,1,5,8,1,5,"Attchd",3,3,732,3,3,3,124,98,0,0,142,0,0,0,"NA",0,5,2007,"New","Partial",415298,1,1,1,0,0,0,1
"030","RM",6978,"Pave","NA",4,"Bnk",4,"Inside",3,"OldTown","Artery","Norm","1Fam","1Story",5,7,1926,1980,"Gable","CompShg","MetalSd","MetalSd","None",0,4,4,"BrkTil",3,3,1,1,1,850,"GasA",3,"Y",5,960,0,0,1,0,2,1,3,8,0,0,"Detchd",2,2,576,3,3,3,0,0,116,0,0,0,0,0,"NA",0,4,2007,"WD","Normal",103000,1,1,0,0,0,0,0
"020","RL",10175,"Pave","NA",3,"Lvl",4,"Inside",3,"NAmes","Norm","Norm","1Fam","1Story",6,5,1964,1964,"Gable","CompShg","HdBoard","Plywood","BrkFace",272,3,3,"CBlock",3,3,1,4,1,1425,"GasA",4,"Y",5,1425,0,0,2,0,3,1,3,8,1,4,"Attchd",2,2,576,3,3,3,0,0,0,407,0,0,0,0,"NA",0,7,2008,"WD","Normal",180500,1,1,1,0,0,0,1
"060","RL",12858,"Pave","NA",3,"Lvl",4,"Inside",3,"NridgHt","Norm","Norm","1Fam","2Story",9,5,2009,2010,"Gable","CompShg","VinylSd","VinylSd","Stone",162,5,3,"PConc",5,3,1,1,1,1590,"GasA",5,"Y",5,2334,0,0,2,1,3,1,5,8,1,4,"Attchd",3,3,751,3,3,3,144,133,0,0,0,0,0,0,"NA",0,1,2010,"New","Partial",376162,1,1,1,0,0,0,1
"060","RL",23303,"Pave","NA",1,"Lvl",4,"CulDSac",3,"NridgHt","Norm","Norm","1Fam","2Story",8,5,2007,2007,"Gable","CompShg","VinylSd","VinylSd","Stone",20,4,3,"PConc",5,3,3,6,1,1508,"GasA",5,"Y",5,2520,1,0,2,1,5,1,5,8,1,4,"BuiltIn",3,3,640,3,3,3,192,273,0,0,0,0,0,0,"NA",0,6,2009,"WD","Family",409900,1,1,1,0,0,0,1
"060","RL",11025,"Pave","NA",4,"Lvl",4,"Inside",3,"NoRidge","Norm","Norm","1Fam","1.5Fin",9,5,1993,1994,"Hip","CompShg","Wd Sdng","Wd Sdng","BrkFace",568,4,3,"PConc",4,3,4,4,1,1848,"GasA",5,"Y",5,2786,1,0,2,1,4,1,4,8,1,5,"Attchd",3,2,636,3,3,3,294,49,0,0,0,0,0,0,"NA",0,6,2008,"WD","Normal",372500,1,1,1,0,0,0,1
"020","RL",15783,"Pave","NA",4,"Lvl",4,"Inside",3,"OldTown","Artery","Norm","1Fam","1Story",5,5,1952,1952,"Gable","CompShg","Wd Sdng","Wd Sdng","None",0,3,3,"CBlock",3,3,1,3,1,924,"GasA",3,"Y",5,924,0,0,1,0,2,1,3,8,0,0,"Detchd",1,1,420,3,3,3,0,324,0,0,0,0,0,3,"Shed",400,6,2007,"WD","Normal",112500,1,1,0,0,1,0,0
"030","RM",8100,"Pave","Pave",4,"Lvl",4,"Inside",3,"OldTown","Norm","Norm","1Fam","1Story",5,6,1948,1973,"Gable","CompShg","VinylSd","VinylSd","None",0,3,3,"BrkTil",3,3,1,3,1,1559,"GasA",4,"Y",5,1559,1,0,1,0,2,1,3,6,0,0,"Detchd",1,2,812,3,3,3,0,116,230,0,0,0,0,2,"NA",0,6,2007,"COD","Normal",153500,1,1,0,0,1,1,0
"120","RH",10943,"Pave","NA",2,"Lvl",4,"FR2",3,"NAmes","Norm","Norm","TwnhsE","1Story",6,5,1997,1998,"Gable","CompShg","MetalSd","MetalSd","None",0,4,3,"PConc",4,3,1,6,1,1405,"GasA",5,"Y",5,1337,1,0,2,0,2,1,4,8,1,3,"Attchd",3,2,522,3,3,3,0,68,0,0,0,0,0,0,"NA",0,10,2007,"WD","Normal",177000,1,1,1,0,0,0,0
"120","RL",7892,"Pave","NA",4,"Lvl",4,"Inside",3,"SawyerW","Norm","Norm","TwnhsE","1Story",6,5,1979,1979,"Gable","CompShg","Plywood","Plywood","None",0,3,3,"CBlock",4,3,1,1,1,918,"GasA",3,"Y",5,918,0,0,2,0,2,1,3,8,1,3,"Attchd",1,1,264,3,3,3,28,0,0,0,0,0,0,0,"NA",0,4,2010,"WD","Normal",99500,1,1,1,0,0,0,0
"020","RL",8197,"Pave","NA",4,"Lvl",4,"Inside",3,"Sawyer","Norm","Norm","1Fam","1Story",6,5,1977,1977,"Gable","CompShg","Plywood","Plywood","BrkFace",148,3,3,"CBlock",3,3,1,1,1,660,"GasA",5,"Y",5,1285,0,0,1,1,3,1,3,8,1,3,"Attchd",2,2,528,3,3,3,138,0,0,0,0,0,0,3,"NA",0,4,2007,"WD","Normal",143500,1,1,1,0,1,0,1
"030","RL",5400,"Pave","NA",4,"Lvl",4,"Inside",3,"OldTown","Artery","Norm","1Fam","1Story",2,5,1940,1950,"Gable","CompShg","Stucco","Stucco","None",0,2,3,"PConc",2,3,1,1,1,416,"GasA",4,"N",3,599,1,0,1,0,2,1,4,8,0,0,"NA",0,0,0,0,0,1,0,81,0,0,0,0,0,0,"NA",0,6,2009,"WD","Normal",59000,1,0,0,0,0,0,0
"190","RL",13110,"Pave","NA",3,"Lvl",4,"Corner",3,"NWAmes","RRAn","Feedr","2fmCon","1Story",5,6,1972,1972,"Gable","CompShg","Plywood","Plywood","BrkFace",144,3,3,"CBlock",4,3,1,6,1,1153,"GasA",5,"Y",5,1193,1,0,2,0,2,1,3,8,0,0,"Attchd",3,2,501,3,3,3,140,153,0,0,0,0,0,3,"NA",0,7,2006,"WD","Normal",146500,1,1,0,0,1,0,1
"020","RL",18494,"Pave","NA",3,"Lvl",4,"Corner",3,"Gilbert","Norm","Norm","1Fam","1Story",6,5,2005,2005,"Gable","CompShg","VinylSd","VinylSd","None",0,4,3,"PConc",4,3,1,1,1,1324,"GasA",5,"Y",5,1324,0,0,2,0,3,1,4,8,0,0,"Attchd",3,2,430,3,3,3,36,23,0,0,0,0,0,0,"NA",0,1,2010,"WD","Normal",199500,1,1,0,0,0,0,0
"060","RL",14171,"Pave","NA",2,"Lvl",4,"CulDSac",3,"SawyerW","Norm","Norm","1Fam","2Story",7,5,1993,1994,"Gable","CompShg","VinylSd","VinylSd","None",0,4,3,"PConc",4,3,1,6,1,812,"GasA",5,"Y",5,2200,0,0,2,1,4,1,4,8,1,3,"Attchd",2,2,453,3,3,3,168,98,0,0,0,0,0,0,"NA",0,12,2008,"WD","Normal",225000,1,1,1,0,0,0,0
"020","RM",6000,"Pave","Pave",4,"Bnk",4,"Inside",2,"OldTown","Norm","Norm","2fmCon","1Story",4,4,1953,1953,"Gable","CompShg","MetalSd","MetalSd","None",0,2,3,"CBlock",2,3,1,1,1,936,"GasA",3,"N",5,936,0,0,1,0,2,1,3,6,0,0,"Detchd",1,2,576,3,3,3,0,32,112,0,0,0,0,0,"NA",0,2,2009,"WD","Normal",93000,1,1,0,0,0,1,0
"020","RL",16033,"Pave","NA",3,"Lvl",4,"FR2",3,"NridgHt","Norm","Norm","1Fam","1Story",9,5,2004,2005,"Hip","CompShg","VinylSd","VinylSd","BrkFace",378,4,3,"PConc",5,3,4,6,1,1833,"GasA",5,"Y",5,1850,1,0,2,0,3,1,4,8,1,4,"Attchd",3,3,772,3,3,3,519,112,0,0,0,0,0,0,"NA",0,3,2006,"WD","Normal",326000,1,1,1,0,0,0,1
"030","RM",6324,"Pave","NA",3,"Lvl",4,"Inside",3,"BrkSide","Feedr","RRNn","1Fam","1Story",4,6,1927,1950,"Gable","CompShg","MetalSd","MetalSd","None",0,3,3,"BrkTil",3,3,1,1,1,520,"GasA",2,"N",5,520,0,0,1,0,1,1,2,8,0,0,"Detchd",1,1,240,2,3,3,49,0,87,0,0,0,0,0,"NA",0,5,2008,"WD","Normal",68500,1,1,0,0,0,0,0
"050","RM",9000,"Pave","NA",4,"Lvl",4,"Corner",3,"OldTown","Norm","Norm","1Fam","1.5Fin",5,8,1900,2006,"Gable","CompShg","Stucco","Stucco","None",0,3,3,"BrkTil",3,2,1,4,1,680,"GasA",5,"Y",5,1174,0,0,1,0,2,1,4,8,1,4,"Detchd",1,2,576,3,3,3,116,26,40,0,0,0,0,3,"NA",0,6,2007,"WD","Normal",135000,1,1,1,0,1,0,0
"080","RL",9150,"Pave","NA",3,"Lvl",4,"Corner",3,"NAmes","Norm","Norm","1Fam","SLvl",6,5,1962,1962,"Gable","Tar&Grv","Plywood","Plywood","BrkFace",305,3,3,"CBlock",4,3,4,6,1,1099,"GasA",4,"Y",5,1431,0,1,1,0,3,1,3,8,1,4,"Basment",2,1,296,3,3,3,64,110,0,0,0,0,0,0,"NA",0,12,2008,"WD","Normal",165000,1,1,1,0,0,0,1
"120","RM",6710,"Pave","NA",3,"Lvl",4,"FR3",3,"Mitchel","Norm","Norm","TwnhsE","SFoyer",6,5,1996,1997,"Gable","CompShg","VinylSd","VinylSd","BrkFace",134,3,3,"PConc",5,3,3,3,6,920,"GasA",5,"Y",5,936,2,0,0,1,0,1,3,8,0,0,"Attchd",3,2,460,3,3,3,0,40,0,0,0,0,0,0,"NA",0,6,2007,"WD","Normal",140000,1,1,0,0,0,0,1
"060","RL",20544,"Pave","NA",3,"Lvl",4,"CulDSac",3,"NWAmes","Norm","Norm","1Fam","2Story",7,6,1986,1991,"Gable","CompShg","Plywood","Plywood","BrkFace",123,3,4,"CBlock",4,3,1,1,1,791,"GasA",4,"Y",5,2093,0,0,2,1,3,1,3,8,1,3,"Attchd",3,2,542,3,3,3,364,63,0,0,0,0,0,3,"NA",0,11,2008,"WD","Normal",215000,1,1,1,0,1,0,1
"060","RL",12394,"Pave","NA",3,"Lvl",4,"Corner",3,"Gilbert","Norm","Norm","1Fam","2Story",7,5,2003,2003,"Gable","CompShg","VinylSd","VinylSd","None",0,4,3,"PConc",4,3,4,1,1,847,"GasA",5,"Y",5,1733,0,0,2,1,3,1,4,8,1,4,"BuiltIn",3,2,433,3,3,3,100,48,0,0,0,0,0,0,"NA",0,10,2007,"WD","Family",225000,1,1,1,0,0,0,0
"030","RL",10020,"Pave","NA",3,"Low",4,"Inside",1,"Edwards","Norm","Norm","1Fam","1Story",1,1,1922,1950,"Gable","CompShg","Wd Sdng","Wd Sdng","None",0,2,2,"BrkTil",2,1,4,4,1,683,"GasA",4,"N",3,904,1,0,0,1,1,1,2,4,0,0,"NA",0,0,0,0,0,3,0,0,0,0,0,0,0,0,"NA",0,3,2009,"WD","Normal",61000,1,0,0,0,0,0,0
"060","RL",8174,"Pave","NA",3,"Lvl",4,"Inside",3,"Gilbert","Norm","Norm","1Fam","2Story",7,5,2003,2003,"Gable","CompShg","VinylSd","VinylSd","None",0,4,3,"PConc",4,3,1,6,1,698,"GasA",5,"Y",5,1342,1,0,2,1,3,1,4,8,1,3,"Attchd",3,2,393,3,3,3,100,56,0,0,0,0,0,0,"NA",0,5,2009,"WD","Normal",178000,1,1,1,0,0,0,0
"090","RL",8235,"Pave","NA",4,"Lvl",4,"Inside",3,"Sawyer","Norm","Norm","Duplex","1Story",5,4,1977,1977,"Gable","CompShg","Plywood","Plywood","BrkFace",99,3,3,"CBlock",3,3,1,3,1,1949,"GasA",3,"Y",5,1949,0,0,2,0,6,2,3,8,0,0,"Attchd",2,2,586,3,3,3,32,0,0,0,0,0,0,0,"NA",0,5,2006,"WD","Normal",157000,1,1,0,0,0,0,1
"190","C (all)",7200,"Pave","NA",4,"Lvl",4,"Corner",3,"OldTown","Norm","Norm","2fmCon","2.5Unf",6,6,1910,1998,"Hip","CompShg","MetalSd","MetalSd","None",0,3,3,"BrkTil",3,2,2,3,1,1214,"GasW",5,"N",5,2291,0,1,2,0,4,2,3,8,1,4,"Detchd",1,2,506,3,3,3,0,0,0,0,99,0,0,0,"NA",0,11,2007,"WD","Normal",133900,1,1,1,0,0,0,0
"060","RL",10574,"Pave","NA",3,"Lvl",4,"Inside",3,"NridgHt","Norm","Norm","1Fam","2Story",8,5,2004,2004,"Gable","CompShg","VinylSd","VinylSd","Stone",126,4,3,"PConc",5,3,1,6,1,1148,"GasA",5,"Y",5,2332,1,0,2,1,4,1,5,8,1,4,"BuiltIn",3,3,756,3,3,3,224,142,0,0,0,0,0,0,"NA",0,7,2008,"WD","Normal",316000,1,1,1,0,0,0,1
"020","RL",8240,"Pave","NA",4,"Lvl",4,"Inside",3,"Edwards","Norm","Norm","1Fam","1Story",6,6,1960,1960,"Hip","CompShg","HdBoard","HdBoard","Stone",198,3,3,"CBlock",3,3,1,1,1,1179,"GasA",4,"Y",5,1179,0,0,1,0,2,1,3,6,0,0,"Attchd",3,2,622,3,3,2,0,0,0,0,0,0,0,4,"NA",0,6,2007,"WD","Normal",110000,1,1,0,0,1,0,1
"020","RL",26142,"Pave","NA",3,"Lvl",4,"CulDSac",3,"Mitchel","Norm","Norm","1Fam","1Story",5,7,1962,1962,"Gable","CompShg","HdBoard","HdBoard","BrkFace",189,3,3,"CBlock",3,3,1,3,1,1188,"GasA",3,"Y",5,1188,0,0,1,0,3,1,3,8,0,0,"Attchd",1,1,312,3,3,2,261,39,0,0,0,0,0,0,"NA",0,4,2010,"WD","Normal",157900,1,1,0,0,0,0,1
"060","RL",12728,"Pave","NA",4,"Lvl",4,"Inside",3,"CollgCr","Norm","Norm","1Fam","2Story",8,5,2001,2001,"Gable","CompShg","VinylSd","VinylSd","BrkFace",256,4,3,"PConc",4,3,2,6,1,1531,"GasA",5,"Y",5,2439,1,0,2,1,4,1,4,8,1,3,"Attchd",3,2,560,3,3,3,184,121,0,0,0,0,0,0,"NA",0,1,2007,"WD","Normal",275000,1,1,1,0,0,0,1
"160","RM",1950,"Pave","NA",4,"Lvl",4,"Inside",3,"Blueste","Norm","Norm","Twnhs","2Story",6,6,1980,1980,"Gable","CompShg","MetalSd","MetalSd","None",0,3,4,"CBlock",4,3,1,2,6,716,"GasA",3,"Y",5,1556,1,0,2,1,3,1,3,8,1,3,"Attchd",3,2,452,3,3,3,161,0,0,0,0,0,0,4,"NA",0,7,2008,"COD","Normal",151000,1,1,1,0,1,0,0
"020","RL",11194,"Pave","NA",3,"Lvl",4,"Inside",3,"Somerst","PosN","Norm","1Fam","1Story",8,5,2008,2008,"Gable","CompShg","VinylSd","VinylSd","Stone",240,4,3,"PConc",4,3,2,1,1,1696,"GasA",5,"Y",5,1696,0,0,2,0,3,1,4,8,0,0,"Attchd",2,3,972,3,3,3,120,56,0,0,0,0,0,0,"NA",0,9,2009,"WD","Normal",275000,1,1,0,0,0,0,1
"090","RM",8472,"Grvl","NA",2,"Bnk",4,"Corner",2,"IDOTRR","RRNn","Norm","Duplex","1Story",5,5,1963,1963,"Gable","CompShg","Wd Sdng","Wd Sdng","None",0,2,3,"CBlock",4,3,4,2,6,816,"GasA",3,"N",5,816,1,0,1,0,2,1,3,8,0,0,"CarPort",1,2,516,3,3,3,106,0,0,0,0,0,0,0,"NA",0,5,2010,"WD","Normal",110000,1,1,0,0,0,0,0
"050","RL",7000,"Pave","NA",4,"Lvl",4,"Corner",3,"OldTown","Artery","Norm","1Fam","1.5Fin",6,6,1924,1950,"Gable","CompShg","MetalSd","MetalSd","None",0,3,4,"BrkTil",2,3,1,2,1,617,"GasA",4,"Y",5,1310,0,0,2,0,2,1,3,7,0,0,"Attchd",1,1,398,3,3,3,0,0,126,0,0,0,0,0,"NA",0,5,2006,"COD","Normal",112000,1,1,0,0,0,0,0
"070","RM",9600,"Pave","Grvl",4,"Lvl",4,"Inside",3,"OldTown","Norm","Norm","1Fam","2Story",4,2,1900,1950,"Gable","CompShg","AsbShng","Stucco","None",0,3,3,"BrkTil",3,2,1,1,1,1095,"GasW",2,"N",5,1774,1,0,2,0,4,2,3,6,0,0,"2Types",1,3,779,2,2,1,0,0,90,0,0,0,0,0,"NA",0,5,2006,"WD","Normal",87000,1,1,0,0,0,1,0
"060","RL",14215,"Pave","NA",3,"Lvl",4,"Corner",3,"NridgHt","Norm","Norm","1Fam","2Story",8,5,2005,2006,"Gable","CompShg","VinylSd","VinylSd","BrkFace",380,4,3,"PConc",5,3,3,1,1,1158,"GasA",5,"Y",5,2376,0,0,3,1,4,1,4,8,1,4,"BuiltIn",2,3,853,3,3,3,240,154,0,0,0,0,0,0,"NA",0,11,2006,"New","Partial",325300,1,1,1,0,0,0,1
"020","RL",9600,"Pave","NA",4,"Lvl",4,"Inside",3,"NAmes","Norm","Norm","1Fam","1Story",5,5,1967,1967,"Hip","CompShg","HdBoard","HdBoard","None",0,3,3,"CBlock",3,3,1,1,1,1568,"GasA",3,"Y",5,1568,0,0,1,1,3,1,3,8,0,0,"Attchd",1,2,440,3,3,3,160,40,0,0,0,0,0,0,"NA",0,3,2009,"COD","Normal",143000,1,1,0,0,0,0,0
"060","RL",7472,"Pave","NA",3,"Lvl",4,"CulDSac",3,"NAmes","Norm","Norm","1Fam","2Story",7,9,1972,2004,"Gable","CompShg","HdBoard","HdBoard","BrkFace",138,3,3,"CBlock",3,3,1,5,1,725,"GasA",4,"Y",5,1479,1,0,1,1,4,1,4,8,0,0,"Attchd",3,2,484,3,3,3,0,32,0,0,0,0,0,0,"NA",0,6,2007,"WD","Normal",184000,1,1,0,0,0,0,1
"020","RL",11957,"Pave","NA",3,"Lvl",4,"Inside",3,"Somerst","RRAn","Norm","1Fam","1Story",8,5,2006,2006,"Gable","CompShg","VinylSd","VinylSd","BrkFace",53,4,3,"PConc",4,3,1,6,1,1574,"GasA",5,"Y",5,1574,0,0,2,0,3,1,4,8,1,4,"Attchd",2,3,824,3,3,3,144,104,0,0,0,0,0,0,"NA",0,7,2008,"WD","Normal",232000,1,1,1,0,0,0,1
"120","RL",8118,"Pave","NA",4,"HLS",4,"Inside",3,"StoneBr","PosN","PosN","TwnhsE","1Story",9,5,2007,2007,"Hip","CompShg","MetalSd","MetalSd","BrkFace",178,5,3,"PConc",5,3,4,6,1,1710,"GasA",5,"Y",5,1710,1,0,2,0,2,1,5,8,1,4,"Attchd",2,2,557,3,3,3,156,48,0,0,0,0,0,0,"NA",0,7,2008,"WD","Normal",334000,1,1,1,0,0,0,1
"090","RL",8544,"Pave","NA",4,"Lvl",4,"Corner",3,"NAmes","Norm","Norm","Duplex","1Story",3,4,1950,1950,"Gable","CompShg","BrkFace","Stone","None",0,3,3,"Slab",0,0,0,0,0,0,"Wall",2,"N",2,1040,0,0,2,0,2,2,3,8,0,0,"Detchd",1,2,400,3,2,3,0,0,0,0,0,0,0,0,"NA",0,12,2006,"WD","Normal",81400,0,1,0,0,0,0,0
"030","RL",6305,"Pave","NA",4,"Bnk",4,"Inside",3,"Crawfor","Norm","Norm","1Fam","1Story",5,7,1938,1950,"Gable","CompShg","MetalSd","MetalSd","None",0,3,4,"PConc",2,2,1,1,1,920,"GasA",5,"Y",5,954,0,0,1,0,2,1,2,8,1,4,"Basment",1,1,240,2,3,3,0,0,0,0,0,0,0,3,"NA",0,6,2007,"WD","Normal",119750,1,1,1,0,1,0,0
"070","RL",11526,"Pave","NA",3,"Bnk",4,"Inside",2,"Crawfor","Norm","Norm","1Fam","2.5Fin",6,7,1922,1994,"Gable","CompShg","MetalSd","MetalSd","None",0,3,3,"BrkTil",5,3,1,1,1,588,"GasA",2,"Y",5,2555,0,0,2,0,3,1,3,7,1,4,"Detchd",3,2,672,3,3,3,431,0,0,0,0,0,0,0,"NA",0,9,2008,"WD","Normal",191000,1,1,1,0,0,0,0
"050","RL",17360,"Pave","NA",4,"Lvl",4,"Corner",3,"NAmes","Artery","Norm","1Fam","1.5Fin",6,6,1949,1950,"Gable","CompShg","MetalSd","MetalSd","Stone",340,3,4,"CBlock",3,3,1,3,1,782,"GasA",3,"Y",5,1556,0,0,2,0,3,1,3,8,1,4,"Attchd",1,2,470,3,3,3,0,0,150,0,0,0,0,0,"NA",0,1,2010,"WD","Normal",172500,1,1,1,0,0,0,1
"020","RL",7200,"Pave","NA",4,"Bnk",4,"Inside",3,"CollgCr","Norm","Norm","1Fam","1Story",5,7,1972,1972,"Gable","CompShg","HdBoard","HdBoard","None",0,3,3,"CBlock",3,3,3,5,1,780,"GasA",5,"Y",5,780,0,0,1,0,2,1,3,8,0,0,"Detchd",1,1,352,3,3,3,196,0,0,0,0,0,0,3,"NA",0,1,2008,"WD","Normal",124900,1,1,0,0,1,0,0
"020","RL",11027,"Pave","NA",3,"Lvl",4,"Inside",3,"NAmes","Norm","Norm","1Fam","1Story",6,5,1954,1954,"Hip","CompShg","Wd Sdng","Wd Sdng","Stone",28,3,3,"CBlock",3,3,1,4,3,1178,"GasA",4,"Y",5,1293,1,0,2,0,2,1,3,8,0,0,"Attchd",2,2,452,3,3,3,280,0,0,0,0,0,0,0,"NA",0,5,2006,"WD","Normal",149900,1,1,0,0,0,0,1
"030","RL",9340,"Pave","NA",4,"Lvl",4,"Inside",3,"Edwards","Norm","Norm","1Fam","1Story",4,6,1941,1950,"Hip","CompShg","MetalSd","MetalSd","None",0,3,3,"CBlock",3,3,1,3,1,672,"GasA",3,"Y",5,672,1,0,1,0,2,1,3,8,0,0,"Attchd",1,1,234,3,3,1,0,113,0,0,0,0,0,0,"NA",0,8,2009,"WD","Normal",113000,1,1,0,0,0,0,0
"030","RM",3672,"Pave","NA",4,"Lvl",4,"Inside",3,"IDOTRR","Artery","Norm","1Fam","1Story",5,7,1922,1950,"Gable","CompShg","Stucco","Stucco","None",0,3,3,"BrkTil",3,3,1,1,1,816,"GasA",5,"Y",5,816,0,0,1,0,2,1,3,8,0,0,"Detchd",1,1,100,2,2,1,0,0,96,0,0,0,0,0,"NA",0,9,2007,"WD","Normal",75200,1,1,0,0,0,0,0
"060","RL",9545,"Pave","NA",4,"Lvl",4,"Corner",3,"NoRidge","Norm","Norm","1Fam","2Story",8,5,2000,2000,"Gable","CompShg","VinylSd","VinylSd","BrkFace",322,4,3,"PConc",4,3,2,6,1,1160,"GasA",5,"Y",5,2234,1,0,2,1,3,1,4,8,1,3,"BuiltIn",2,3,768,3,3,3,0,50,0,0,0,0,0,0,"NA",0,6,2006,"WD","Normal",3e+05,1,1,1,0,0,0,1
"020","RL",10206,"Pave","NA",4,"Lvl",4,"Corner",3,"Edwards","Norm","Norm","1Fam","1Story",3,3,1952,1952,"Flat","Tar&Grv","BrkComm","Brk Cmn","None",0,3,3,"Slab",0,0,0,0,0,0,"GasW",2,"N",2,944,0,0,1,0,2,1,2,7,0,0,"Detchd",1,2,528,3,2,3,0,0,0,0,0,0,0,0,"NA",0,7,2009,"WD","Normal",82000,0,1,0,0,0,0,0
"060","RL",9535,"Pave","NA",3,"Lvl",4,"Inside",3,"Gilbert","Norm","Norm","1Fam","2Story",6,5,1998,1998,"Gable","CompShg","VinylSd","VinylSd","None",0,3,3,"PConc",4,3,4,6,1,926,"GasA",5,"Y",5,1604,0,0,2,1,3,1,3,8,0,0,"Attchd",3,2,472,3,3,3,100,82,0,0,0,0,0,0,"NA",0,5,2008,"WD","Normal",195500,1,1,0,0,0,0,0
"060","RL",11317,"Pave","NA",4,"Lvl",4,"Inside",3,"CollgCr","Norm","Norm","1Fam","2Story",7,5,2003,2003,"Gable","CompShg","VinylSd","VinylSd","BrkFace",101,4,3,"PConc",4,3,1,1,1,840,"GasA",5,"Y",5,1668,0,0,2,1,3,1,4,8,0,0,"Attchd",2,2,500,3,3,3,144,68,0,0,0,0,0,0,"NA",0,9,2007,"WD","Normal",180000,1,1,0,0,0,0,1
"120","RL",2938,"Pave","NA",4,"Lvl",4,"Inside",3,"Blmngtn","Norm","Norm","TwnhsE","1Story",7,5,2002,2002,"Gable","CompShg","VinylSd","VinylSd","BrkFace",40,4,3,"PConc",4,3,3,6,1,1368,"GasA",5,"Y",5,1511,1,0,2,0,2,1,4,8,1,3,"Attchd",3,2,398,3,3,3,130,30,0,0,0,0,0,0,"NA",0,5,2006,"WD","Normal",246990,1,1,1,0,0,0,1
"120","RL",3880,"Pave","NA",3,"Lvl",4,"Inside",3,"Greens","Norm","Norm","Twnhs","1Story",8,6,1978,1978,"Gable","CompShg","Wd Sdng","Plywood","None",0,4,3,"CBlock",4,3,4,6,1,1226,"GasA",3,"Y",5,1226,1,0,1,0,1,1,4,8,1,3,"Attchd",3,2,484,3,3,3,223,78,0,0,0,0,0,0,"NA",0,1,2010,"WD","Normal",206000,1,1,1,0,0,0,0
"030","RM",5232,"Pave","Grvl",1,"Bnk",4,"Inside",3,"OldTown","Artery","Norm","1Fam","1Story",5,5,1925,2004,"Gable","CompShg","Wd Sdng","Wd Sdng","None",0,3,3,"BrkTil",2,3,1,1,1,680,"GasA",4,"N",1,764,0,0,1,0,2,1,3,8,0,0,"Detchd",1,2,504,3,3,1,0,0,0,0,0,0,0,0,"NA",0,6,2008,"WD","Normal",73000,1,1,0,0,0,1,0
"060","FV",7050,"Pave","NA",4,"Lvl",4,"Inside",3,"Somerst","Norm","Norm","1Fam","2Story",7,5,2001,2001,"Gable","CompShg","VinylSd","VinylSd","None",0,4,3,"PConc",4,3,1,6,1,1057,"GasA",5,"Y",5,1929,1,0,2,1,3,1,4,8,1,3,"Attchd",3,2,650,3,3,3,0,235,0,0,0,0,0,0,"NA",0,5,2007,"WD","Normal",226000,1,1,1,0,0,0,0
"020","RL",8169,"Pave","NA",4,"Lvl",4,"Corner",3,"Sawyer","Feedr","Norm","1Fam","1Story",5,7,1966,1966,"Gable","CompShg","Plywood","Plywood","None",0,3,4,"CBlock",3,3,1,3,5,912,"GasA",5,"Y",5,912,1,0,1,0,3,1,4,8,0,0,"Detchd",1,1,315,3,3,3,204,0,0,0,0,0,0,3,"NA",0,7,2007,"WD","Normal",129000,1,1,0,0,1,0,0
"070","RM",7614,"Pave","Grvl",4,"Lvl",4,"Inside",2,"OldTown","Norm","Norm","1Fam","2Story",3,5,1905,1950,"Gable","CompShg","MetalSd","MetalSd","None",0,3,3,"BrkTil",3,2,2,1,1,738,"GasA",4,"Y",3,1376,0,0,1,0,2,1,3,8,0,0,"Detchd",1,1,216,3,3,1,0,0,104,0,225,0,0,0,"NA",0,3,2006,"WD","Normal",96900,1,1,0,0,0,1,0
"020","RL",8010,"Pave","NA",4,"Lvl",4,"Inside",3,"NAmes","Norm","Norm","1Fam","1Story",6,9,1958,2007,"Hip","CompShg","Wd Sdng","Wd Sdng","None",0,4,4,"CBlock",3,3,2,6,1,951,"GasA",4,"Y",5,951,1,0,1,0,2,1,4,8,0,0,"Detchd",1,2,480,3,3,3,0,0,42,0,0,0,0,0,"Shed",450,9,2009,"WD","Normal",143500,1,1,0,0,0,0,0
"090","RL",9000,"Pave","NA",4,"Lvl",4,"FR2",3,"NAmes","Norm","Norm","Duplex","2Story",5,5,1974,1974,"Gable","CompShg","VinylSd","VinylSd","None",0,3,3,"CBlock",4,3,1,1,1,896,"GasA",3,"Y",5,1792,0,0,2,2,4,2,3,8,0,0,"NA",0,0,0,0,0,3,32,45,0,0,0,0,0,0,"NA",0,9,2009,"WD","Normal",136000,1,0,0,0,0,0,0
"020","RL",10007,"Pave","NA",3,"Lvl",4,"Inside",3,"NAmes","Norm","Norm","1Fam","1Story",5,7,1959,2006,"Gable","CompShg","HdBoard","HdBoard","BrkFace",54,4,3,"CBlock",3,3,1,5,1,1053,"GasA",5,"Y",5,1053,1,0,1,1,3,1,4,8,0,0,"Attchd",2,1,312,3,3,3,0,0,0,0,0,0,0,3,"NA",0,8,2008,"WD","Normal",145500,1,1,0,0,1,0,1
"160","RM",1680,"Pave","NA",4,"Lvl",4,"Inside",3,"BrDale","Norm","Norm","Twnhs","2Story",6,5,1971,1971,"Gable","CompShg","HdBoard","ImStucc","BrkFace",381,3,3,"CBlock",3,3,1,1,1,525,"GasA",3,"Y",5,1092,0,0,1,1,3,1,3,8,0,0,"Detchd",1,1,264,3,3,3,0,0,0,0,0,0,0,0,"NA",0,3,2010,"WD","Family",88000,1,1,0,0,0,0,1
"020","RL",9600,"Pave","NA",4,"Lvl",4,"Inside",3,"NAmes","Norm","Norm","1Fam","1Story",5,6,1950,1950,"Gable","CompShg","Wd Sdng","Wd Sdng","None",0,3,3,"CBlock",3,3,1,4,1,1200,"GasA",3,"Y",5,1200,0,0,1,0,3,1,3,8,0,0,"Attchd",3,1,246,3,3,3,126,0,0,0,0,0,0,2,"NA",0,8,2009,"WD","Normal",129900,1,1,0,0,1,0,0
"020","RL",9100,"Pave","NA",4,"Lvl",4,"Inside",3,"NAmes","Norm","Norm","1Fam","1Story",5,6,1965,1965,"Gable","CompShg","VinylSd","VinylSd","None",0,3,3,"CBlock",3,3,1,4,3,925,"GasA",5,"Y",5,925,0,1,1,0,2,1,3,8,0,0,"Detchd",1,1,429,3,3,3,0,0,0,0,0,0,0,2,"NA",0,7,2009,"WD","Normal",117500,1,1,0,0,1,0,0
"060","RL",9453,"Pave","NA",3,"Lvl",4,"CulDSac",3,"SawyerW","RRNe","Norm","1Fam","2Story",7,7,1993,2003,"Gable","CompShg","HdBoard","HdBoard","None",0,4,3,"PConc",4,3,1,4,1,996,"GasA",5,"Y",5,1744,0,0,2,1,3,1,4,8,0,0,"Attchd",2,2,457,3,3,3,370,70,0,238,0,0,0,0,"NA",0,2,2010,"WD","Normal",194500,1,1,0,0,0,0,0
"080","RL",10192,"Pave","NA",3,"Lvl",4,"Inside",3,"NWAmes","Norm","Norm","1Fam","SLvl",7,6,1968,1992,"Gable","CompShg","MetalSd","MetalSd","BrkFace",143,3,3,"CBlock",3,3,1,1,1,570,"GasA",4,"Y",5,1920,0,0,3,0,4,1,4,8,1,3,"Attchd",2,2,487,3,3,3,0,98,0,0,0,0,0,4,"NA",0,9,2006,"WD","Normal",170000,1,1,1,0,1,0,1
"090","RL",8000,"Pave","NA",4,"Lvl",4,"Corner",3,"NAmes","Artery","Norm","Duplex","1Story",5,4,1961,1961,"Gable","CompShg","BrkFace","BrkFace","None",0,3,3,"CBlock",3,3,1,1,1,1800,"GasA",5,"N",5,1800,0,0,2,0,6,2,3,8,0,0,"NA",0,0,0,0,0,3,0,0,0,0,0,0,0,0,"NA",0,7,2007,"WD","Normal",141000,1,0,0,0,0,0,0
"120","RM",4426,"Pave","NA",4,"Lvl",4,"Inside",3,"CollgCr","Norm","Norm","TwnhsE","1Story",6,5,2004,2004,"Gable","CompShg","VinylSd","VinylSd","BrkFace",205,4,3,"PConc",4,3,2,6,1,848,"GasA",5,"Y",5,848,1,0,1,0,1,1,4,8,0,0,"Attchd",2,2,420,3,3,3,140,0,0,0,0,0,0,0,"NA",0,2,2008,"WD","Normal",145000,1,1,0,0,0,0,1
"060","RL",10000,"Pave","NA",3,"Lvl",4,"Corner",3,"Gilbert","Norm","Norm","1Fam","2Story",6,5,1993,1994,"Gable","CompShg","HdBoard","HdBoard","None",0,3,3,"PConc",4,3,1,1,1,763,"GasA",4,"Y",5,1655,0,0,2,1,3,1,3,8,1,3,"Attchd",3,2,440,3,3,3,157,84,0,0,0,0,0,0,"NA",0,4,2010,"WD","Normal",175900,1,1,1,0,0,0,0
"050","RL",13650,"Pave","NA",4,"Lvl",4,"Inside",3,"Sawyer","Norm","Norm","1Fam","1.5Fin",5,5,1958,1958,"Gable","CompShg","MetalSd","MetalSd","None",0,4,4,"CBlock",3,3,1,5,4,1052,"GasA",5,"Y",5,1920,1,0,2,0,4,1,4,8,1,4,"Attchd",1,2,451,3,3,3,0,0,0,0,0,0,0,0,"NA",0,7,2006,"WD","Normal",172500,1,1,1,0,0,0,0
"020","RL",11200,"Pave","NA",3,"Lvl",4,"CulDSac",3,"Edwards","Norm","Norm","1Fam","1Story",5,3,1964,1964,"Gable","CompShg","Wd Sdng","Wd Sdng","None",0,3,2,"CBlock",3,3,2,1,1,1250,"GasA",5,"Y",5,1298,0,0,2,0,3,1,3,8,0,0,"Detchd",1,2,504,3,2,1,0,144,0,0,0,0,0,0,"NA",0,6,2010,"COD","Normal",114000,1,1,0,0,0,0,0
"020","RL",19138,"Pave","NA",4,"Lvl",4,"Corner",3,"Gilbert","Norm","Norm","1Fam","1Story",4,5,1951,1951,"Gable","CompShg","VinylSd","VinylSd","None",0,3,3,"CBlock",3,3,1,2,1,864,"GasA",5,"Y",5,864,0,0,1,0,2,1,3,8,0,0,"Detchd",1,2,400,3,3,3,0,0,0,0,0,0,0,0,"NA",0,6,2010,"WD","Normal",141000,1,1,0,0,0,0,0
"020","RL",9375,"Pave","NA",4,"Lvl",4,"Corner",3,"Edwards","Norm","Norm","1Fam","1Story",4,5,1954,1954,"Gable","CompShg","MetalSd","MetalSd","None",0,3,4,"CBlock",3,3,1,3,1,967,"GasA",5,"Y",5,1350,0,0,1,1,3,1,3,8,1,4,"Attchd",2,2,504,3,3,3,237,0,0,0,0,0,0,0,"NA",0,6,2006,"WD","Normal",146000,1,1,1,0,0,0,0
"060","RL",8200,"Pave","NA",4,"Lvl",4,"Inside",3,"CollgCr","Norm","Norm","1Fam","2Story",7,5,2003,2004,"Gable","CompShg","VinylSd","VinylSd","None",0,4,3,"PConc",4,3,1,1,1,847,"GasA",5,"Y",5,1928,0,0,2,1,4,1,4,8,1,4,"BuiltIn",3,2,434,3,3,3,100,48,0,0,0,0,0,0,"NA",0,7,2007,"WD","Normal",219500,1,1,1,0,0,0,0
"160","RM",2522,"Pave","NA",4,"Lvl",4,"Inside",3,"Edwards","Norm","Norm","Twnhs","2Story",7,5,2004,2004,"Gable","CompShg","VinylSd","VinylSd","Stone",50,4,3,"PConc",4,3,1,1,1,970,"GasA",5,"Y",5,1709,0,0,2,0,3,1,4,4,0,0,"Detchd",1,2,380,3,3,3,0,40,0,0,0,0,0,0,"NA",0,5,2006,"WD","Normal",130000,1,1,0,0,0,0,1
"090","RL",12108,"Pave","NA",4,"Lvl",4,"Inside",3,"Edwards","Norm","Norm","Duplex","1Story",4,4,1955,1955,"Gable","CompShg","VinylSd","VinylSd","BrkFace",270,3,3,"CBlock",3,3,1,5,1,1440,"GasA",3,"N",2,1440,0,0,2,0,4,2,2,8,0,0,"NA",0,0,0,0,0,3,0,0,0,0,0,0,0,0,"NA",0,9,2008,"WD","Normal",118000,1,0,0,0,0,0,1
"030","RL",5350,"Pave","NA",3,"Lvl",4,"Inside",3,"BrkSide","Norm","Norm","1Fam","1Story",3,2,1940,1966,"Gable","CompShg","Wd Sdng","Plywood","None",0,3,1,"CBlock",3,3,1,1,1,728,"GasA",5,"Y",5,1306,0,0,1,0,3,1,2,5,0,0,"NA",0,0,0,0,0,3,263,0,0,0,0,0,0,2,"Shed",450,5,2010,"WD","Normal",76500,1,0,0,0,1,0,0
"020","RL",17778,"Pave","NA",3,"Lvl",4,"Inside",3,"Veenker","Norm","Norm","1Fam","1Story",8,5,1981,1981,"Hip","CompShg","BrkFace","BrkFace","None",0,4,3,"CBlock",4,3,4,5,3,2461,"GasA",4,"Y",5,2497,1,0,2,0,2,1,4,8,2,4,"Attchd",2,2,676,3,3,3,266,0,0,0,0,0,0,0,"NA",0,3,2007,"WD","Normal",373000,1,1,1,0,0,0,0
"060","RL",14191,"Pave","NA",4,"Lvl",4,"Inside",3,"Timber","Norm","Norm","1Fam","2Story",8,5,2002,2002,"Gable","CompShg","VinylSd","VinylSd","None",0,4,3,"PConc",4,3,1,1,1,967,"GasA",5,"Y",5,1908,0,0,2,1,4,1,4,8,0,0,"Attchd",3,2,431,3,3,3,135,0,0,0,0,0,0,0,"NA",0,4,2010,"WD","Normal",202900,1,1,0,0,0,0,0
"080","RL",14419,"Pave","NA",3,"Lvl",4,"Corner",3,"Timber","Norm","Norm","1Fam","SLvl",7,5,1987,1989,"Hip","CompShg","Plywood","Plywood","BrkFace",310,3,3,"PConc",4,3,4,6,5,1645,"GasA",5,"Y",5,1479,2,0,2,1,3,1,4,7,1,2,"Attchd",3,2,578,3,3,3,224,238,0,0,0,0,0,0,"NA",0,7,2009,"WD","Normal",213500,1,1,1,0,0,0,1
"120","RL",3760,"Pave","NA",3,"Lvl",4,"CulDSac",3,"Greens","Norm","Norm","Twnhs","1Story",8,5,1980,1980,"Gable","CompShg","Wd Sdng","Wd Sdng","None",0,4,3,"CBlock",4,3,4,6,2,1235,"GasA",4,"Y",5,1235,1,0,1,0,1,1,3,8,3,3,"Attchd",3,2,484,3,3,3,133,78,0,0,0,0,0,0,"NA",0,5,2006,"WD","Normal",214000,1,1,1,0,0,0,0
"090","RL",11345,"Pave","NA",4,"Lvl",4,"Corner",3,"NAmes","Feedr","Norm","Duplex","2Story",5,5,1948,1950,"Gable","Roll","AsbShng","AsbShng","Stone",567,3,3,"CBlock",3,3,1,3,1,928,"GasA",4,"Y",3,1920,0,0,2,0,4,2,3,8,0,0,"Detchd",1,2,400,3,2,3,0,0,0,0,0,0,0,0,"NA",0,7,2007,"WD","Normal",137000,1,1,0,0,0,0,1
"020","RL",6718,"Pave","NA",3,"Lvl",4,"Inside",3,"Timber","Norm","Norm","1Fam","1Story",8,5,2001,2001,"Gable","CompShg","VinylSd","VinylSd","BrkFace",86,4,3,"PConc",5,3,2,6,1,1267,"GasA",5,"Y",5,1312,0,0,2,0,2,1,4,8,0,0,"Attchd",1,2,471,3,3,3,256,28,0,0,0,0,0,0,"NA",0,1,2007,"WD","Normal",180500,1,1,0,0,0,0,1
"120","RL",3182,"Pave","NA",4,"Lvl",4,"Inside",3,"Blmngtn","Norm","Norm","TwnhsE","1Story",7,5,2005,2006,"Gable","CompShg","VinylSd","VinylSd","BrkFace",11,4,3,"PConc",4,3,1,6,1,1145,"GasA",5,"Y",5,1145,0,0,2,0,2,1,4,8,1,4,"Attchd",3,2,397,3,3,3,100,16,0,0,0,0,0,0,"NA",0,9,2009,"WD","Normal",160200,1,1,1,0,0,0,1
"020","RL",13495,"Pave","NA",3,"Lvl",4,"Corner",3,"NAmes","Norm","Norm","1Fam","1Story",5,6,1956,1956,"Gable","CompShg","Wd Sdng","Wd Sdng","BrkFace",70,3,4,"CBlock",3,3,1,4,2,1048,"GasA",2,"Y",5,1728,1,0,2,0,3,1,3,7,1,4,"Detchd",1,2,576,3,3,3,0,99,0,0,0,0,0,0,"NA",0,7,2009,"WD","Normal",177625,1,1,1,0,0,0,1
"060","FV",8640,"Pave","NA",4,"Lvl",4,"Inside",3,"Somerst","Norm","Norm","1Fam","2Story",7,5,2009,2009,"Gable","CompShg","VinylSd","VinylSd","None",0,3,3,"PConc",4,3,1,6,1,900,"GasA",5,"Y",5,1852,1,0,2,1,3,1,4,8,1,3,"Attchd",2,2,644,3,3,3,168,108,0,0,0,0,0,0,"NA",0,7,2009,"New","Partial",252678,1,1,1,0,0,0,0
"060","RL",11029,"Pave","NA",3,"Lvl",4,"Corner",3,"NWAmes","PosA","Norm","1Fam","2Story",6,7,1968,1984,"Gable","CompShg","HdBoard","HdBoard","BrkFace",220,3,3,"CBlock",3,3,2,4,1,1054,"GasA",3,"Y",5,2654,1,0,2,1,4,1,4,8,1,4,"Attchd",1,2,619,3,3,3,0,65,0,0,222,0,0,0,"NA",0,8,2006,"WD","Normal",250000,1,1,1,0,0,0,1
"050","RL",7150,"Pave","NA",4,"Lvl",4,"Inside",3,"NAmes","Norm","Norm","1Fam","1.5Fin",4,4,1955,1955,"Gable","CompShg","MetalSd","MetalSd","None",0,3,3,"PConc",3,3,1,3,1,1190,"GasA",4,"Y",5,1540,1,0,1,0,4,1,2,8,0,0,"Detchd",1,1,352,3,3,3,0,0,0,0,0,0,0,0,"NA",0,8,2007,"WD","Normal",115000,1,1,0,0,0,0,0
"020","RL",16737,"Pave","NA",4,"Lvl",4,"FR3",3,"NridgHt","Norm","Norm","1Fam","1Story",9,5,2004,2005,"Hip","CompShg","VinylSd","VinylSd","BrkFace",66,4,3,"PConc",5,3,3,6,1,1980,"GasA",5,"Y",5,1980,1,0,2,0,3,1,5,8,1,4,"Attchd",3,3,770,3,3,3,194,45,0,0,0,0,0,0,"NA",0,9,2006,"WD","Normal",315000,1,1,1,0,0,0,1
"060","RL",10800,"Pave","NA",4,"Lvl",4,"Inside",3,"NWAmes","Norm","Norm","1Fam","2Story",6,7,1974,1997,"Gable","CompShg","HdBoard","HdBoard","None",0,3,3,"CBlock",3,3,1,5,3,1522,"GasA",3,"Y",5,2614,0,0,2,1,4,1,3,8,1,3,"Attchd",2,2,624,3,3,3,38,243,0,0,0,0,0,0,"NA",0,6,2008,"WD","Normal",240000,1,1,1,0,0,0,0
"160","FV",5105,"Pave","NA",2,"Lvl",4,"FR2",3,"Somerst","Norm","Norm","TwnhsE","2Story",7,5,2004,2004,"Gable","CompShg","MetalSd","MetalSd","None",0,4,3,"PConc",4,3,1,6,1,551,"GasA",5,"Y",5,1102,0,0,2,1,2,1,4,8,0,0,"Detchd",1,2,480,3,3,3,0,60,0,0,0,0,0,0,"NA",0,3,2007,"WD","Normal",148800,1,1,0,0,0,0,0
"020","RL",5868,"Pave","NA",4,"Lvl",4,"Inside",3,"NAmes","Norm","Norm","1Fam","1Story",5,7,1956,2000,"Gable","CompShg","MetalSd","MetalSd","None",0,3,3,"CBlock",3,3,1,4,3,936,"GasA",5,"Y",5,936,1,0,1,0,2,1,3,8,0,0,"Attchd",3,1,308,3,3,3,0,0,80,0,160,0,0,0,"NA",0,5,2010,"WD","Normal",129000,1,1,0,0,0,0,0
"020","RM",8235,"Pave","NA",3,"HLS",4,"Inside",3,"OldTown","Feedr","RRNn","1Fam","1Story",5,7,1955,1995,"Gable","CompShg","MetalSd","MetalSd","None",0,3,4,"CBlock",3,3,1,2,3,825,"GasA",3,"Y",5,825,1,0,1,0,2,1,3,8,0,0,"Detchd",2,2,720,3,3,3,140,50,0,0,0,0,0,3,"NA",0,6,2008,"WD","Normal",125000,1,1,0,0,1,0,0
"030","RL",8550,"Pave","NA",4,"Lvl",4,"Inside",3,"NAmes","Norm","Norm","1Fam","1Story",6,8,1934,1950,"Gable","CompShg","MetalSd","MetalSd","None",0,3,3,"CBlock",3,3,1,4,1,816,"GasA",5,"Y",5,816,1,0,1,0,2,1,3,8,1,2,"Attchd",1,1,240,3,3,3,228,0,40,0,0,0,0,3,"NA",0,7,2006,"WD","Normal",129800,1,1,1,0,1,0,0
"020","RL",9600,"Pave","NA",4,"Lvl",4,"Inside",3,"Sawyer","Norm","Norm","1Fam","1Story",4,7,1950,1995,"Gable","CompShg","VinylSd","HdBoard","None",0,3,3,"CBlock",4,3,1,4,1,1067,"GasA",3,"Y",5,1067,0,0,2,0,2,1,4,6,0,0,"Attchd",1,2,436,3,3,3,290,0,0,0,0,0,0,0,"NA",0,2,2010,"WD","Normal",128000,1,1,0,0,0,0,0
"050","RL",9780,"Pave","NA",4,"Lvl",4,"Inside",3,"Edwards","Norm","Norm","1Fam","1.5Fin",5,3,1934,1950,"Gable","CompShg","MetalSd","MetalSd","None",0,3,3,"PConc",3,3,1,1,1,585,"GasA",3,"N",3,1112,1,0,2,0,4,1,3,8,0,0,"Detchd",1,1,226,1,1,1,0,0,0,0,0,0,0,0,"NA",0,3,2009,"WD","Normal",63000,1,1,0,0,0,0,0
"070","RL",9650,"Pave","NA",3,"HLS",4,"Corner",3,"Crawfor","Norm","Norm","1Fam","2Story",6,3,1923,1950,"Hip","CompShg","Wd Sdng","Plywood","None",0,3,3,"BrkTil",3,3,1,1,1,784,"GasA",3,"Y",5,1603,0,0,1,0,4,1,3,8,1,4,"Attchd",1,2,599,3,3,3,0,217,0,0,0,0,0,0,"NA",0,6,2008,"WD","Normal",138000,1,1,1,0,0,0,0
"080","RL",11512,"Pave","NA",3,"Lvl",4,"Corner",3,"Edwards","Norm","Norm","1Fam","SLvl",6,7,1959,2006,"Gable","CompShg","Plywood","Plywood","BrkFace",84,3,3,"CBlock",3,3,3,5,1,1019,"GasA",4,"Y",5,1357,1,0,1,0,2,1,5,8,1,4,"Basment",2,1,312,3,3,3,0,0,0,0,163,0,0,4,"NA",0,5,2008,"WD","Normal",177000,1,1,1,0,1,0,1
"060","FV",7000,"Pave","NA",4,"Lvl",4,"Inside",3,"Somerst","Norm","Norm","1Fam","2Story",7,5,2003,2003,"Gable","CompShg","CemntBd","CmentBd","None",0,4,3,"PConc",4,3,2,6,1,926,"GasA",5,"Y",5,1884,1,0,2,1,3,1,5,8,1,5,"Attchd",2,2,581,3,3,3,0,35,0,0,0,0,0,0,"NA",0,6,2009,"WD","Normal",240900,1,1,1,0,0,0,0
"020","RL",7200,"Pave","NA",4,"Lvl",4,"Inside",3,"NAmes","Norm","Norm","1Fam","1Story",5,8,1950,2002,"Gable","CompShg","VinylSd","VinylSd","None",0,3,3,"CBlock",3,3,1,5,4,864,"GasA",4,"Y",5,864,1,0,1,0,3,1,4,8,0,0,"Detchd",2,2,720,3,3,3,194,0,0,0,0,0,0,0,"NA",0,7,2007,"WD","Normal",129000,1,1,0,0,0,0,0
"020","RL",7000,"Pave","NA",4,"Lvl",4,"Inside",3,"NAmes","Artery","Norm","1Fam","1Story",5,6,1962,1962,"Gable","CompShg","Wd Sdng","Wd Sdng","None",0,3,3,"CBlock",3,3,1,4,1,864,"GasA",4,"Y",5,864,0,1,1,0,3,1,3,8,0,0,"Attchd",1,1,336,3,3,3,0,0,0,0,0,0,0,2,"NA",0,2,2006,"WD","Normal",105000,1,1,0,0,1,0,0
"020","RL",12198,"Pave","NA",3,"Lvl",4,"Inside",3,"NAmes","Norm","Norm","1Fam","1Story",5,6,1955,1975,"Gable","CompShg","VinylSd","VinylSd","None",0,3,3,"CBlock",3,3,3,3,1,1204,"GasA",3,"Y",5,1411,0,0,1,0,3,1,3,8,1,3,"Attchd",2,1,310,3,3,3,278,82,0,0,0,0,0,0,"NA",0,6,2007,"COD","Normal",130000,1,1,1,0,0,0,0
"060","RL",11316,"Pave","NA",4,"Lvl",4,"Corner",3,"Timber","Norm","Norm","1Fam","2Story",7,5,2002,2003,"Gable","CompShg","VinylSd","VinylSd","BrkFace",44,4,3,"PConc",4,3,1,6,1,817,"GasA",5,"Y",5,1894,1,0,2,1,4,1,4,8,1,4,"BuiltIn",3,2,510,3,3,3,0,40,0,0,0,0,0,0,"NA",0,2,2010,"WD","Normal",214900,1,1,1,0,0,0,1
"060","RL",7837,"Pave","NA",3,"Lvl",4,"Inside",3,"Gilbert","Norm","Norm","1Fam","2Story",6,7,1993,1994,"Gable","CompShg","VinylSd","VinylSd","None",0,4,3,"PConc",4,3,1,1,1,799,"GasA",4,"Y",5,1571,0,0,2,1,3,1,3,8,1,3,"Attchd",2,2,380,3,3,3,0,40,0,0,0,0,0,0,"NA",0,5,2009,"WD","Normal",178000,1,1,1,0,0,0,0
"120","RM",5748,"Pave","NA",3,"HLS",4,"Inside",2,"Crawfor","Norm","Norm","TwnhsE","1Story",8,5,2005,2006,"Hip","CompShg","CemntBd","CmentBd","Stone",473,4,3,"PConc",5,3,4,6,1,1573,"GasA",5,"Y",5,1778,2,0,2,0,2,1,5,8,1,4,"Attchd",3,2,495,3,3,3,123,53,0,0,153,0,0,0,"NA",0,2,2006,"New","Partial",375000,1,1,1,0,0,0,1
"060","RL",20431,"Pave","NA",2,"Lvl",4,"Inside",3,"NridgHt","Norm","Norm","1Fam","2Story",9,5,2005,2006,"Hip","CompShg","CemntBd","CmentBd","BrkFace",870,5,3,"PConc",5,3,1,6,1,1848,"GasA",5,"Y",5,2728,1,0,2,1,4,1,5,8,2,5,"Attchd",3,3,706,3,3,3,0,0,0,0,0,0,0,0,"NA",0,4,2006,"New","Partial",437154,1,1,1,0,0,0,1
"060","RL",12384,"Pave","NA",4,"Lvl",4,"CulDSac",3,"NWAmes","Norm","Norm","1Fam","2Story",7,7,1976,1976,"Gable","CompShg","Plywood","Plywood","BrkFace",233,3,3,"CBlock",4,3,1,1,1,793,"GasA",3,"Y",5,1935,0,0,2,1,3,1,3,8,1,3,"Attchd",2,2,550,3,3,3,0,113,252,0,0,0,0,0,"NA",0,11,2007,"WD","Normal",197900,1,1,1,0,0,0,1
"020","RL",7200,"Pave","NA",4,"Lvl",4,"Inside",3,"NAmes","Norm","Norm","1Fam","1Story",4,4,1971,1971,"Gable","CompShg","HdBoard","HdBoard","None",0,3,3,"CBlock",3,3,1,3,2,864,"GasA",3,"Y",5,874,0,1,1,0,3,1,3,8,0,0,"Detchd",1,2,576,3,3,3,63,0,0,0,0,0,0,0,"NA",0,3,2006,"WD","Normal",97500,1,1,0,0,0,0,0
"120","RM",4500,"Pave","NA",4,"Lvl",4,"FR2",3,"Mitchel","Norm","Norm","TwnhsE","1Story",6,5,1999,1999,"Hip","CompShg","VinylSd","VinylSd","BrkFace",425,3,3,"PConc",5,3,1,6,1,1224,"GasA",5,"Y",5,1224,1,0,2,0,2,1,3,8,0,0,"Attchd",3,2,402,3,3,3,0,304,0,0,0,0,0,0,"NA",0,6,2009,"WD","Normal",165000,1,1,0,0,0,0,1
"120","RM",3843,"Pave","NA",3,"HLS",4,"Inside",2,"Crawfor","Norm","Norm","TwnhsE","1Story",8,5,2007,2008,"Hip","CompShg","CemntBd","CmentBd","Stone",186,5,3,"PConc",5,3,4,6,1,1596,"GasA",5,"Y",5,1648,1,1,2,0,2,1,5,8,1,4,"Attchd",3,2,525,3,3,3,162,53,0,153,0,0,0,0,"NA",0,8,2008,"New","Partial",294464,1,1,1,0,0,0,1
"060","RL",11700,"Pave","NA",4,"Lvl",4,"Inside",3,"NWAmes","Norm","Norm","1Fam","2Story",6,6,1968,1968,"Mansard","CompShg","HdBoard","AsphShn","BrkFace",365,4,3,"CBlock",3,3,1,5,3,702,"GasA",4,"Y",5,1743,0,1,1,2,3,1,3,8,1,4,"Attchd",1,2,539,3,3,3,224,0,0,0,0,0,0,0,"NA",0,6,2007,"WD","Normal",175000,1,1,1,0,0,0,1
"020","RL",8838,"Pave","NA",4,"Lvl",4,"Inside",3,"NAmes","Norm","Norm","1Fam","1Story",5,3,1957,1982,"Gable","CompShg","MetalSd","MetalSd","None",0,3,3,"BrkTil",0,0,0,0,0,0,"GasA",4,"Y",5,1764,0,0,2,1,4,1,3,3,1,3,"Attchd",3,1,301,3,3,3,0,72,0,0,0,0,0,0,"NA",0,10,2008,"WD","Normal",1e+05,0,1,1,0,0,0,0
"160","RM",1680,"Pave","NA",4,"Lvl",4,"Inside",3,"BrDale","Norm","Norm","Twnhs","2Story",6,5,1972,1972,"Gable","CompShg","HdBoard","HdBoard","BrkFace",504,3,3,"CBlock",3,3,1,5,1,483,"GasA",3,"Y",5,948,0,0,1,1,2,1,3,8,0,0,"Detchd",1,1,264,3,3,3,0,0,0,0,0,0,0,0,"NA",0,7,2006,"WD","Normal",89000,1,1,0,0,0,0,1
"020","RL",10682,"Pave","NA",4,"Lvl",4,"Inside",3,"Edwards","Norm","Norm","1Fam","1Story",4,6,1960,1971,"Gable","CompShg","HdBoard","HdBoard","None",0,3,3,"CBlock",3,3,1,6,1,1014,"GasA",3,"Y",5,1149,1,0,1,0,3,1,3,7,0,0,"2Types",3,1,544,3,3,3,0,240,0,0,0,0,0,3,"NA",0,7,2009,"WD","Normal",127000,1,1,0,0,1,0,0
"050","RL",8405,"Pave","NA",4,"Lvl",4,"Inside",3,"Edwards","Norm","Norm","1Fam","1.5Fin",4,3,1945,1950,"Gable","CompShg","WdShing","Wd Shng","None",0,3,3,"Slab",0,0,0,0,0,0,"Wall",3,"N",2,1529,0,0,2,0,4,1,3,5,0,0,"Detchd",1,1,240,3,3,1,92,0,185,0,0,0,0,0,"NA",0,4,2009,"WD","Normal",98000,0,1,0,0,0,0,0
"020","RL",6860,"Pave","NA",3,"Lvl",4,"Inside",3,"NAmes","Norm","Norm","1Fam","1Story",5,6,1956,1956,"Gable","CompShg","Wd Sdng","Wd Sdng","BrkCmn",54,3,3,"CBlock",3,3,1,6,1,1008,"GasA",5,"Y",5,1008,1,0,1,0,3,1,2,8,0,0,"Detchd",1,1,308,3,3,3,0,0,0,0,0,0,0,0,"NA",0,12,2007,"WD","Normal",131000,1,1,0,0,0,0,1
"020","C (all)",8712,"Grvl","NA",4,"Bnk",4,"Inside",2,"IDOTRR","Norm","Norm","1Fam","1Story",5,5,1952,1952,"Hip","CompShg","Wd Sdng","Wd Sdng","None",0,2,3,"CBlock",3,3,3,1,1,540,"GasA",3,"N",3,1044,0,0,1,0,2,1,2,8,0,0,"Basment",1,2,504,3,3,1,0,0,0,0,0,0,0,0,"Shed",54,6,2010,"WD","Alloca",55993,1,1,0,0,0,0,0
"020","RL",9790,"Pave","NA",4,"Lvl",4,"Inside",3,"NWAmes","Feedr","Norm","1Fam","1Story",6,5,1967,1967,"Gable","CompShg","BrkFace","Wd Sdng","None",0,3,3,"CBlock",3,3,1,3,2,1372,"GasA",3,"Y",5,1342,0,0,2,0,3,1,3,8,1,4,"Attchd",1,2,457,3,3,3,0,0,0,0,197,0,0,0,"NA",0,9,2009,"WD","Normal",161500,1,1,1,0,0,0,0
"090","RL",9400,"Pave","NA",4,"Low",4,"Corner",3,"Mitchel","Norm","Norm","Duplex","2Story",6,5,1971,1971,"Mansard","CompShg","MetalSd","Wd Shng","None",0,3,3,"CBlock",3,3,3,1,1,912,"GasA",3,"Y",5,1824,0,0,2,2,4,2,3,8,0,0,"NA",0,0,0,0,0,3,128,0,0,0,0,0,0,0,"NA",0,4,2010,"WD","Normal",139000,1,0,0,0,0,0,0
"050","RL",6292,"Pave","NA",4,"Lvl",4,"Inside",3,"SWISU","Norm","Norm","1Fam","1.5Fin",7,7,1928,1950,"Gable","CompShg","Wd Sdng","Wd Sdng","None",0,3,3,"BrkTil",3,3,1,1,1,861,"GasA",4,"Y",5,1477,0,1,2,0,3,1,3,8,1,4,"Detchd",1,1,216,3,3,3,0,50,0,0,0,0,0,0,"NA",0,8,2009,"WD","Normal",145000,1,1,1,0,0,0,0
"020","RL",12720,"Pave","NA",4,"HLS",4,"Inside",2,"NridgHt","Norm","Norm","1Fam","1Story",10,5,2003,2003,"Hip","CompShg","MetalSd","MetalSd","Stone",680,5,3,"PConc",5,3,4,6,1,2535,"GasA",5,"Y",5,2470,2,0,1,1,1,1,5,8,2,4,"Attchd",3,3,789,3,3,3,154,65,0,0,216,144,5,0,"NA",0,2,2008,"WD","Normal",615000,1,1,1,1,0,0,1
"060","RL",9978,"Pave","NA",3,"Lvl",4,"Inside",3,"Gilbert","Norm","Norm","1Fam","2Story",6,6,1998,1998,"Gable","CompShg","VinylSd","VinylSd","BrkFace",20,3,3,"PConc",3,3,1,6,1,926,"GasA",5,"Y",5,1604,0,0,2,1,3,1,4,8,1,4,"Attchd",3,2,470,3,3,3,360,36,0,0,0,0,0,0,"NA",0,6,2010,"WD","Normal",195500,1,1,1,0,0,0,1
"020","RL",9532,"Pave","NA",4,"Lvl",4,"Inside",3,"NAmes","Norm","Norm","1Fam","1Story",4,6,1953,1953,"Gable","CompShg","VinylSd","VinylSd","None",0,3,3,"CBlock",3,3,1,4,3,1105,"GasA",4,"Y",5,1647,1,0,1,0,3,1,3,7,1,2,"Attchd",3,1,280,3,3,3,225,0,0,0,0,368,3,4,"NA",0,2,2007,"WD","Normal",153000,1,1,1,1,1,0,0
"120","RH",4113,"Pave","NA",3,"Lvl",4,"Inside",3,"NAmes","Norm","Norm","TwnhsE","1Story",6,5,2001,2001,"Gable","CompShg","MetalSd","MetalSd","None",0,4,3,"PConc",4,3,2,1,1,1337,"GasA",5,"Y",5,1337,0,0,2,0,2,1,4,8,1,3,"Attchd",3,2,511,3,3,3,136,68,0,0,0,0,0,0,"NA",0,7,2007,"WD","Normal",155000,1,1,1,0,0,0,0
"020","RL",14463,"Pave","NA",3,"HLS",4,"Corner",3,"Timber","Norm","Norm","1Fam","1Story",9,5,2008,2008,"Gable","CompShg","CemntBd","CmentBd","BrkFace",406,5,3,"PConc",5,3,4,6,1,1641,"GasA",5,"Y",5,1641,1,0,2,0,3,1,5,8,0,0,"Attchd",3,3,885,3,3,3,0,95,0,0,0,0,0,0,"NA",0,1,2009,"WD","Normal",316500,1,1,0,0,0,0,1
"070","RM",8094,"Pave","Grvl",4,"Lvl",4,"Inside",3,"OldTown","Norm","Norm","1Fam","2Story",6,6,1915,1950,"Gable","CompShg","MetalSd","MetalSd","None",0,3,3,"PConc",3,3,1,1,1,1048,"GasA",4,"Y",3,1768,0,0,2,0,3,1,3,8,0,0,"Detchd",1,2,576,2,2,3,0,0,150,0,0,0,0,0,"NA",0,6,2009,"WD","Normal",155000,1,1,0,0,0,1,0
"060","RL",13159,"Pave","NA",3,"HLS",4,"Corner",3,"Timber","Norm","Norm","1Fam","2Story",7,5,2009,2009,"Gable","CompShg","VinylSd","VinylSd","None",0,3,3,"PConc",5,3,3,1,1,846,"GasA",4,"Y",5,1692,0,0,2,1,3,1,4,8,0,0,"Attchd",2,2,650,3,3,3,208,114,0,0,0,0,0,0,"NA",0,7,2009,"New","Partial",224500,1,1,0,0,0,0,0
"020","RL",31770,"Pave","NA",3,"Lvl",4,"Corner",3,"NAmes","Norm","Norm","1Fam","1Story",6,5,1960,1960,"Hip","CompShg","BrkFace","Plywood","Stone",112,3,3,"CBlock",3,4,4,4,1,1080,"GasA",2,"Y",5,1656,1,0,1,0,3,1,3,8,2,4,"Attchd",3,2,528,3,3,2,210,62,0,0,0,0,0,0,"NA",0,5,2010,"WD","Normal",215000,1,1,1,0,0,0,1
"090","RL",9825,"Pave","NA",4,"Lvl",4,"Inside",3,"Edwards","Norm","Norm","Duplex","1Story",5,5,1965,1965,"Hip","CompShg","AsphShn","AsphShn","None",0,3,3,"CBlock",0,0,0,0,0,0,"GasA",3,"N",5,1664,0,0,2,0,4,2,3,8,0,0,"NA",0,0,0,0,0,3,0,0,0,0,0,0,0,0,"NA",0,5,2010,"WD","Normal",1e+05,0,0,0,0,0,0,0
"020","RL",11250,"Pave","NA",3,"Lvl",4,"Inside",3,"Veenker","Norm","Norm","1Fam","1Story",6,6,1977,1977,"Gable","CompShg","Plywood","Plywood","None",0,4,3,"CBlock",4,3,1,5,1,1208,"GasA",3,"Y",5,1208,1,0,1,1,3,1,3,8,1,3,"Attchd",2,2,546,3,3,3,198,42,0,0,0,0,0,0,"NA",0,6,2006,"WD","Normal",165000,1,1,1,0,0,0,0
"190","RM",4456,"Pave","NA",4,"Lvl",4,"Inside",3,"OldTown","Norm","Norm","2fmCon","2Story",4,5,1920,2008,"Gable","CompShg","MetalSd","MetalSd","None",0,3,3,"BrkTil",3,3,1,1,1,736,"GasA",4,"Y",5,1452,0,0,2,0,2,3,3,8,0,0,"NA",0,0,0,0,0,1,0,0,102,0,0,0,0,0,"NA",0,6,2009,"New","Partial",113000,1,0,0,0,0,0,0
"060","RL",13478,"Pave","NA",3,"Lvl",4,"Corner",3,"NridgHt","Norm","Norm","1Fam","2Story",10,5,2008,2008,"Gable","CompShg","CemntBd","CmentBd","Stone",420,5,3,"PConc",5,3,4,6,1,1722,"GasA",5,"Y",5,2296,1,0,2,1,3,1,5,8,1,4,"BuiltIn",2,3,842,3,3,3,382,274,0,0,0,0,0,0,"NA",0,6,2009,"ConLI","Normal",451950,1,1,1,0,0,0,1
"020","RL",16635,"Pave","NA",3,"Lvl",4,"FR2",3,"NWAmes","Norm","Norm","1Fam","1Story",6,7,1977,2000,"Gable","CompShg","CemntBd","CmentBd","Stone",126,4,3,"CBlock",4,3,1,5,1,1602,"GasA",4,"Y",5,1602,0,1,2,0,3,1,4,8,1,3,"Attchd",3,2,529,3,3,3,240,0,0,0,0,0,0,0,"NA",0,6,2009,"WD","Normal",215000,1,1,1,0,0,0,1
"060","RL",8738,"Pave","NA",3,"Lvl",4,"Inside",3,"Gilbert","Norm","Norm","1Fam","2Story",7,5,1999,1999,"Gable","CompShg","VinylSd","VinylSd","BrkFace",302,4,3,"PConc",4,3,1,1,1,975,"GasA",5,"Y",5,2291,0,0,2,1,4,1,4,8,1,3,"BuiltIn",3,2,429,3,3,3,192,0,0,0,0,0,0,0,"NA",0,2,2006,"WD","Normal",230000,1,1,1,0,0,0,1
"050","RL",8170,"Pave","NA",3,"Lvl",4,"Inside",3,"Crawfor","Norm","Norm","1Fam","1.5Fin",7,7,1929,1950,"Gable","CompShg","Stucco","Wd Sdng","BrkFace",270,4,4,"BrkTil",3,3,1,5,1,1022,"GasA",5,"Y",3,1671,0,0,2,0,4,1,3,8,1,4,"Detchd",1,2,451,3,3,3,0,0,0,0,0,0,0,0,"NA",0,2,2006,"WD","Normal",218000,1,1,1,0,0,0,1
"080","RL",16157,"Pave","NA",3,"Lvl",4,"FR2",3,"Veenker","Feedr","Norm","1Fam","SLvl",5,7,1978,1978,"Gable","CompShg","Plywood","Plywood","None",0,3,3,"PConc",4,3,4,5,3,1360,"GasA",5,"Y",5,1432,1,0,1,1,2,1,4,8,1,3,"Attchd",1,2,588,3,3,3,168,180,0,0,0,0,0,0,"NA",0,6,2007,"WD","Normal",194000,1,1,1,0,0,0,0
"020","RL",8847,"Pave","NA",4,"Lvl",4,"Inside",3,"Somerst","Norm","Norm","1Fam","1Story",8,5,2005,2005,"Gable","CompShg","VinylSd","VinylSd","BrkFace",148,4,3,"PConc",4,3,3,6,1,1538,"GasA",5,"Y",5,1538,1,0,2,0,3,1,4,8,0,0,"Attchd",2,2,484,3,3,3,146,40,0,0,0,0,0,0,"NA",0,12,2007,"WD","Normal",260000,1,1,0,0,0,0,1
"030","RM",7288,"Pave","NA",4,"Lvl",4,"Inside",3,"IDOTRR","Artery","Norm","1Fam","1Story",5,6,1942,1950,"Gable","CompShg","MetalSd","MetalSd","None",0,3,3,"CBlock",3,3,2,3,1,976,"GasA",3,"N",5,976,1,0,1,0,2,1,3,8,0,0,"Detchd",1,1,215,3,3,1,160,0,0,0,0,0,0,0,"NA",0,8,2006,"WD","AdjLand",102000,1,1,0,0,0,0,0
"020","RL",6762,"Pave","NA",4,"Lvl",4,"Inside",3,"CollgCr","Norm","Norm","1Fam","1Story",7,5,2006,2006,"Gable","CompShg","VinylSd","VinylSd","Stone",24,4,3,"PConc",4,3,3,6,1,1187,"GasA",5,"Y",5,1208,1,0,2,0,2,1,4,8,0,0,"Attchd",2,2,632,3,3,3,105,61,0,0,0,0,0,0,"NA",0,2,2010,"WD","Normal",206000,1,1,0,0,0,0,1
"020","FV",7862,"Pave","NA",3,"Lvl",4,"Inside",3,"Somerst","Norm","Norm","1Fam","1Story",6,5,2009,2009,"Gable","CompShg","VinylSd","VinylSd","None",0,4,3,"PConc",4,3,1,6,1,1218,"GasA",5,"Y",5,1218,0,0,2,0,2,1,4,8,0,0,"Attchd",3,2,676,3,3,3,0,102,0,0,0,0,0,0,"NA",0,9,2009,"New","Partial",208300,1,1,0,0,0,0,0
"050","RM",5914,"Pave","Grvl",4,"Lvl",4,"Inside",3,"OldTown","Norm","Norm","1Fam","1.5Fin",5,9,1890,1996,"Gable","CompShg","Wd Sdng","HdBoard","None",0,3,3,"BrkTil",2,3,1,1,1,684,"GasA",4,"Y",5,1080,0,0,1,0,3,1,4,8,0,0,"NA",0,0,0,0,0,1,0,165,30,0,0,0,0,0,"NA",0,9,2008,"WD","Normal",95000,1,0,0,0,0,1,0
"120","RM",4438,"Pave","NA",4,"Lvl",4,"Inside",3,"CollgCr","Norm","Norm","TwnhsE","1Story",6,5,2004,2004,"Gable","CompShg","VinylSd","VinylSd","BrkFace",205,4,3,"PConc",4,3,3,6,1,848,"GasA",5,"Y",5,848,1,0,1,0,1,1,4,8,1,4,"Attchd",2,2,420,3,3,3,149,0,0,0,0,0,0,0,"NA",0,1,2008,"WD","Normal",149000,1,1,1,0,0,0,1
"060","RL",10839,"Pave","NA",3,"Lvl",4,"Corner",3,"Gilbert","Norm","Norm","1Fam","2Story",6,5,1997,1998,"Gable","CompShg","VinylSd","VinylSd","None",0,3,3,"PConc",4,3,1,1,1,926,"GasA",5,"Y",5,1604,0,0,2,1,3,1,3,8,1,3,"Attchd",3,2,470,3,3,3,0,36,0,0,0,0,0,0,"NA",0,7,2008,"WD","Normal",181000,1,1,1,0,0,0,0
"060","RL",12361,"Pave","NA",3,"Lvl",4,"CulDSac",3,"SawyerW","Norm","Norm","1Fam","2Story",6,7,1993,1993,"Gable","CompShg","VinylSd","VinylSd","BrkFace",85,4,4,"PConc",4,3,1,6,1,946,"GasA",5,"Y",5,1802,0,1,2,1,3,1,4,8,1,4,"2Types",2,4,1017,3,3,3,450,92,0,0,0,0,0,0,"NA",0,5,2010,"WD","Normal",218000,1,1,1,0,0,0,1
"050","RM",12665,"Pave","Grvl",3,"Lvl",4,"Inside",3,"OldTown","Artery","Norm","1Fam","1.5Fin",5,8,1915,1950,"Gable","CompShg","Wd Sdng","Wd Sdng","None",0,3,3,"BrkTil",3,3,2,1,1,876,"GasA",4,"Y",5,1416,0,0,1,1,4,1,3,8,1,4,"Detchd",1,3,720,3,3,3,418,0,194,0,0,0,0,0,"NA",0,6,2008,"WD","Normal",153900,1,1,1,0,0,1,0
"020","RL",12350,"Pave","NA",4,"Lvl",4,"Inside",3,"NridgHt","Norm","Norm","1Fam","1Story",9,5,2008,2008,"Hip","CompShg","VinylSd","VinylSd","Stone",450,5,3,"PConc",5,3,3,6,1,2020,"GasA",5,"Y",5,2020,1,0,2,0,3,1,5,8,1,4,"Attchd",2,3,896,3,3,3,192,98,0,0,0,0,0,0,"NA",0,5,2009,"WD","Normal",404000,1,1,1,0,0,0,1
"020","RL",12968,"Pave","NA",2,"Lvl",4,"Inside",3,"Sawyer","Norm","Norm","1Fam","1Story",5,6,1962,1962,"Hip","CompShg","HdBoard","Plywood","None",0,3,3,"CBlock",3,3,1,5,1,912,"GasA",3,"Y",5,912,1,0,1,0,2,1,3,8,0,0,"Detchd",1,1,352,3,3,3,140,0,0,0,176,0,0,0,"NA",0,9,2008,"WD","Normal",144000,1,1,0,0,0,0,0
"020","RL",6500,"Pave","NA",4,"Lvl",4,"Inside",3,"Edwards","Norm","Norm","1Fam","1Story",6,6,1976,1976,"Hip","CompShg","HdBoard","Plywood","BrkFace",84,3,3,"CBlock",3,5,1,4,1,1127,"GasA",3,"Y",5,1127,0,1,1,1,3,1,3,8,1,1,"Detchd",1,2,480,3,3,3,0,0,138,0,0,0,0,0,"NA",0,5,2008,"WD","Normal",135000,1,1,1,0,0,0,1
"090","RL",18890,"Pave","NA",3,"Lvl",4,"Inside",3,"Sawyer","Feedr","RRAe","Duplex","1.5Fin",5,5,1977,1977,"Shed","CompShg","Plywood","Plywood","None",1,3,3,"CBlock",4,3,1,6,3,1361,"GasA",5,"Y",5,2620,0,0,2,2,4,2,3,8,1,3,"BuiltIn",2,2,600,3,3,1,155,24,145,0,0,0,0,0,"Gar2",8300,8,2007,"WD","Normal",190000,1,1,1,0,0,0,0
"020","RL",11375,"Pave","NA",4,"Lvl",4,"Inside",3,"Sawyer","Norm","Norm","1Fam","1Story",6,5,1954,1995,"Gable","CompShg","VinylSd","VinylSd","None",0,3,3,"CBlock",3,3,1,3,1,967,"GasA",3,"Y",5,1299,0,0,1,0,3,1,4,8,1,3,"Attchd",1,2,494,3,3,3,81,0,280,0,0,0,0,0,"NA",0,10,2007,"WD","Normal",150000,1,1,1,0,0,0,0
"030","RM",4608,"Pave","NA",4,"Lvl",4,"Corner",3,"OldTown","Artery","Norm","1Fam","1Story",4,6,1945,1950,"Gable","CompShg","MetalSd","MetalSd","None",0,3,4,"CBlock",3,3,1,1,1,747,"GasA",3,"Y",5,747,0,0,1,0,2,1,3,8,0,0,"Attchd",1,1,220,3,3,3,0,0,0,0,0,0,0,0,"NA",0,6,2010,"WD","Normal",80000,1,1,0,0,0,0,0
"190","RL",8425,"Pave","NA",4,"Lvl",4,"FR3",3,"Sawyer","Feedr","Norm","2fmCon","1Story",5,6,1971,1990,"Gable","CompShg","HdBoard","HdBoard","None",0,3,3,"CBlock",4,3,3,6,1,768,"GasA",4,"Y",5,868,1,0,1,0,2,1,3,8,0,0,"Detchd",1,2,576,3,3,3,138,0,0,0,0,0,0,4,"NA",0,5,2007,"WD","Normal",119900,1,1,0,0,1,0,0
"020","RL",11875,"Pave","NA",4,"Lvl",4,"Inside",3,"Mitchel","Norm","Norm","1Fam","1Story",5,5,1999,1999,"Gable","CompShg","VinylSd","VinylSd","None",0,3,3,"PConc",4,3,1,1,1,1344,"GasA",5,"Y",5,1344,0,0,2,0,3,1,3,8,1,4,"Attchd",1,2,686,3,3,3,328,0,0,0,0,0,0,0,"NA",0,6,2010,"WD","Normal",166500,1,1,1,0,0,0,0
"020","RL",10530,"Pave","NA",3,"Lvl",4,"Corner",3,"NAmes","Norm","Norm","1Fam","1Story",6,5,1971,1971,"Hip","CompShg","Plywood","Plywood","None",0,3,3,"CBlock",3,3,1,5,2,981,"GasA",3,"Y",5,981,1,0,1,1,3,1,3,8,0,0,"Detchd",1,2,576,3,3,3,0,312,40,0,0,0,0,0,"NA",0,3,2007,"WD","Normal",143250,1,1,0,0,0,0,0
"060","FV",8010,"Pave","Pave",3,"Lvl",4,"Inside",3,"Somerst","Norm","Norm","1Fam","2Story",8,5,2003,2004,"Hip","CompShg","CemntBd","CmentBd","None",0,4,3,"PConc",5,3,1,6,1,1054,"GasA",5,"Y",5,2048,1,0,2,1,3,1,4,8,2,4,"Detchd",1,2,552,3,3,3,0,48,0,0,180,0,0,0,"NA",0,8,2007,"WD","Normal",301000,1,1,1,0,0,1,0
"060","RL",8750,"Pave","NA",4,"Lvl",4,"Inside",3,"CollgCr","Norm","Norm","1Fam","2Story",7,5,1996,1996,"Gable","CompShg","VinylSd","VinylSd","None",0,4,3,"PConc",4,3,1,1,1,880,"GasA",5,"Y",5,1716,0,0,2,1,2,1,4,8,1,3,"Attchd",2,2,512,3,3,3,0,120,0,0,0,0,0,0,"NA",0,7,2009,"WD","Normal",191000,1,1,1,0,0,0,0
"050","RM",9184,"Pave","Grvl",4,"Lvl",4,"Inside",3,"OldTown","Artery","Norm","1Fam","1.5Fin",5,7,1948,2005,"Gable","CompShg","WdShing","Wd Shng","None",0,3,3,"BrkTil",3,3,1,1,1,780,"GasA",5,"Y",5,1323,0,0,1,0,3,1,3,8,0,0,"Detchd",1,2,400,3,3,3,0,0,0,0,0,0,0,0,"NA",0,7,2008,"WD","Normal",122600,1,1,0,0,0,1,0
"020","RL",10032,"Pave","NA",4,"Lvl",4,"Inside",3,"NAmes","Norm","Norm","1Fam","1Story",6,5,1959,1959,"Gable","CompShg","Wd Sdng","Wd Sdng","Stone",432,3,3,"CBlock",3,3,1,3,1,1244,"GasA",5,"Y",5,1580,1,0,1,1,3,1,3,8,2,4,"Attchd",1,2,440,3,3,3,0,28,0,0,160,0,0,2,"NA",0,6,2010,"WD","Normal",159500,1,1,1,0,1,0,1
"060","RL",8899,"Pave","NA",4,"Lvl",4,"Inside",3,"NridgHt","Norm","Norm","1Fam","2Story",8,5,2007,2007,"Hip","CompShg","VinylSd","VinylSd","Stone",108,5,3,"PConc",4,3,3,6,1,948,"GasA",5,"Y",5,2088,0,0,2,1,4,1,4,8,1,4,"BuiltIn",3,3,656,3,3,3,100,24,0,0,0,0,0,0,"NA",0,6,2008,"WD","Normal",250000,1,1,1,0,0,0,1
"085","RL",11105,"Pave","NA",4,"Lvl",4,"Corner",3,"CollgCr","Norm","Norm","1Fam","SFoyer",5,5,1996,1996,"Gable","CompShg","VinylSd","VinylSd","None",0,3,4,"PConc",4,2,3,6,1,870,"GasA",4,"Y",5,965,1,0,1,0,2,1,3,8,0,0,"Attchd",1,2,580,4,3,3,71,0,0,0,0,0,0,4,"NA",0,7,2010,"WD","Normal",159000,1,1,0,0,1,0,0
"090","RM",8930,"Pave","NA",4,"Lvl",4,"Inside",3,"Sawyer","RRAe","Norm","Duplex","1.5Fin",6,5,1978,1978,"Gable","CompShg","VinylSd","VinylSd","None",0,3,3,"Slab",0,0,0,0,0,0,"GasA",3,"Y",5,1902,0,0,2,0,4,2,3,8,0,0,"Attchd",1,2,539,3,3,3,0,0,0,0,0,0,0,0,"NA",0,4,2010,"WD","Normal",112000,0,1,0,0,0,0,0
"120","RL",3182,"Pave","NA",4,"Lvl",4,"Inside",3,"Blmngtn","Norm","Norm","TwnhsE","1Story",7,5,2005,2006,"Gable","CompShg","VinylSd","VinylSd","BrkFace",14,4,3,"PConc",4,4,1,6,1,1346,"GasA",5,"Y",5,1504,0,0,2,0,2,1,4,8,1,4,"Attchd",3,2,437,3,3,3,156,20,0,0,0,0,0,0,"NA",0,5,2008,"WD","Normal",191000,1,1,1,0,0,0,1
"020","RL",10400,"Pave","NA",4,"Lvl",4,"Corner",3,"NAmes","Norm","Norm","1Fam","1Story",4,5,1956,1956,"Gable","CompShg","Plywood","Plywood","None",0,3,3,"CBlock",3,3,1,3,2,1200,"GasA",3,"Y",5,1200,1,0,1,0,3,1,3,8,2,4,"Attchd",1,1,294,3,3,3,0,189,140,0,0,0,0,0,"NA",0,11,2009,"WD","Family",144000,1,1,1,0,0,0,0
"020","RL",9900,"Pave","NA",4,"Lvl",4,"Corner",3,"NAmes","Norm","Norm","1Fam","1Story",5,5,1966,1966,"Hip","CompShg","HdBoard","HdBoard","None",0,3,3,"PConc",4,3,1,4,1,1209,"GasA",4,"Y",5,1209,1,0,1,0,3,1,3,8,0,0,"Attchd",2,2,504,3,3,3,0,0,120,0,0,0,0,0,"NA",0,4,2010,"ConLD","Normal",159000,1,1,0,0,0,0,0
"160","RM",2058,"Pave","NA",4,"Lvl",4,"Inside",3,"BrDale","Norm","Norm","Twnhs","2Story",6,5,1973,1973,"Gable","CompShg","HdBoard","HdBoard","BrkFace",265,3,3,"CBlock",3,3,1,1,1,672,"GasA",5,"Y",5,1218,0,0,1,1,4,1,5,8,0,0,"Detchd",1,1,264,3,3,3,0,28,0,0,0,0,0,0,"NA",0,12,2007,"WD","Normal",113700,1,1,0,0,0,0,1
"160","RL",10762,"Pave","NA",4,"Lvl",4,"Corner",3,"SawyerW","Norm","Norm","TwnhsE","2Story",6,6,1980,1980,"Gable","CompShg","Plywood","Plywood","None",0,3,3,"CBlock",4,3,1,1,1,626,"GasA",3,"Y",5,1217,0,0,1,1,3,1,3,8,1,3,"Attchd",2,1,288,3,3,3,0,28,0,0,0,0,0,0,"NA",0,4,2009,"WD","Normal",120000,1,1,1,0,0,0,0
"060","RL",10820,"Pave","NA",2,"Lvl",4,"CulDSac",3,"CollgCr","Norm","Norm","1Fam","2Story",7,5,1999,1999,"Gable","CompShg","VinylSd","VinylSd","None",0,4,3,"PConc",4,3,4,6,1,988,"GasA",5,"Y",5,1873,0,0,2,1,3,1,4,8,1,3,"Attchd",2,2,597,3,3,3,202,123,0,0,0,0,0,0,"NA",0,3,2007,"WD","Normal",235500,1,1,1,0,0,0,0
"020","RL",7450,"Pave","NA",3,"Lvl",4,"Inside",3,"NAmes","Norm","Norm","1Fam","1Story",5,5,1956,1956,"Hip","CompShg","Wd Sdng","Wd Sdng","None",0,3,3,"CBlock",3,3,1,3,2,894,"GasA",4,"Y",5,1074,0,0,1,0,2,1,4,7,1,4,"Detchd",1,2,396,3,3,3,0,72,0,0,0,0,0,2,"NA",0,1,2007,"WD","Normal",124000,1,1,1,0,1,0,0
"020","RL",16321,"Pave","NA",3,"Lvl",4,"CulDSac",3,"NAmes","Norm","Norm","1Fam","1Story",5,6,1957,1997,"Gable","CompShg","MetalSd","MetalSd","None",0,3,3,"CBlock",3,3,4,4,1,1484,"GasA",3,"Y",5,1600,1,0,1,0,2,1,3,8,2,4,"Attchd",2,1,319,3,3,3,288,258,0,0,0,0,0,0,"NA",0,12,2006,"WD","Normal",207500,1,1,1,0,0,0,0
"160","RM",1953,"Pave","NA",4,"Lvl",4,"Inside",3,"BrDale","Norm","Norm","Twnhs","2Story",6,5,1973,1973,"Gable","CompShg","HdBoard","HdBoard","BrkFace",408,3,3,"CBlock",3,2,1,4,1,483,"GasA",3,"Y",5,987,0,0,1,1,2,1,3,8,0,0,"Detchd",1,1,264,3,3,3,72,0,0,0,0,0,0,0,"NA",0,6,2006,"WD","Normal",83000,1,1,0,0,0,0,1
"020","FV",8640,"Pave","NA",4,"Lvl",4,"Inside",3,"Somerst","Norm","Norm","1Fam","1Story",7,5,2007,2008,"Gable","CompShg","VinylSd","VinylSd","None",0,4,3,"PConc",5,3,1,1,1,1372,"GasA",5,"Y",5,1372,0,0,2,0,3,1,4,8,0,0,"Attchd",3,2,529,3,3,3,0,140,0,0,0,0,0,0,"NA",0,5,2008,"New","Partial",250580,1,1,0,0,0,0,0
"020","RL",7388,"Pave","NA",4,"Lvl",4,"Corner",3,"NAmes","Norm","Norm","1Fam","1Story",5,6,1959,2002,"Gable","CompShg","MetalSd","MetalSd","None",0,3,3,"CBlock",3,3,1,3,1,1063,"GasA",4,"Y",5,1327,1,0,1,0,3,1,4,8,0,0,"Detchd",1,2,624,3,3,3,0,0,0,0,0,0,0,0,"NA",0,7,2007,"WD","Normal",150750,1,1,0,0,0,0,0
"030","RM",6900,"Pave","NA",4,"Lvl",4,"Inside",3,"IDOTRR","Norm","Norm","1Fam","1Story",5,6,1940,1955,"Gable","CompShg","VinylSd","VinylSd","None",0,3,3,"CBlock",3,3,1,5,3,740,"GasA",5,"Y",5,778,0,0,1,0,2,1,3,8,1,4,"Detchd",3,1,924,5,5,3,0,25,0,0,0,0,0,0,"NA",0,2,2008,"WD","Normal",120500,1,1,1,0,0,0,0
"020","RL",13072,"Pave","NA",4,"Lvl",4,"Inside",3,"SawyerW","RRAe","Norm","1Fam","1Story",6,5,2005,2006,"Gable","CompShg","VinylSd","VinylSd","None",0,3,3,"PConc",4,3,1,1,1,1131,"GasA",5,"Y",5,1131,0,0,1,1,3,1,4,8,0,0,"NA",0,0,0,0,0,3,0,39,0,0,0,0,0,0,"NA",0,3,2006,"New","Partial",132000,1,0,0,0,0,0,0
"060","RL",13517,"Pave","NA",3,"Lvl",4,"CulDSac",3,"Sawyer","RRAe","Norm","1Fam","2Story",6,8,1976,2005,"Gable","CompShg","HdBoard","Plywood","BrkFace",289,4,3,"CBlock",3,3,1,6,1,725,"GasA",5,"Y",5,1479,0,0,2,1,3,1,4,8,0,0,"Attchd",2,2,475,3,3,3,0,44,0,0,0,0,0,0,"NA",0,3,2010,"WD","Normal",130500,1,1,0,0,0,0,1
"120","RL",6240,"Pave","NA",4,"Lvl",4,"Inside",3,"NridgHt","Norm","Norm","TwnhsE","1Story",8,5,2006,2007,"Hip","CompShg","MetalSd","MetalSd","BrkFace",196,4,3,"PConc",4,3,1,6,1,1342,"GasA",5,"Y",5,1342,0,0,2,0,2,1,4,8,1,4,"Attchd",2,2,550,3,3,3,0,35,0,0,0,0,0,0,"NA",0,2,2008,"WD","Normal",219500,1,1,1,0,0,0,1
"075","RL",6204,"Pave","NA",4,"Bnk",4,"Inside",3,"SWISU","Norm","Norm","1Fam","2.5Fin",4,5,1912,1950,"Gable","CompShg","Wd Sdng","Wd Sdng","None",0,4,3,"PConc",3,2,1,1,1,795,"GasA",3,"N",5,2230,1,0,1,0,5,1,3,8,0,0,"Detchd",1,1,440,3,4,3,0,188,0,0,0,0,0,0,"NA",0,3,2006,"WD","Normal",118500,1,1,0,0,0,0,0
"120","RL",4928,"Pave","NA",3,"Lvl",4,"Inside",3,"NPkVill","Norm","Norm","TwnhsE","1Story",6,5,1976,1976,"Gable","CompShg","Plywood","Plywood","None",0,3,3,"CBlock",4,3,1,5,1,1078,"GasA",3,"Y",5,958,0,0,2,0,2,1,3,8,1,3,"Attchd",2,2,440,3,3,3,0,205,0,0,0,0,0,0,"NA",0,2,2007,"WD","Normal",128000,1,1,1,0,0,0,0
"120","RL",7052,"Pave","NA",3,"Lvl",4,"Inside",3,"NridgHt","Norm","Norm","TwnhsE","1Story",7,5,2005,2005,"Gable","CompShg","VinylSd","VinylSd","Stone",240,4,3,"PConc",4,3,3,6,1,1364,"GasA",5,"Y",5,1364,1,0,2,0,2,1,4,8,1,4,"Attchd",2,2,484,3,3,3,192,36,0,0,0,0,0,0,"NA",0,6,2006,"WD","Normal",185850,1,1,1,0,0,0,1
"020","RL",13265,"Pave","NA",3,"Lvl",4,"CulDSac",3,"Mitchel","Norm","Norm","1Fam","1Story",8,5,2002,2002,"Hip","CompShg","CemntBd","CmentBd","BrkFace",148,4,3,"PConc",4,3,1,6,1,1568,"GasA",5,"Y",5,1689,1,0,2,0,3,1,4,8,2,4,"Attchd",2,3,857,3,3,3,150,59,0,0,0,0,0,0,"NA",0,7,2008,"WD","Normal",271000,1,1,1,0,0,0,1
"020","RL",12450,"Pave","NA",4,"Lvl",4,"Inside",3,"SawyerW","RRAe","Norm","1Fam","1Story",5,5,2003,2004,"Gable","CompShg","VinylSd","VinylSd","None",0,3,3,"PConc",4,3,1,6,1,1114,"GasA",5,"Y",5,1114,1,0,2,0,3,1,4,8,0,0,"Detchd",1,2,576,3,3,3,0,42,0,0,0,0,0,0,"NA",0,6,2009,"WD","Normal",153000,1,1,0,0,0,0,0
"020","RL",8000,"Pave","NA",4,"Lvl",4,"Inside",3,"NAmes","Norm","Norm","1Fam","1Story",5,5,1962,1962,"Gable","CompShg","BrkFace","MetalSd","None",0,3,3,"CBlock",3,3,1,4,3,1027,"GasA",3,"Y",5,1027,0,1,1,0,3,1,3,8,0,0,"Attchd",1,1,299,3,3,3,0,0,0,0,0,0,0,0,"NA",0,11,2008,"WD","Normal",125900,1,1,0,0,0,0,0
"060","RL",8123,"Pave","NA",3,"Lvl",4,"Inside",3,"Gilbert","RRAn","Norm","1Fam","2Story",6,5,2000,2000,"Gable","CompShg","VinylSd","VinylSd","BrkFace",16,3,3,"PConc",4,3,1,1,1,982,"GasA",5,"Y",5,1800,0,0,2,1,3,1,3,8,1,3,"Attchd",3,2,463,3,3,3,100,63,0,0,0,0,0,0,"NA",0,6,2009,"WD","Normal",179000,1,1,1,0,0,0,1
"085","RL",8445,"Pave","NA",4,"Lvl",4,"Corner",3,"CollgCr","Norm","Norm","1Fam","SFoyer",5,7,1972,2007,"Gable","CompShg","HdBoard","Wd Shng","None",0,3,3,"CBlock",4,3,3,6,1,768,"GasA",3,"Y",5,768,1,0,1,0,2,1,3,8,0,0,"Detchd",1,2,396,3,3,3,58,0,0,0,0,0,0,3,"NA",0,3,2009,"WD","Normal",133000,1,1,0,0,1,0,0
"020","RL",7390,"Pave","NA",3,"Lvl",4,"Inside",3,"NAmes","Norm","Norm","1Fam","1Story",5,7,1955,1955,"Hip","CompShg","Wd Sdng","Wd Sdng","BrkFace",151,3,3,"CBlock",3,3,1,5,1,1098,"GasA",3,"Y",5,1098,1,0,1,0,3,1,3,8,0,0,"Attchd",1,1,260,3,3,3,0,0,0,0,0,0,0,0,"NA",0,7,2008,"WD","Normal",135000,1,1,0,0,0,0,1
"120","RM",4435,"Pave","NA",4,"Lvl",4,"Inside",3,"CollgCr","Norm","Norm","TwnhsE","1Story",6,5,2003,2003,"Gable","CompShg","VinylSd","VinylSd","BrkFace",170,4,3,"PConc",4,3,3,6,1,848,"GasA",5,"Y",5,848,1,0,1,0,1,1,4,8,0,0,"Attchd",3,2,420,3,3,3,140,0,0,0,0,0,0,0,"NA",0,3,2008,"WD","Normal",136500,1,1,0,0,0,0,1
"190","RL",8450,"Pave","NA",4,"Lvl",4,"Inside",3,"Sawyer","RRAe","Norm","2fmCon","1Story",5,5,1968,1968,"Gable","CompShg","HdBoard","HdBoard","None",0,3,3,"CBlock",3,2,2,5,1,890,"GasA",4,"N",5,890,1,0,1,0,3,1,3,8,0,0,"Detchd",1,1,308,3,3,3,0,0,0,0,0,0,0,0,"NA",0,4,2008,"WD","Normal",115000,1,1,0,0,0,0,0
"020","RL",8760,"Pave","NA",4,"Lvl",4,"Inside",3,"NAmes","Norm","Norm","1Fam","1Story",6,6,1959,1959,"Hip","CompShg","MetalSd","MetalSd","BrkFace",220,3,3,"CBlock",3,3,1,1,1,1194,"GasA",3,"Y",5,1194,1,0,1,0,3,1,3,8,0,0,"Attchd",2,1,312,3,3,3,0,0,120,0,0,0,0,0,"NA",0,4,2010,"WD","Normal",148000,1,1,0,0,0,0,1
"060","FV",9375,"Pave","NA",4,"Lvl",4,"Inside",3,"Somerst","Norm","Norm","1Fam","2Story",7,5,2003,2004,"Gable","CompShg","VinylSd","VinylSd","None",0,4,3,"PConc",4,3,1,1,1,912,"GasA",5,"Y",5,2094,0,0,2,1,4,1,4,8,1,4,"BuiltIn",3,2,615,3,3,3,182,182,0,0,0,0,0,0,"NA",0,11,2009,"WD","Normal",263000,1,1,1,0,0,0,0
"080","RL",9590,"Pave","NA",3,"Lvl",4,"Corner",3,"Timber","Norm","Norm","1Fam","SLvl",7,5,2003,2003,"Gable","CompShg","VinylSd","VinylSd","BrkFace",442,4,3,"PConc",5,3,3,6,1,868,"GasA",5,"Y",5,1146,1,0,2,0,3,1,4,8,1,4,"Attchd",3,2,438,3,3,3,160,22,0,0,0,0,0,0,"NA",0,5,2007,"WD","Normal",187500,1,1,1,0,0,0,1
"020","RL",15431,"Pave","NA",4,"Lvl",4,"Inside",3,"NridgHt","Norm","Norm","1Fam","1Story",10,5,2005,2006,"Hip","CompShg","VinylSd","VinylSd","BrkFace",400,5,3,"PConc",5,3,4,6,1,1994,"GasA",5,"Y",5,2046,1,0,2,1,2,1,5,8,2,4,"Attchd",3,3,878,3,3,3,188,65,0,0,175,0,0,0,"NA",0,8,2007,"WD","Normal",450000,1,1,1,0,0,0,1
"060","RL",12447,"Pave","NA",3,"Lvl",4,"Inside",3,"Somerst","RRAn","Norm","1Fam","2Story",8,5,2005,2006,"Gable","CompShg","CemntBd","CmentBd","Stone",192,4,3,"PConc",4,4,1,1,1,1100,"GasA",5,"Y",5,1964,0,0,2,1,3,1,4,8,1,4,"BuiltIn",3,2,760,3,3,3,200,70,0,0,0,0,0,0,"NA",0,1,2006,"New","Partial",252000,1,1,1,0,0,0,1
"020","RL",15262,"Pave","NA",3,"Lvl",4,"Corner",3,"NridgHt","Norm","Norm","1Fam","1Story",8,5,2003,2004,"Hip","CompShg","VinylSd","VinylSd","BrkFace",470,4,3,"PConc",5,3,4,6,1,2200,"GasA",5,"Y",5,2200,1,0,2,1,3,1,5,8,1,4,"Attchd",3,3,685,3,3,3,208,55,0,0,0,0,0,0,"NA",0,7,2009,"WD","Normal",382500,1,1,1,0,0,0,1
"080","RL",10090,"Pave","NA",3,"Lvl",4,"Inside",3,"NAmes","Norm","Norm","1Fam","SLvl",7,5,1963,1999,"Gable","CompShg","Plywood","Plywood","BrkFace",364,3,3,"CBlock",3,3,3,3,5,725,"GasA",3,"Y",5,1651,0,1,2,0,4,1,3,8,2,3,"BuiltIn",1,1,276,3,3,3,460,46,0,0,165,0,0,3,"NA",0,10,2007,"WD","Normal",172000,1,1,1,0,1,0,1
"030","RL",10800,"Pave","Grvl",4,"Lvl",4,"Inside",3,"OldTown","Norm","Norm","1Fam","1Story",5,7,1920,1950,"Gable","CompShg","Wd Sdng","Wd Sdng","None",0,3,3,"BrkTil",3,3,1,1,1,720,"GasA",3,"N",5,846,0,0,1,0,2,1,4,8,0,0,"Detchd",3,2,576,3,3,1,0,0,0,0,0,0,0,0,"NA",0,6,2009,"WD","Normal",106000,1,1,0,0,0,1,0
"060","FV",8791,"Pave","NA",3,"Lvl",4,"Inside",3,"Somerst","Norm","Norm","1Fam","2Story",6,5,2003,2003,"Gable","CompShg","VinylSd","VinylSd","None",0,4,3,"PConc",4,3,1,3,1,864,"GasA",5,"Y",5,1728,0,0,2,1,3,1,4,8,0,0,"Attchd",2,2,673,3,3,3,216,56,0,0,0,0,0,0,"NA",0,5,2008,"WD","Normal",207500,1,1,0,0,0,0,0
"045","RM",6120,"Pave","NA",4,"Lvl",4,"Inside",3,"BrkSide","Norm","Norm","1Fam","1.5Unf",5,7,1939,1950,"Gable","CompShg","AsbShng","AsbShng","None",0,4,3,"BrkTil",3,3,1,1,1,884,"GasA",5,"Y",5,884,0,0,1,0,2,1,3,8,0,0,"Detchd",1,1,240,3,3,3,0,0,136,0,0,0,0,3,"NA",0,7,2007,"WD","Normal",113000,1,1,0,0,1,0,0
"080","RL",9600,"Pave","NA",4,"Lvl",4,"Inside",3,"NAmes","Norm","Norm","1Fam","SLvl",6,6,1955,1996,"Hip","CompShg","AsbShng","AsbShng","None",0,3,3,"CBlock",3,3,3,4,1,992,"GasA",4,"Y",5,1661,1,0,1,0,3,1,4,8,1,3,"BuiltIn",2,1,377,3,3,3,0,28,0,0,178,0,0,3,"NA",0,10,2008,"WD","Normal",165500,1,1,1,0,1,0,0
"020","RL",7980,"Pave","NA",3,"Lvl",4,"Inside",3,"Gilbert","Norm","Norm","1Fam","1Story",6,7,1992,2007,"Gable","CompShg","HdBoard","HdBoard","None",0,3,4,"PConc",4,3,1,5,1,1168,"GasA",5,"Y",5,1187,1,0,2,0,3,1,3,8,0,0,"Attchd",3,2,420,3,3,3,483,21,0,0,0,0,0,4,"Shed",500,3,2010,"WD","Normal",185000,1,1,0,0,1,0,0
"190","RL",10106,"Pave","NA",4,"Lvl",4,"Inside",3,"Edwards","Norm","Norm","2fmCon","1.5Fin",5,7,1940,1999,"Gable","CompShg","Wd Sdng","Wd Sdng","None",0,3,4,"BrkTil",3,3,1,5,3,644,"GasA",4,"Y",5,1355,1,0,2,0,4,2,3,8,0,0,"NA",0,0,0,0,0,3,140,0,0,0,0,0,0,0,"NA",0,9,2008,"WD","Normal",127500,1,0,0,0,0,0,0
"120","RL",6289,"Pave","NA",3,"Lvl",4,"Inside",3,"NridgHt","Norm","Norm","TwnhsE","1Story",6,5,2005,2006,"Gable","CompShg","VinylSd","VinylSd","Stone",256,4,3,"PConc",4,3,3,5,1,1362,"GasA",5,"Y",5,1362,1,0,2,0,2,1,4,8,1,4,"Attchd",2,2,460,3,3,3,192,28,0,0,0,0,0,0,"NA",0,6,2007,"WD","Normal",207000,1,1,1,0,0,0,1
"020","RL",5000,"Pave","NA",4,"Lvl",4,"Inside",3,"BrkSide","Norm","Norm","1Fam","1Story",3,3,1946,1950,"Gable","CompShg","WdShing","Wd Shng","None",0,2,2,"CBlock",2,2,1,2,1,666,"GasA",2,"N",5,666,0,1,1,0,2,1,4,8,0,0,"NA",0,0,0,0,0,1,0,52,0,0,0,0,0,3,"NA",0,4,2007,"WD","Normal",64500,1,0,0,0,1,0,0
"060","FV",10646,"Pave","NA",3,"Lvl",4,"Corner",3,"Somerst","Norm","Norm","1Fam","2Story",7,5,2001,2001,"Gable","CompShg","VinylSd","VinylSd","BrkFace",513,3,3,"PConc",3,3,1,6,1,858,"GasA",5,"Y",5,1789,1,0,2,1,3,1,3,8,1,3,"Attchd",3,2,546,3,3,3,0,0,0,0,0,0,0,0,"NA",0,6,2008,"WD","Normal",223000,1,1,1,0,0,0,1
"020","RL",8750,"Pave","NA",3,"Lvl",4,"Inside",3,"NAmes","Norm","Norm","1Fam","1Story",5,6,1970,1970,"Gable","CompShg","MetalSd","MetalSd","BrkFace",76,3,3,"CBlock",3,3,1,4,1,1002,"GasA",3,"Y",5,1002,1,0,1,0,3,1,3,8,0,0,"Detchd",1,2,902,3,3,3,0,0,0,0,0,0,0,3,"NA",0,8,2009,"WD","Normal",148500,1,1,0,0,1,0,1
"060","RL",8320,"Pave","NA",4,"Lvl",4,"Inside",3,"CollgCr","Norm","Norm","1Fam","2Story",7,5,2004,2004,"Gable","CompShg","VinylSd","VinylSd","None",0,4,3,"PConc",4,3,1,6,1,770,"GasA",5,"Y",5,1582,0,0,2,1,3,1,4,8,0,0,"Attchd",2,2,520,3,3,3,0,45,0,0,0,0,0,0,"NA",0,9,2008,"WD","Normal",185900,1,1,0,0,0,0,0
"060","RL",8750,"Pave","NA",4,"Lvl",4,"Inside",3,"CollgCr","Norm","Norm","1Fam","2Story",6,5,1998,1998,"Gable","CompShg","VinylSd","VinylSd","BrkFace",116,3,3,"PConc",4,3,1,6,1,804,"GasA",5,"Y",5,1682,0,0,2,1,3,1,4,8,0,0,"Attchd",2,2,523,3,3,3,0,77,0,0,0,0,0,0,"NA",0,6,2010,"WD","Normal",200500,1,1,0,0,0,0,1
"020","RL",8750,"Pave","NA",4,"Lvl",4,"Inside",3,"CollgCr","Norm","Norm","1Fam","1Story",7,5,1997,1998,"Gable","CompShg","VinylSd","VinylSd","BrkFace",209,4,3,"PConc",4,3,3,6,1,1417,"GasA",5,"Y",5,1417,1,0,2,0,3,1,4,8,1,3,"Attchd",1,2,511,3,3,3,60,0,0,0,117,0,0,0,"NA",0,8,2009,"WD","Normal",210000,1,1,1,0,0,0,1
"020","RL",8775,"Pave","NA",4,"Lvl",4,"Inside",3,"CollgCr","Norm","Norm","1Fam","1Story",5,5,1994,1994,"Gable","CompShg","VinylSd","VinylSd","None",0,3,3,"PConc",4,3,1,6,1,990,"GasA",4,"Y",5,990,0,0,1,0,3,1,3,8,0,0,"Attchd",1,1,299,3,3,3,0,64,0,0,0,0,0,0,"NA",0,4,2007,"WD","Normal",126000,1,1,0,0,0,0,0
"060","RL",11631,"Pave","NA",3,"Lvl",4,"Corner",3,"Gilbert","Norm","Norm","1Fam","2Story",8,5,2004,2005,"Gable","CompShg","VinylSd","VinylSd","BrkFace",236,4,3,"PConc",4,3,3,1,1,1052,"GasA",5,"Y",5,2373,0,0,2,1,4,1,4,8,1,4,"BuiltIn",3,3,632,3,3,3,120,46,0,0,0,0,0,0,"NA",0,6,2006,"New","Partial",258000,1,1,1,0,0,0,1
"020","RL",12000,"Pave","NA",4,"Lvl",4,"Inside",3,"Veenker","Norm","Norm","1Fam","1Story",7,6,1980,1980,"Hip","CompShg","VinylSd","MetalSd","BrkFace",600,4,3,"CBlock",4,3,1,6,1,2002,"GasA",5,"Y",5,2362,1,0,2,1,3,1,4,8,1,3,"Attchd",2,2,546,4,3,3,180,16,0,0,0,0,0,0,"NA",0,3,2007,"WD","Normal",255000,1,1,1,0,0,0,1
"160","RM",1680,"Pave","NA",4,"Lvl",4,"Inside",3,"BrDale","Norm","Norm","Twnhs","2Story",5,5,1971,1971,"Gable","CompShg","HdBoard","HdBoard","BrkFace",492,3,3,"CBlock",3,3,1,3,1,525,"GasA",3,"Y",5,1092,0,0,1,1,3,1,3,8,0,0,"Detchd",1,1,320,3,3,3,0,0,0,0,0,0,0,0,"NA",0,3,2010,"WD","Normal",105500,1,1,0,0,0,0,1
"060","RL",11792,"Pave","NA",3,"Lvl",4,"Inside",3,"Gilbert","Norm","Norm","1Fam","2Story",8,5,2003,2003,"Gable","CompShg","VinylSd","VinylSd","BrkFace",188,4,3,"PConc",4,3,4,6,1,1008,"GasA",5,"Y",5,2283,0,0,2,1,4,1,4,8,1,4,"BuiltIn",3,3,632,3,3,3,120,46,0,0,0,0,0,0,"NA",0,8,2009,"WD","Normal",270000,1,1,1,0,0,0,1
"060","RL",9364,"Pave","NA",4,"Lvl",4,"Corner",3,"Sawyer","Norm","Norm","1Fam","2Story",6,7,1969,1969,"Gable","CompShg","HdBoard","HdBoard","Stone",143,3,3,"CBlock",3,3,1,5,1,663,"GasA",3,"Y",5,1352,0,0,1,1,4,1,3,8,0,0,"Attchd",3,1,299,3,3,3,379,36,0,0,0,0,0,3,"NA",0,3,2010,"WD","Normal",158000,1,1,0,0,1,0,1
"020","RL",11160,"Pave","NA",4,"Lvl",4,"Corner",3,"NAmes","Norm","Norm","1Fam","1Story",7,5,1968,1968,"Hip","CompShg","BrkFace","BrkFace","None",0,4,3,"CBlock",3,3,1,5,1,2110,"GasA",5,"Y",5,2110,1,0,2,1,3,1,5,8,2,3,"Attchd",3,2,522,3,3,3,0,0,0,0,0,0,0,0,"NA",0,4,2010,"WD","Normal",244000,1,1,1,0,0,0,0
"020","RL",10800,"Pave","NA",4,"Lvl",4,"Inside",3,"NAmes","PosA","Norm","1Fam","1Story",6,6,1961,1992,"Gable","CompShg","HdBoard","HdBoard","BrkFace",104,3,3,"CBlock",3,3,1,3,1,1313,"GasA",3,"Y",5,1773,1,0,2,0,3,1,3,6,2,3,"Attchd",2,2,418,3,3,3,355,98,0,0,144,0,0,0,"NA",0,8,2006,"WD","Normal",183000,1,1,1,0,0,0,1
"020","RL",14695,"Pave","NA",3,"Lvl",4,"Inside",3,"NAmes","Norm","Norm","1Fam","1Story",6,8,1966,2008,"Gable","CompShg","MetalSd","MetalSd","BrkFace",210,3,4,"CBlock",3,3,1,5,1,1562,"GasA",4,"Y",5,1567,1,0,2,0,2,1,4,8,2,4,"Attchd",1,2,542,3,3,3,0,110,0,0,342,0,0,2,"NA",0,7,2009,"WD","Normal",256000,1,1,1,0,1,0,1
"060","FV",9512,"Pave","NA",3,"Lvl",4,"Inside",3,"Somerst","RRAn","Norm","1Fam","2Story",7,5,2005,2006,"Gable","CompShg","VinylSd","VinylSd","None",0,4,3,"PConc",4,3,1,5,1,960,"GasA",5,"Y",5,2318,1,0,2,1,3,1,4,8,1,5,"BuiltIn",3,2,541,3,3,3,0,246,0,0,0,0,0,0,"NA",0,6,2006,"New","Partial",294323,1,1,1,0,0,0,0
"060","RL",12393,"Pave","NA",2,"Lvl",4,"FR2",3,"CollgCr","Norm","Norm","1Fam","2Story",7,5,2004,2005,"Gable","CompShg","VinylSd","VinylSd","None",0,4,3,"PConc",4,3,1,1,1,847,"GasA",5,"Y",5,1948,0,0,2,1,4,1,4,8,1,4,"BuiltIn",3,2,434,3,3,3,100,48,0,0,0,0,0,0,"NA",0,9,2006,"WD","Normal",195000,1,1,1,0,0,0,0
"120","RL",3874,"Pave","NA",3,"Lvl",4,"Inside",3,"Greens","Norm","Norm","TwnhsE","1Story",8,5,1980,1980,"Gable","CompShg","Wd Sdng","Wd Sdng","None",0,4,3,"CBlock",4,3,4,6,1,1226,"GasA",3,"Y",5,1226,1,0,1,0,1,1,4,8,1,2,"Attchd",3,2,484,3,3,3,133,78,0,0,0,0,0,0,"NA",0,7,2006,"WD","Normal",190000,1,1,1,0,0,0,0
"075","RM",5350,"Pave","NA",4,"Lvl",4,"Corner",3,"OldTown","Artery","Norm","1Fam","2Story",7,8,1920,1965,"Gable","CompShg","Wd Sdng","Wd Shng","None",0,3,3,"BrkTil",3,3,1,4,1,624,"GasA",5,"Y",5,1450,0,0,1,0,3,1,3,8,0,0,"Detchd",1,1,288,3,3,3,0,192,0,0,0,0,0,3,"NA",0,3,2008,"WD","Normal",132000,1,1,0,0,1,0,0
"020","RL",10130,"Pave","NA",4,"Lvl",4,"Inside",3,"Somerst","Norm","Norm","1Fam","1Story",8,5,2007,2007,"Gable","CompShg","VinylSd","VinylSd","Stone",260,4,3,"PConc",4,3,3,6,1,1702,"GasA",5,"Y",5,1702,1,0,2,0,3,1,4,8,1,4,"Attchd",2,3,844,3,3,3,0,69,0,0,0,0,0,0,"NA",0,3,2009,"WD","Normal",275500,1,1,1,0,0,0,1
"190","RM",10320,"Pave","Grvl",4,"Lvl",4,"Inside",3,"IDOTRR","Norm","Norm","2fmCon","2Story",3,3,1915,1950,"Gable","CompShg","AsphShn","AsphShn","None",0,2,2,"PConc",3,2,1,1,1,536,"GasA",5,"N",2,1344,0,0,2,0,3,2,3,8,0,0,"NA",0,0,0,0,0,1,42,0,204,0,0,0,0,0,"NA",0,5,2008,"WD","Normal",82375,1,0,0,0,0,1,0
"020","RL",11553,"Pave","NA",3,"Lvl",4,"Inside",3,"Sawyer","Norm","Norm","1Fam","1Story",5,5,1968,1968,"Hip","CompShg","Plywood","Plywood","BrkFace",188,3,3,"CBlock",3,3,1,4,1,1051,"GasA",3,"Y",5,1159,0,0,1,1,3,1,3,8,1,2,"Attchd",1,1,336,3,3,3,466,0,0,0,0,0,0,0,"NA",0,7,2006,"WD","Normal",158000,1,1,1,0,0,0,1
"050","RL",23920,"Pave","NA",4,"Lvl",4,"Inside",3,"SawyerW","Feedr","Norm","1Fam","1.5Fin",6,5,1984,1984,"Gable","CompShg","Wd Sdng","Wd Sdng","None",0,3,3,"CBlock",3,3,1,1,1,1105,"GasA",5,"Y",5,1822,0,0,2,0,4,1,4,6,1,1,"Attchd",1,2,515,3,3,2,0,195,1012,0,0,444,3,0,"NA",0,4,2007,"WD","Normal",228500,1,1,1,1,0,0,0
"050","RL",7010,"Pave","NA",4,"Lvl",4,"Inside",3,"BrkSide","Norm","Norm","1Fam","1.5Fin",5,5,1935,1950,"Gable","CompShg","Wd Sdng","Wd Sdng","None",0,3,3,"BrkTil",3,3,1,3,1,1024,"GasA",3,"Y",5,1738,0,0,2,0,3,1,3,8,1,4,"Detchd",1,1,240,3,3,2,0,30,0,0,0,0,0,0,"NA",0,7,2008,"WD","Normal",153000,1,1,1,0,0,0,0
"020","RL",10140,"Pave","NA",4,"Lvl",4,"Inside",3,"NWAmes","Norm","Norm","1Fam","1Story",6,6,1974,1974,"Hip","CompShg","Plywood","Plywood","BrkFace",196,3,3,"CBlock",3,3,1,5,1,1116,"GasA",5,"Y",5,1116,1,0,2,0,3,1,3,8,1,3,"Attchd",2,2,528,3,3,3,0,0,0,0,0,0,0,2,"NA",0,4,2009,"WD","Normal",167900,1,1,1,0,1,0,1
"190","RL",7000,"Pave","NA",4,"Lvl",4,"Inside",3,"Edwards","Norm","Norm","2fmCon","2Story",5,7,1910,1991,"Gable","CompShg","MetalSd","MetalSd","None",0,3,3,"CBlock",4,3,4,6,1,1117,"GasA",3,"Y",5,1347,1,0,1,0,3,1,3,8,0,0,"NA",0,0,0,0,0,1,85,0,148,0,0,0,0,0,"NA",0,1,2008,"WD","Normal",107500,1,0,0,0,0,0,0
"020","RL",7930,"Pave","NA",4,"Lvl",4,"Inside",3,"NAmes","Norm","Norm","1Fam","1Story",6,8,1969,2005,"Gable","CompShg","Plywood","Plywood","None",0,3,3,"CBlock",3,3,1,6,2,1026,"GasA",4,"Y",5,1026,1,0,1,0,3,1,4,8,0,0,"Detchd",2,2,440,3,3,3,171,48,0,0,0,0,0,0,"NA",0,7,2009,"WD","Normal",156000,1,1,0,0,0,0,0
"020","RL",11341,"Pave","NA",3,"Lvl",4,"Inside",3,"Sawyer","Norm","Norm","1Fam","1Story",5,6,1957,1996,"Hip","CompShg","Wd Sdng","Wd Sdng","BrkFace",180,3,3,"CBlock",4,3,1,5,1,1392,"GasA",3,"Y",5,1392,1,0,1,1,3,1,3,5,1,4,"Detchd",1,2,528,3,3,3,0,0,0,0,95,0,0,0,"NA",0,5,2010,"WD","Normal",121500,1,1,1,0,0,0,1
"060","RL",7415,"Pave","NA",3,"Lvl",4,"Inside",3,"Gilbert","Norm","Norm","1Fam","2Story",6,5,2004,2004,"Gable","CompShg","VinylSd","VinylSd","None",0,3,3,"PConc",3,3,1,6,1,839,"GasA",5,"Y",5,1593,1,0,2,1,3,1,3,8,1,3,"Attchd",3,2,398,3,3,3,100,75,0,0,0,0,0,0,"NA",0,4,2008,"WD","Normal",193000,1,1,1,0,0,0,0
"020","RL",11727,"Pave","NA",4,"Lvl",4,"Corner",3,"NAmes","Norm","Norm","1Fam","1Story",7,6,1969,1969,"Gable","CompShg","HdBoard","HdBoard","BrkFace",434,3,4,"CBlock",3,3,2,1,1,1851,"GasA",4,"Y",5,1851,0,0,2,0,3,1,3,8,1,3,"Attchd",3,2,506,3,3,3,0,146,0,0,0,0,0,0,"NA",0,3,2006,"WD","Normal",192100,1,1,1,0,0,0,1
"020","RL",10454,"Pave","NA",3,"Lvl",4,"Corner",3,"NAmes","Norm","Norm","1Fam","1Story",6,6,1957,1957,"Hip","CompShg","Plywood","Plywood","Stone",143,3,3,"CBlock",3,3,1,3,1,1105,"GasA",4,"Y",3,1105,0,0,1,0,3,1,3,8,0,0,"Detchd",1,1,308,3,3,3,0,0,0,0,0,0,0,0,"NA",0,4,2009,"WD","Normal",135000,1,1,0,0,0,0,1
"030","RL",4060,"Pave","NA",4,"Lvl",4,"Corner",3,"Edwards","Feedr","Norm","1Fam","1Story",5,8,1922,1950,"Gable","CompShg","Wd Sdng","Wd Sdng","None",0,3,3,"PConc",2,3,1,1,1,864,"GasA",5,"Y",5,864,0,0,1,0,2,1,3,8,0,0,"NA",0,0,0,0,0,3,0,96,0,0,0,0,0,0,"NA",0,7,2009,"WD","Normal",99900,1,0,0,0,0,0,0
"020","RM",8626,"Pave","NA",4,"Lvl",4,"Inside",3,"OldTown","Norm","Norm","1Fam","1Story",4,6,1956,1956,"Gable","CompShg","MetalSd","MetalSd","None",1,3,3,"CBlock",0,0,0,0,0,0,"GasA",4,"Y",5,968,0,0,1,0,2,1,3,8,0,0,"Attchd",1,1,331,2,3,3,0,0,0,0,0,0,0,0,"NA",0,5,2007,"WD","Normal",104500,0,1,0,0,0,0,0
"120","RL",5911,"Pave","NA",4,"Lvl",4,"Inside",3,"NridgHt","Norm","Norm","TwnhsE","1Story",9,5,2005,2005,"Hip","CompShg","MetalSd","MetalSd","BrkFace",278,5,3,"PConc",5,3,1,6,1,1560,"GasA",5,"Y",5,1565,1,0,2,0,2,1,5,8,1,4,"Attchd",2,2,556,3,3,3,196,56,0,0,0,0,0,0,"NA",0,3,2006,"WD","Normal",282500,1,1,1,0,0,0,1
"060","RL",10140,"Pave","NA",4,"Lvl",4,"Inside",3,"NWAmes","Norm","Norm","1Fam","2Story",7,5,1976,1976,"Gable","CompShg","HdBoard","HdBoard","None",0,3,3,"PConc",4,3,1,6,1,832,"GasA",3,"Y",5,1664,0,0,2,1,4,1,3,8,1,3,"Attchd",2,2,528,3,3,3,0,28,0,0,259,0,0,2,"NA",0,3,2006,"WD","Normal",162900,1,1,1,0,1,0,0
"020","RL",12864,"Pave","NA",3,"Lvl",4,"CulDSac",3,"Mitchel","Norm","Norm","1Fam","1Story",7,5,2002,2002,"Gable","CompShg","VinylSd","VinylSd","None",0,4,3,"PConc",4,3,1,6,1,1409,"GasA",5,"Y",5,1409,1,0,1,1,1,1,4,8,1,4,"Attchd",2,2,576,3,3,3,0,144,0,0,145,0,0,0,"NA",0,7,2007,"WD","Normal",245000,1,1,1,0,0,0,0
"090","RL",9842,"Pave","NA",4,"Lvl",4,"FR2",3,"NAmes","Norm","Norm","Duplex","1Story",4,5,1962,1962,"Gable","CompShg","HdBoard","HdBoard","None",0,3,3,"Slab",0,0,0,0,0,0,"GasA",3,"Y",5,1224,0,0,2,0,2,2,3,8,0,0,"CarPort",1,2,462,3,3,3,0,0,0,0,0,0,0,0,"NA",0,3,2007,"WD","Normal",101800,0,1,0,0,0,0,0
"080","RL",7700,"Pave","NA",4,"Lvl",4,"Inside",3,"NAmes","Norm","Norm","1Fam","SLvl",5,7,1956,1956,"Gable","CompShg","VinylSd","VinylSd","None",0,3,3,"CBlock",4,3,1,4,1,301,"GasA",5,"Y",3,1145,0,0,1,0,3,1,3,6,0,0,"Detchd",1,2,684,3,3,3,0,0,0,0,0,0,0,2,"NA",0,9,2006,"WD","Normal",127000,1,1,0,0,1,0,0
"070","RH",12155,"Pave","NA",3,"Lvl",4,"Inside",3,"SWISU","Norm","Norm","1Fam","2Story",6,8,1925,1950,"Gable","CompShg","Wd Sdng","Wd Sdng","None",0,3,3,"BrkTil",3,3,1,4,1,672,"GasA",3,"N",5,1482,0,0,2,0,4,1,2,8,0,0,"Detchd",1,1,400,3,3,2,0,0,254,0,0,0,0,0,"NA",0,3,2008,"WD","Normal",140000,1,1,0,0,0,0,0
"120","RM",4750,"Pave","NA",3,"HLS",4,"Inside",2,"Crawfor","Norm","Norm","TwnhsE","1Story",8,5,2006,2007,"Hip","CompShg","VinylSd","VinylSd","Stone",481,4,3,"PConc",4,3,4,6,1,1573,"GasA",5,"Y",5,1625,1,1,2,0,2,1,4,8,1,4,"Attchd",3,2,538,3,3,3,123,0,0,0,153,0,0,0,"NA",0,12,2007,"WD","Family",235000,1,1,1,0,0,0,1
"120","RL",5381,"Pave","NA",3,"Lvl",4,"Inside",3,"NridgHt","Norm","Norm","Twnhs","1Story",6,5,2005,2005,"Gable","CompShg","VinylSd","VinylSd","Stone",135,4,3,"PConc",4,3,3,5,1,1306,"GasA",5,"Y",5,1306,1,0,2,0,1,1,4,8,1,4,"Attchd",2,2,624,3,3,3,170,63,0,0,0,0,0,0,"NA",0,8,2009,"WD","Normal",196000,1,1,1,0,0,0,1
"080","RL",13825,"Pave","NA",4,"Lvl",4,"Inside",3,"Sawyer","Norm","Norm","1Fam","SLvl",5,6,1958,1987,"Gable","CompShg","MetalSd","MetalSd","None",0,3,4,"CBlock",3,3,1,1,1,533,"GasA",3,"Y",5,1601,0,1,1,0,3,1,3,6,0,0,"BuiltIn",2,1,300,3,3,3,280,34,0,0,0,0,0,0,"NA",0,12,2008,"WD","Normal",140000,1,1,0,0,0,0,0
"120","RL",4928,"Pave","NA",3,"Lvl",4,"Inside",3,"NPkVill","Norm","Norm","TwnhsE","1Story",6,6,1976,1976,"Gable","CompShg","Plywood","Plywood","None",0,3,3,"CBlock",4,3,1,2,1,958,"GasA",3,"Y",5,958,0,0,2,0,2,1,3,8,0,0,"Attchd",2,2,440,3,3,3,0,60,0,0,0,0,0,0,"NA",0,10,2009,"WD","Normal",143750,1,1,0,0,0,0,0
"020","RL",9248,"Pave","NA",3,"Lvl",4,"Inside",3,"Gilbert","Norm","Norm","1Fam","1Story",6,6,1992,1992,"Gable","CompShg","HdBoard","HdBoard","BrkFace",106,3,3,"PConc",4,3,1,6,1,1158,"GasA",4,"Y",5,1167,1,0,2,0,3,1,4,8,0,0,"Attchd",2,2,400,3,3,3,120,26,0,0,0,0,0,0,"NA",0,7,2009,"WD","Normal",173000,1,1,0,0,0,0,1
"050","RM",15660,"Pave","NA",4,"Lvl",4,"Inside",3,"OldTown","Norm","Norm","1Fam","1.5Fin",5,8,1910,2003,"Gable","CompShg","VinylSd","VinylSd","None",0,3,4,"CBlock",3,3,1,1,1,240,"GasA",3,"Y",5,1306,0,0,1,1,3,1,4,8,0,0,"Detchd",1,2,472,2,3,1,0,0,0,0,0,0,0,3,"NA",0,7,2009,"WD","Normal",130000,1,1,0,0,1,0,0
"020","RL",7420,"Pave","NA",4,"Lvl",4,"Inside",3,"Sawyer","Norm","Norm","1Fam","1Story",5,5,1962,1962,"Hip","CompShg","MetalSd","MetalSd","None",0,3,3,"CBlock",3,3,1,3,1,1057,"GasA",3,"Y",5,1057,0,0,1,0,3,1,3,8,0,0,"Detchd",3,2,576,3,3,3,0,0,0,0,0,0,0,0,"NA",0,4,2007,"WD","Normal",132000,1,1,0,0,0,0,0
"080","RL",7176,"Pave","NA",3,"Lvl",4,"CulDSac",3,"Sawyer","Norm","Norm","1Fam","SLvl",6,6,1978,1978,"Gable","CompShg","HdBoard","HdBoard","BrkFace",200,3,3,"CBlock",3,4,4,6,1,960,"GasA",2,"Y",5,1040,1,0,1,0,3,1,3,8,1,2,"Detchd",1,2,616,3,3,3,131,0,0,0,180,0,0,4,"NA",0,7,2006,"WD","Normal",160500,1,1,1,0,1,0,1
"060","RL",12435,"Pave","NA",4,"Lvl",4,"Inside",3,"CollgCr","Norm","Norm","1Fam","2Story",7,5,2001,2001,"Gable","CompShg","VinylSd","VinylSd","BrkFace",172,4,3,"PConc",4,3,1,6,1,963,"GasA",5,"Y",5,1792,0,0,2,1,3,1,4,8,1,3,"Attchd",2,2,564,3,3,3,0,96,0,245,0,0,0,0,"NA",0,5,2008,"WD","Normal",231500,1,1,1,0,0,0,1
"020","RL",115149,"Pave","NA",2,"Low",4,"CulDSac",1,"ClearCr","Norm","Norm","1Fam","1Story",7,5,1971,2002,"Gable","CompShg","Plywood","Plywood","Stone",351,3,3,"CBlock",4,3,4,6,1,1643,"GasA",3,"Y",5,1824,1,0,2,0,2,1,4,8,2,3,"Attchd",1,2,739,3,3,3,380,48,0,0,0,0,0,0,"NA",0,6,2007,"WD","Normal",302000,1,1,1,0,0,0,1
"020","RL",7150,"Pave","NA",4,"Lvl",4,"Inside",3,"NAmes","Norm","Norm","1Fam","1Story",5,6,1966,1966,"Hip","CompShg","HdBoard","HdBoard","BrkFace",52,3,3,"CBlock",3,3,1,4,1,988,"GasA",3,"Y",5,988,1,0,1,0,3,1,3,8,0,0,"Detchd",1,1,360,3,3,3,0,0,0,0,0,0,0,0,"NA",0,11,2007,"WD","Normal",129250,1,1,0,0,0,0,1
"060","RL",9783,"Pave","NA",3,"Lvl",4,"Inside",3,"Gilbert","Norm","Norm","1Fam","2Story",6,5,1996,1996,"Gable","CompShg","HdBoard","HdBoard","None",0,3,3,"PConc",4,3,1,1,1,821,"GasA",4,"Y",5,1776,0,0,2,1,3,1,3,8,1,3,"BuiltIn",3,2,443,3,3,3,286,116,0,0,0,0,0,0,"NA",0,5,2006,"WD","Normal",202000,1,1,1,0,0,0,0
"020","RL",14145,"Pave","NA",4,"Lvl",4,"Corner",3,"NWAmes","Norm","Norm","1Fam","1Story",7,7,1984,1998,"Gable","CompShg","Wd Sdng","Wd Sdng","None",0,4,3,"CBlock",4,3,2,5,1,1208,"GasA",5,"Y",5,1621,1,0,2,0,3,1,4,8,0,0,"Attchd",2,2,440,3,3,3,108,45,0,0,0,0,0,0,"Shed",400,5,2006,"WD","Normal",202500,1,1,0,0,0,0,0
"020","RL",9920,"Pave","NA",3,"Lvl",4,"Inside",3,"CollgCr","Norm","Norm","1Fam","1Story",5,6,1969,1969,"Gable","CompShg","HdBoard","Plywood","None",0,3,3,"CBlock",4,3,4,5,1,971,"GasA",3,"Y",5,971,0,0,1,1,3,1,3,8,1,1,"Attchd",1,1,300,3,3,3,0,0,0,0,0,0,0,0,"NA",0,5,2006,"WD","Normal",128500,1,1,1,0,0,0,0
"020","RL",11830,"Pave","NA",4,"Lvl",4,"Inside",3,"Somerst","Feedr","Norm","1Fam","1Story",8,5,2007,2007,"Gable","CompShg","VinylSd","VinylSd","BrkFace",164,4,3,"PConc",4,3,1,6,1,1542,"GasA",5,"Y",5,1542,1,0,2,0,3,1,4,8,1,4,"Attchd",1,3,852,3,3,3,168,110,0,0,0,0,0,0,"NA",0,7,2007,"New","Partial",260261,1,1,1,0,0,0,1
"190","RL",12900,"Pave","NA",4,"Lvl",4,"Inside",3,"Sawyer","Feedr","Norm","2fmCon","1Story",5,4,1920,1950,"Gable","CompShg","BrkFace","Stucco","None",0,3,3,"PConc",3,2,1,4,1,1300,"GasA",2,"Y",5,1140,1,0,1,0,3,1,3,8,0,0,"CarPort",1,2,400,3,3,3,0,0,190,0,0,0,0,0,"NA",0,1,2008,"WD","Alloca",95541,1,1,0,0,0,0,0
"090","RL",9482,"Pave","NA",4,"Lvl",4,"Inside",3,"NAmes","Norm","Norm","Duplex","1Story",5,4,1958,1958,"Hip","CompShg","Wd Sdng","Wd Sdng","BrkFace",657,3,3,"PConc",3,3,1,1,1,1866,"GasA",5,"Y",5,1866,0,0,2,0,4,2,3,8,0,0,"Detchd",1,2,495,3,2,3,0,0,0,0,0,0,0,0,"NA",0,12,2009,"WD","Normal",135000,1,1,0,0,0,0,1
"020","RL",10656,"Pave","NA",3,"HLS",4,"Inside",3,"Timber","Norm","Norm","1Fam","1Story",8,5,2006,2007,"Gable","CompShg","VinylSd","VinylSd","Stone",274,4,3,"PConc",4,3,3,1,1,1638,"GasA",5,"Y",5,1646,0,0,2,0,3,1,4,8,1,4,"Attchd",2,3,870,3,3,3,192,80,0,0,0,0,0,0,"NA",0,11,2007,"New","Partial",248900,1,1,1,0,0,0,1
"020","RL",14680,"Pave","Grvl",3,"HLS",4,"Inside",3,"Crawfor","Norm","Norm","1Fam","1Story",5,4,1960,1960,"Gable","CompShg","MetalSd","MetalSd","None",0,3,3,"CBlock",3,3,1,3,1,1273,"GasA",5,"Y",5,1273,0,0,1,0,2,1,3,8,0,0,"Attchd",1,1,307,3,3,3,483,0,0,0,115,0,0,3,"NA",0,6,2009,"WD","Normal",155000,1,1,0,0,1,1,0
"160","FV",2403,"Pave","NA",3,"Lvl",4,"FR2",3,"Somerst","Norm","Norm","TwnhsE","2Story",7,5,2003,2003,"Gable","CompShg","VinylSd","VinylSd","None",0,4,3,"PConc",4,3,1,6,1,530,"GasA",5,"Y",5,1080,0,0,2,1,2,1,4,8,0,0,"Attchd",2,2,496,3,3,3,0,50,0,0,0,0,0,0,"NA",0,6,2010,"WD","Normal",147110,1,1,0,0,0,0,0
"030","RL",5900,"Pave","NA",3,"Bnk",4,"Inside",3,"BrkSide","Norm","Norm","1Fam","1Story",4,7,1923,1958,"Gable","CompShg","Wd Sdng","Wd Sdng","None",0,3,3,"PConc",4,3,1,1,1,440,"GasA",3,"Y",3,869,0,0,1,0,2,1,2,8,0,0,"NA",0,0,0,0,0,3,0,0,0,0,0,0,0,0,"NA",0,8,2006,"WD","Normal",85500,1,0,0,0,0,0,0
"050","RL",7200,"Pave","NA",4,"Lvl",4,"Corner",3,"SWISU","Feedr","Norm","1Fam","1.5Fin",5,7,1937,1950,"Gable","CompShg","Wd Sdng","Wd Sdng","BrkFace",252,3,3,"BrkTil",4,3,1,5,1,731,"GasA",5,"Y",5,1768,1,0,1,1,3,1,4,8,2,3,"Detchd",1,1,240,3,3,3,0,0,264,0,0,0,0,3,"NA",0,6,2007,"WD","Normal",175000,1,1,1,0,1,0,1
"020","RL",15218,"Pave","NA",3,"Lvl",4,"CulDSac",3,"Somerst","RRAn","Norm","1Fam","1Story",8,5,2006,2006,"Gable","CompShg","VinylSd","VinylSd","None",0,4,3,"PConc",5,4,1,6,1,1670,"GasA",5,"Y",5,1670,1,0,2,1,2,1,4,8,1,4,"Attchd",2,3,928,3,3,3,0,240,200,0,0,0,0,0,"NA",0,9,2006,"New","Partial",336820,1,1,1,0,0,0,0
"060","RL",13204,"Pave","NA",3,"Lvl",4,"Inside",3,"Gilbert","RRAn","Norm","1Fam","2Story",7,5,2006,2007,"Gable","CompShg","VinylSd","VinylSd","Stone",44,3,3,"PConc",4,3,1,1,1,608,"GasA",5,"Y",5,1458,0,0,2,0,3,1,4,8,0,0,"BuiltIn",3,2,454,3,3,3,100,33,0,0,0,0,0,0,"NA",0,5,2007,"New","Partial",168165,1,1,0,0,0,0,1
"080","RM",6000,"Pave","NA",4,"Lvl",4,"Inside",3,"IDOTRR","Norm","Norm","1Fam","SLvl",5,5,1967,1967,"Hip","CompShg","HdBoard","Plywood","None",0,2,3,"CBlock",4,3,2,3,1,624,"GasA",5,"Y",5,1656,0,0,1,1,3,1,3,5,1,1,"Attchd",1,1,288,3,3,3,0,180,0,0,100,0,0,3,"NA",0,7,2008,"WD","Normal",126000,1,1,1,0,1,0,0
"060","RL",8402,"Pave","NA",3,"Lvl",4,"Inside",3,"Gilbert","Norm","Norm","1Fam","2Story",6,5,1998,1998,"Gable","CompShg","VinylSd","VinylSd","None",0,3,3,"PConc",4,3,1,1,1,789,"GasA",4,"Y",5,1465,0,0,2,1,3,1,3,8,1,4,"Attchd",3,2,393,3,3,3,0,75,0,0,0,0,0,0,"NA",0,5,2010,"WD","Normal",180400,1,1,1,0,0,0,0
"060","RL",12852,"Pave","NA",3,"HLS",4,"Corner",3,"Timber","Norm","Norm","1Fam","2Story",8,5,2007,2007,"Gable","CompShg","VinylSd","VinylSd","None",0,4,3,"PConc",4,3,3,6,1,920,"GasA",5,"Y",5,1780,1,0,2,1,3,1,4,8,1,4,"Attchd",3,2,612,3,3,3,0,192,0,0,0,0,0,0,"NA",0,1,2008,"New","Partial",264966,1,1,1,0,0,0,0
"060","RL",13751,"Pave","NA",3,"HLS",4,"CulDSac",3,"Gilbert","Norm","Norm","1Fam","2Story",7,5,2005,2006,"Gable","CompShg","VinylSd","VinylSd","BrkFace",248,4,3,"PConc",4,3,3,6,1,1700,"GasA",5,"Y",5,2212,1,0,2,1,3,1,4,8,1,4,"Attchd",3,3,773,3,3,3,237,38,0,0,115,0,0,0,"NA",0,5,2006,"New","Partial",309000,1,1,1,0,0,0,1
"060","RL",15426,"Pave","NA",3,"Lvl",4,"Inside",3,"CollgCr","Norm","Norm","1Fam","2Story",6,5,1997,1997,"Gable","CompShg","VinylSd","VinylSd","None",0,3,3,"PConc",4,3,1,6,1,928,"GasA",5,"Y",5,1764,1,0,2,1,3,1,4,8,0,0,"Attchd",2,2,470,3,3,3,276,99,0,0,0,0,0,3,"NA",0,8,2009,"WD","Normal",231500,1,1,0,0,1,0,0
"020","RL",9135,"Pave","NA",4,"Lvl",4,"Inside",3,"CollgCr","Norm","Norm","1Fam","1Story",7,5,2002,2003,"Gable","CompShg","VinylSd","VinylSd","BrkFace",113,4,3,"PConc",4,3,3,6,1,1536,"GasA",5,"Y",5,1536,1,0,2,0,3,1,4,8,0,0,"Attchd",2,2,532,3,3,3,192,74,0,0,0,0,0,0,"NA",0,12,2008,"WD","Normal",214000,1,1,0,0,0,0,1
"060","RL",9531,"Pave","NA",3,"Lvl",4,"CulDSac",3,"CollgCr","Norm","Norm","1Fam","2Story",6,5,1998,1998,"Gable","CompShg","VinylSd","VinylSd","None",0,3,3,"PConc",4,3,2,6,1,794,"GasA",5,"Y",5,1796,1,0,2,1,3,1,3,8,0,0,"Attchd",2,2,546,3,3,3,0,36,0,0,0,0,0,3,"NA",0,5,2007,"WD","Normal",211000,1,1,0,0,1,0,0
"020","RL",8800,"Pave","NA",3,"Lvl",4,"Inside",3,"CollgCr","Norm","Norm","1Fam","1Story",5,7,1977,2008,"Gable","CompShg","HdBoard","HdBoard","None",0,3,3,"CBlock",4,3,2,2,3,1040,"GasA",3,"Y",5,1040,0,0,2,0,3,1,4,8,0,0,"Detchd",1,2,484,3,3,3,0,0,0,0,288,0,0,0,"NA",0,9,2009,"WD","Normal",150500,1,1,0,0,0,0,0
"050","RL",7264,"Pave","NA",4,"Lvl",4,"Inside",3,"BrkSide","Norm","Norm","1Fam","1.5Fin",7,7,1925,2007,"Gable","CompShg","Wd Sdng","Wd Sdng","None",0,4,4,"BrkTil",3,3,1,1,1,952,"GasW",4,"N",5,1548,0,0,2,1,3,1,5,8,0,0,"Detchd",1,2,672,3,3,3,74,0,0,0,144,0,0,0,"NA",0,10,2009,"WD","Normal",205000,1,1,0,0,0,0,0
"050","RL",8212,"Pave","Grvl",4,"Lvl",4,"Inside",3,"Edwards","Norm","Norm","1Fam","1.5Fin",5,6,1941,1950,"Gable","CompShg","Wd Sdng","Wd Sdng","None",0,3,3,"CBlock",3,3,1,3,1,720,"GasA",5,"Y",5,1298,0,0,1,0,3,1,3,8,2,4,"Detchd",1,1,256,3,3,3,84,0,0,0,0,0,0,0,"NA",0,9,2009,"WD","Normal",122000,1,1,1,0,0,1,0
"160","RM",1890,"Pave","NA",4,"Lvl",4,"Inside",3,"MeadowV","Norm","Norm","Twnhs","2Story",4,3,1976,1976,"Gable","CompShg","CemntBd","CmentBd","None",0,3,3,"CBlock",3,3,1,1,1,546,"GasA",5,"Y",5,1092,0,0,1,1,3,1,3,8,0,0,"Attchd",1,1,286,3,3,3,0,0,0,0,0,0,0,2,"NA",0,4,2007,"COD","Normal",75190,1,1,0,0,1,0,0
"050","RL",10512,"Pave","NA",4,"Lvl",4,"Inside",3,"Edwards","Norm","Norm","1Fam","1.5Fin",6,6,1954,1954,"Gable","CompShg","Wd Sdng","Wd Sdng","None",0,3,3,"CBlock",3,3,1,4,1,988,"GasA",5,"Y",5,1626,0,0,1,1,3,1,4,8,0,0,"Attchd",1,1,332,3,3,3,366,0,0,0,0,0,0,0,"NA",0,5,2007,"WD","Normal",154000,1,1,0,0,0,0,0
"190","RM",7745,"Pave","Grvl",4,"Lvl",4,"Inside",3,"OldTown","Norm","Norm","2fmCon","1.5Fin",4,6,1900,1950,"Gable","CompShg","MetalSd","MetalSd","None",0,4,3,"PConc",3,3,1,1,1,938,"GasA",4,"N",5,1951,0,0,2,0,4,2,2,8,0,0,"Detchd",1,2,576,3,3,2,0,6,28,0,0,0,0,0,"NA",0,4,2006,"WD","Normal",111500,1,1,0,0,0,1,0
"020","RL",12118,"Pave","NA",3,"Lvl",4,"CulDSac",3,"Mitchel","Norm","Norm","1Fam","1Story",7,5,2004,2005,"Hip","CompShg","VinylSd","VinylSd","Stone",108,4,3,"PConc",5,3,2,1,1,1710,"GasA",5,"Y",5,1710,0,0,2,0,3,1,4,8,1,4,"Attchd",3,2,550,3,3,3,100,48,0,0,180,0,0,0,"NA",0,4,2009,"WD","Normal",240000,1,1,1,0,0,0,1
"090","RM",7060,"Pave","NA",4,"Lvl",4,"Inside",3,"Mitchel","Norm","Norm","Duplex","SFoyer",7,5,1997,1998,"Gable","CompShg","VinylSd","VinylSd","BrkFace",200,3,4,"PConc",4,4,4,6,1,1344,"GasA",5,"Y",5,1344,2,0,2,0,2,2,3,8,0,0,"Attchd",3,4,784,3,3,3,0,0,0,0,0,0,0,0,"NA",0,11,2008,"WD","Alloca",206300,1,1,0,0,0,0,1
"020","RL",9724,"Pave","NA",4,"Lvl",4,"Inside",3,"NAmes","Norm","Norm","1Fam","1Story",5,7,1947,1950,"Hip","CompShg","BrkFace","BrkFace","None",0,3,3,"CBlock",3,3,1,1,1,938,"GasA",5,"Y",5,1043,0,0,1,0,2,1,3,8,1,4,"Detchd",1,1,273,3,3,3,125,48,0,0,0,0,0,2,"NA",0,5,2006,"WD","Normal",137000,1,1,1,0,1,0,0
"120","RM",3940,"Pave","NA",4,"Lvl",4,"Inside",3,"Blmngtn","Norm","Norm","TwnhsE","1Story",7,5,2004,2004,"Hip","CompShg","VinylSd","VinylSd","BrkFace",24,4,3,"PConc",4,3,1,6,1,1393,"GasA",5,"Y",5,1576,1,0,2,0,2,1,4,8,1,3,"Attchd",2,3,668,3,3,3,143,20,0,0,0,0,0,0,"NA",0,5,2008,"WD","Normal",219990,1,1,1,0,0,0,1
"060","RL",8935,"Pave","NA",3,"Lvl",4,"Inside",3,"CollgCr","Norm","Norm","1Fam","2Story",7,5,2002,2002,"Gable","CompShg","VinylSd","VinylSd","BrkFace",95,4,3,"PConc",4,3,1,1,1,831,"GasA",5,"Y",5,1660,0,0,2,1,3,1,4,8,0,0,"Attchd",2,2,493,3,3,3,144,68,0,0,0,0,0,0,"NA",0,7,2009,"WD","Normal",195000,1,1,0,0,0,0,1
"020","RL",9525,"Pave","NA",4,"Lvl",4,"Inside",3,"CollgCr","Norm","Norm","1Fam","1Story",5,6,1995,2006,"Gable","CompShg","VinylSd","VinylSd","None",0,3,3,"PConc",4,3,1,1,1,1099,"GasA",5,"Y",5,1099,0,0,1,1,3,1,4,8,0,0,"Attchd",1,1,352,3,3,3,278,0,0,0,0,0,0,0,"NA",0,6,2008,"WD","Normal",144000,1,1,0,0,0,0,0
"060","RL",7875,"Pave","NA",4,"Lvl",4,"Inside",3,"Gilbert","Norm","Norm","1Fam","2Story",7,5,2003,2003,"Gable","CompShg","VinylSd","VinylSd","BrkFace",16,4,3,"PConc",4,3,1,1,1,847,"GasA",5,"Y",5,1948,0,0,2,1,4,1,4,8,1,4,"BuiltIn",3,2,434,3,3,3,0,48,0,0,0,0,0,0,"NA",0,7,2007,"WD","Normal",211000,1,1,1,0,0,0,1
"060","RL",16259,"Pave","NA",4,"Lvl",4,"Corner",3,"NridgHt","Norm","Norm","1Fam","2Story",9,5,2006,2006,"Gable","CompShg","VinylSd","VinylSd","Stone",370,3,3,"PConc",5,4,3,1,1,1249,"GasA",5,"Y",5,2596,0,0,3,1,4,1,4,8,0,0,"Attchd",2,3,840,3,3,3,240,154,0,0,0,0,0,0,"NA",0,9,2006,"New","Partial",342643,1,1,0,0,0,0,1
"080","RL",8530,"Pave","NA",3,"Lvl",4,"Inside",3,"Gilbert","Norm","Norm","1Fam","SLvl",7,5,1995,1996,"Gable","CompShg","HdBoard","HdBoard","BrkFace",22,3,3,"PConc",4,3,1,1,1,384,"GasA",4,"Y",5,1474,0,0,2,1,3,1,3,8,1,3,"BuiltIn",3,2,400,3,3,3,120,72,0,0,0,0,0,0,"Shed",700,5,2009,"WD","Normal",168500,1,1,1,0,0,0,1
"020","RL",10936,"Pave","NA",3,"Lvl",4,"Inside",3,"Gilbert","Norm","Norm","1Fam","1Story",7,5,2006,2006,"Gable","CompShg","VinylSd","VinylSd","None",0,4,3,"PConc",4,3,3,1,1,1510,"GasA",5,"Y",5,1525,0,0,2,1,3,1,4,8,1,4,"Attchd",2,2,534,3,3,3,100,18,0,0,0,0,0,0,"NA",0,4,2007,"New","Partial",206580,1,1,1,0,0,0,0
"050","RM",6120,"Pave","NA",4,"Lvl",4,"Inside",3,"BrkSide","Norm","Norm","1Fam","1.5Fin",5,6,1926,1950,"Gable","CompShg","Wd Sdng","Wd Sdng","None",0,3,3,"BrkTil",3,3,1,5,1,756,"GasA",4,"Y",3,1281,1,0,1,0,2,1,4,8,0,0,"Detchd",1,2,379,3,3,3,25,0,0,0,0,0,0,0,"NA",0,8,2007,"WD","Normal",132500,1,1,0,0,0,0,0
"020","RL",10665,"Pave","NA",3,"Lvl",4,"Inside",3,"CollgCr","Norm","Norm","1Fam","1Story",7,5,2003,2003,"Gable","CompShg","VinylSd","VinylSd","BrkFace",167,4,3,"PConc",4,3,3,6,1,1453,"GasA",5,"Y",5,1479,1,0,2,0,3,1,4,8,0,0,"Attchd",2,2,558,3,3,3,144,29,0,0,0,0,0,0,"NA",0,6,2007,"WD","Normal",226000,1,1,0,0,0,0,1
"060","RL",10990,"Pave","NA",3,"Lvl",4,"CulDSac",3,"NoRidge","Norm","Norm","1Fam","2Story",7,5,1996,1997,"Gable","CompShg","VinylSd","VinylSd","None",0,4,3,"PConc",5,3,1,6,1,1064,"GasA",5,"Y",5,2125,1,0,2,1,4,1,4,8,2,3,"Attchd",2,2,576,3,3,3,168,0,0,0,0,0,0,0,"NA",0,6,2008,"WD","Normal",279500,1,1,1,0,0,0,0
"120","RM",4500,"Pave","NA",4,"Lvl",4,"FR2",3,"Mitchel","Norm","Norm","Twnhs","1Story",6,5,1998,1998,"Hip","CompShg","VinylSd","VinylSd","BrkFace",116,3,3,"PConc",5,3,1,6,1,1216,"GasA",5,"Y",5,1216,1,0,2,0,2,1,3,8,0,0,"Attchd",1,2,402,3,3,3,0,125,0,0,0,0,0,0,"NA",0,5,2006,"WD","Normal",164000,1,1,0,0,0,0,1
"160","RM",2205,"Pave","NA",4,"Lvl",4,"Inside",3,"BrDale","Norm","Norm","Twnhs","2Story",6,6,1973,1973,"Gable","CompShg","HdBoard","HdBoard","BrkFace",567,3,3,"CBlock",3,3,1,5,1,525,"GasA",3,"Y",5,1092,0,0,1,1,3,1,3,8,0,0,"Detchd",1,1,264,3,3,3,144,0,0,0,0,0,0,0,"NA",0,2,2007,"WD","Normal",113500,1,1,0,0,0,0,1
"020","RL",8098,"Pave","NA",3,"Lvl",4,"Inside",3,"Timber","Norm","Norm","1Fam","1Story",6,5,2000,2000,"Gable","CompShg","VinylSd","VinylSd","None",0,4,3,"Wood",4,3,3,6,4,1381,"GasA",5,"Y",5,1403,1,0,2,0,2,1,4,8,0,0,"Attchd",1,2,470,3,3,3,0,173,0,0,0,0,0,0,"NA",0,10,2006,"WD","Normal",202000,1,1,0,0,0,0,0
"020","RL",8978,"Pave","NA",3,"Lvl",4,"Corner",3,"Sawyer","Norm","Norm","1Fam","1Story",5,5,1968,1968,"Gable","CompShg","Plywood","Plywood","None",0,3,3,"PConc",3,3,1,1,1,948,"GasA",3,"Y",5,948,0,0,1,0,3,1,3,8,0,0,"Attchd",1,1,300,3,3,3,147,0,0,0,0,0,0,0,"NA",0,5,2007,"WD","Family",108000,1,1,0,0,0,0,0
"030","C (all)",8712,"Grvl","NA",4,"Lvl",4,"Corner",3,"IDOTRR","Norm","Norm","1Fam","1Story",4,7,1896,1950,"Hip","CompShg","Wd Sdng","Wd Sdng","None",0,2,2,"CBlock",3,3,1,1,1,756,"GasA",4,"Y",5,952,0,0,1,0,3,1,3,8,0,0,"Detchd",2,1,330,3,3,1,0,0,265,0,0,0,0,0,"NA",0,6,2010,"WD","Alloca",50138,1,1,0,0,0,0,0
"060","RL",11184,"Pave","NA",4,"Lvl",4,"Inside",3,"Sawyer","Norm","Norm","1Fam","2Story",6,5,1978,1978,"Hip","CompShg","HdBoard","HdBoard","BrkFace",92,3,3,"CBlock",3,3,1,2,3,918,"GasA",4,"Y",5,1683,0,0,2,1,3,1,3,8,1,3,"Attchd",2,2,440,3,3,3,243,0,0,0,0,0,0,0,"NA",0,7,2009,"WD","Normal",172500,1,1,1,0,0,0,1
"080","RL",10366,"Pave","NA",3,"Lvl",4,"Corner",3,"Sawyer","Norm","Norm","1Fam","SLvl",6,7,1964,1964,"Gable","CompShg","HdBoard","Plywood","None",0,3,4,"CBlock",3,3,3,6,1,912,"GasA",3,"Y",5,934,0,1,1,0,2,1,3,8,0,0,"Attchd",1,1,336,3,3,3,77,0,0,0,0,0,0,4,"Shed",500,7,2006,"WD","Normal",132000,1,1,0,0,1,0,0
"020","RL",7350,"Pave","NA",4,"Lvl",4,"Inside",3,"NAmes","Norm","Norm","1Fam","1Story",5,6,1958,1958,"Hip","CompShg","BrkFace","BrkFace","None",0,3,3,"CBlock",3,3,1,1,1,1041,"GasA",4,"Y",5,1041,0,0,1,0,3,1,3,8,0,0,"Attchd",2,1,294,3,3,3,0,0,0,0,0,0,0,2,"NA",0,3,2009,"WD","Normal",128000,1,1,0,0,1,0,0
"050","RL",7585,"Pave","NA",4,"Lvl",4,"Inside",3,"Edwards","Artery","Norm","1Fam","1.5Fin",5,3,1948,1950,"Gable","CompShg","MetalSd","MetalSd","None",0,3,3,"CBlock",2,2,2,1,1,810,"GasA",2,"Y",3,1456,1,1,1,0,4,1,3,8,1,3,"Detchd",1,1,280,3,3,2,0,0,0,0,0,0,0,0,"NA",0,8,2006,"WD","Normal",91500,1,1,1,0,0,0,0
"050","RL",7015,"Pave","NA",3,"Bnk",4,"Corner",3,"BrkSide","Norm","Norm","1Fam","1.5Fin",5,4,1950,1950,"Gable","CompShg","MetalSd","MetalSd","BrkCmn",161,3,3,"CBlock",3,3,1,2,1,709,"GasA",3,"Y",5,1203,1,0,1,0,3,1,4,8,1,3,"Detchd",1,1,352,3,3,3,0,0,248,0,0,0,0,0,"NA",0,7,2009,"WD","Normal",110000,1,1,1,0,0,0,1
"020","RL",70761,"Pave","NA",3,"Low",4,"Inside",2,"ClearCr","Norm","Norm","1Fam","1Story",7,5,1975,1975,"Gable","WdShngl","Plywood","Plywood","None",0,3,3,"CBlock",4,3,4,5,1,1533,"GasA",3,"Y",5,1533,1,0,2,0,2,1,4,8,2,3,"Attchd",1,2,576,3,3,3,200,54,0,0,0,0,0,0,"NA",0,12,2006,"WD","Normal",280000,1,1,1,0,0,0,0
"120","RL",5664,"Pave","NA",3,"Lvl",4,"Inside",3,"StoneBr","Norm","Norm","TwnhsE","1Story",8,5,2000,2000,"Gable","CompShg","CemntBd","CmentBd","None",0,4,3,"PConc",4,3,1,6,1,1501,"GasA",5,"Y",5,1659,1,0,2,0,2,1,5,8,1,5,"Attchd",3,2,499,3,3,3,212,59,0,0,0,0,0,0,"NA",0,10,2009,"WD","Normal",278000,1,1,1,0,0,0,0
"045","RM",6120,"Pave","NA",4,"Lvl",4,"Corner",3,"BrkSide","Norm","Norm","1Fam","1.5Unf",7,8,1929,2001,"Gable","CompShg","Wd Sdng","Wd Sdng","None",0,3,3,"BrkTil",3,3,1,1,1,832,"GasA",5,"Y",3,854,0,0,1,0,2,1,3,8,0,0,"Detchd",1,2,576,3,3,3,48,112,0,0,0,0,0,4,"NA",0,7,2007,"WD","Normal",132000,1,1,0,0,1,0,0
"080","RL",10385,"Pave","NA",3,"Lvl",4,"CulDSac",3,"CollgCr","Norm","Norm","1Fam","SLvl",6,6,1978,1978,"Gable","CompShg","HdBoard","HdBoard","BrkFace",123,3,3,"CBlock",3,4,3,5,2,995,"GasA",3,"Y",5,1282,0,1,2,0,3,1,3,8,0,0,"Detchd",1,3,672,2,3,3,386,0,0,0,0,0,0,0,"NA",0,4,2006,"WD","Normal",174000,1,1,0,0,0,0,1
"085","RL",9750,"Pave","NA",4,"Lvl",4,"Inside",3,"Mitchel","Norm","Norm","1Fam","SFoyer",6,6,1977,1977,"Gable","CompShg","Plywood","Plywood","None",0,3,3,"CBlock",3,3,3,5,1,902,"GasA",5,"Y",5,926,1,0,1,0,2,1,3,8,1,3,"Attchd",1,1,351,3,3,3,319,0,0,0,0,0,0,3,"NA",0,4,2009,"WD","Normal",156450,1,1,1,0,1,0,0
"020","RL",7476,"Pave","NA",4,"Lvl",4,"Corner",3,"Sawyer","Norm","Norm","1Fam","1Story",5,7,1968,1968,"Gable","CompShg","HdBoard","HdBoard","None",0,3,3,"CBlock",3,3,1,3,1,1040,"GasA",3,"Y",5,1040,1,0,1,1,3,1,3,8,0,0,"Detchd",3,2,686,3,3,3,188,0,0,0,0,0,0,0,"NA",0,6,2007,"WD","Normal",145000,1,1,0,0,0,0,0
"020","RL",6173,"Pave","NA",3,"Lvl",4,"Inside",3,"Sawyer","Norm","Norm","1Fam","1Story",5,6,1967,1967,"Gable","CompShg","HdBoard","Wd Sdng","BrkFace",75,3,3,"CBlock",3,3,1,6,1,876,"GasA",3,"Y",5,902,0,0,1,0,3,1,3,8,0,0,"Attchd",1,1,288,3,3,3,0,0,0,0,0,0,0,3,"NA",0,8,2007,"WD","Normal",125500,1,1,0,0,1,0,1
"020","RL",8125,"Pave","NA",4,"Lvl",4,"Inside",3,"SawyerW","Norm","Norm","1Fam","1Story",6,5,1994,1998,"Gable","CompShg","HdBoard","HdBoard","BrkFace",258,3,3,"PConc",4,3,1,6,1,1408,"GasA",5,"Y",5,1679,1,0,2,0,3,1,4,8,1,2,"Attchd",2,2,575,3,3,3,224,42,0,0,0,0,0,0,"NA",0,10,2008,"WD","Normal",193500,1,1,1,0,0,0,1
"020","RL",17979,"Pave","NA",3,"Lvl",4,"Corner",3,"Mitchel","Norm","Norm","1Fam","1Story",5,6,1968,1968,"Gable","CompShg","Plywood","Plywood","None",0,3,4,"CBlock",3,3,1,5,1,1113,"GasA",5,"Y",5,1160,1,0,1,0,3,1,4,8,0,0,"Attchd",1,1,257,3,3,3,81,0,0,0,0,0,0,2,"Shed",500,2,2008,"WD","Normal",152500,1,1,0,0,1,0,0
"120","FV",4835,"Pave","NA",3,"Lvl",4,"CulDSac",3,"Somerst","Norm","Norm","TwnhsE","1Story",7,5,2004,2005,"Gable","CompShg","MetalSd","MetalSd","None",0,4,3,"PConc",5,3,3,6,1,1488,"GasA",5,"Y",5,1488,1,0,2,0,2,1,4,8,1,4,"Attchd",3,2,506,3,3,3,168,50,0,0,0,0,0,0,"NA",0,3,2010,"WD","Normal",260000,1,1,1,0,0,0,0
"060","RL",7703,"Pave","NA",4,"Lvl",4,"Inside",3,"SawyerW","Norm","Norm","1Fam","2Story",6,6,1992,1992,"Gable","CompShg","HdBoard","HdBoard","None",0,4,4,"PConc",4,4,1,6,3,816,"GasA",5,"Y",5,1730,0,0,2,1,3,1,4,8,0,0,"Attchd",2,2,528,3,3,3,0,91,0,0,168,0,0,0,"NA",0,11,2009,"WD","Normal",171500,1,1,0,0,0,0,0
"060","RL",12585,"Pave","NA",3,"Lvl",4,"Inside",3,"NoRidge","Norm","Norm","1Fam","2Story",8,5,1993,1993,"Gable","CompShg","HdBoard","ImStucc","BrkFace",420,4,3,"PConc",4,3,1,2,6,1286,"GasA",5,"Y",5,2799,1,0,2,1,3,1,4,8,1,3,"Attchd",3,3,704,3,3,3,432,136,0,0,0,0,0,0,"NA",0,10,2006,"WD","Normal",315000,1,1,1,0,0,0,1
"060","RL",12151,"Pave","NA",3,"Lvl",4,"Inside",3,"NridgHt","Norm","Norm","1Fam","2Story",9,5,2005,2005,"Gable","CompShg","CemntBd","CmentBd","BrkFace",368,4,3,"PConc",5,3,3,6,1,1414,"GasA",5,"Y",5,2331,1,0,2,1,3,1,5,8,1,4,"BuiltIn",3,3,1003,3,3,3,192,63,0,0,0,0,0,0,"NA",0,8,2008,"WD","Normal",379000,1,1,1,0,0,0,1
"050","RM",9000,"Pave","NA",4,"Lvl",4,"Inside",3,"IDOTRR","Norm","Norm","1Fam","1.5Fin",5,5,1958,1958,"Gable","CompShg","WdShing","Wd Shng","BrkFace",162,3,3,"CBlock",3,3,1,5,1,1151,"GasA",4,"Y",3,1955,0,0,2,0,4,1,3,8,0,0,"Attchd",3,1,356,3,3,3,0,0,0,0,0,0,0,0,"NA",0,1,2008,"WD","Normal",165500,1,1,0,0,0,0,1
"020","RL",10172,"Pave","NA",3,"Lvl",4,"Inside",3,"Mitchel","Norm","Norm","1Fam","1Story",5,7,1968,2003,"Gable","CompShg","Plywood","Plywood","None",0,3,3,"CBlock",3,3,1,5,1,864,"GasA",5,"Y",5,874,1,0,1,0,3,1,3,8,0,0,"Attchd",2,1,288,3,3,3,0,120,0,0,0,0,0,0,"NA",0,10,2006,"WD","Normal",126500,1,1,0,0,0,0,0
"030","RL",9259,"Pave","NA",4,"Lvl",4,"Corner",3,"Sawyer","Feedr","Norm","1Fam","1Story",4,4,1927,1950,"Gable","CompShg","Wd Sdng","Wd Sdng","None",0,3,3,"BrkTil",2,3,1,1,1,660,"GasA",3,"N",5,756,0,0,1,0,2,1,3,8,0,0,"Detchd",1,2,440,3,3,1,80,0,0,0,0,0,0,0,"NA",0,6,2010,"WD","Normal",85000,1,1,0,0,0,0,0
"160","FV",3180,"Pave","Pave",4,"Lvl",4,"Inside",3,"Somerst","Norm","Norm","TwnhsE","2Story",7,5,2005,2005,"Gable","CompShg","MetalSd","MetalSd","None",0,3,3,"PConc",4,3,1,1,1,600,"GasA",5,"Y",5,1200,0,0,2,1,2,1,4,8,0,0,"Detchd",2,2,480,3,3,3,0,166,0,0,0,0,0,0,"NA",0,6,2006,"WD","Normal",151000,1,1,0,0,0,1,0
"020","RL",13891,"Pave","NA",4,"Lvl",4,"Inside",3,"NridgHt","Norm","Norm","1Fam","1Story",10,5,2006,2006,"Gable","CompShg","VinylSd","VinylSd","None",0,5,3,"PConc",5,4,4,6,1,2076,"GasA",5,"Y",5,2076,1,0,2,1,2,1,5,8,1,4,"Attchd",3,3,850,3,3,3,216,229,0,0,0,0,0,0,"NA",0,9,2006,"New","Partial",465000,1,1,1,0,0,0,0
"050","RM",6240,"Pave","NA",4,"Lvl",4,"Inside",3,"BrkSide","Norm","Norm","1Fam","1.5Fin",4,7,1929,1950,"Gable","CompShg","MetalSd","MetalSd","None",0,3,3,"PConc",3,3,1,4,1,704,"GasA",5,"Y",5,1136,0,1,1,0,2,1,3,8,0,0,"Detchd",1,1,336,3,3,3,0,365,80,0,0,0,0,0,"NA",0,8,2008,"WD","Normal",123000,1,1,0,0,0,0,0
"070","RM",9600,"Pave","NA",4,"Lvl",4,"Inside",3,"OldTown","Norm","Norm","1Fam","2Story",7,9,1928,2005,"Gambrel","CompShg","MetalSd","MetalSd","None",0,3,5,"BrkTil",3,3,1,3,1,689,"GasA",5,"Y",5,1378,0,0,2,0,3,1,4,8,1,4,"Detchd",1,2,360,3,3,1,0,0,116,0,0,0,0,0,"NA",0,10,2008,"WD","Normal",161000,1,1,1,0,0,0,0
"020","RL",10235,"Pave","NA",3,"Lvl",4,"Inside",3,"CollgCr","Norm","Norm","1Fam","1Story",8,5,2007,2007,"Gable","CompShg","VinylSd","VinylSd","Stone",306,4,3,"PConc",4,3,3,1,1,1643,"GasA",5,"Y",5,1651,0,0,2,0,3,1,4,8,1,4,"Attchd",2,3,870,3,3,3,192,64,0,0,0,0,0,0,"NA",0,9,2007,"New","Partial",246500,1,1,1,0,0,0,1
"120","RL",3903,"Pave","NA",4,"Lvl",4,"Inside",3,"NridgHt","Norm","Norm","Twnhs","1Story",6,5,2005,2006,"Gable","CompShg","VinylSd","VinylSd","Stone",182,4,3,"PConc",4,3,3,5,1,1302,"GasA",5,"Y",5,1302,1,0,1,1,1,1,4,8,1,4,"Attchd",2,2,631,3,3,3,110,50,0,0,0,0,0,0,"NA",0,5,2007,"WD","Normal",2e+05,1,1,1,0,0,0,1
"085","RL",9101,"Pave","NA",3,"Lvl",4,"Corner",3,"Mitchel","Norm","Norm","1Fam","SFoyer",5,6,1978,1978,"Gable","CompShg","Plywood","Plywood","BrkFace",104,3,4,"PConc",4,3,3,6,1,1097,"GasA",5,"Y",5,1110,1,0,1,0,1,1,4,8,1,3,"Attchd",3,2,602,3,3,3,303,30,0,0,0,0,0,0,"NA",0,7,2009,"WD","Normal",165500,1,1,1,0,0,0,1
"180","RM",1491,"Pave","NA",4,"Lvl",4,"Inside",3,"MeadowV","Norm","Norm","TwnhsE","SFoyer",4,6,1972,1972,"Gable","CompShg","CemntBd","CmentBd","None",0,3,3,"CBlock",4,3,3,2,6,630,"GasA",5,"Y",5,630,1,0,1,0,1,1,3,8,0,0,"NA",0,0,0,0,0,3,96,24,0,0,0,0,0,0,"NA",0,5,2010,"WD","Normal",75500,1,0,0,0,0,0,0
"030","RM",7200,"Pave","NA",4,"Lvl",4,"Corner",3,"IDOTRR","Norm","Norm","1Fam","1Story",6,6,1930,1950,"Gable","CompShg","VinylSd","VinylSd","None",0,3,3,"BrkTil",3,3,1,2,1,984,"GasA",3,"Y",2,984,0,0,1,0,3,1,3,8,0,0,"Detchd",1,1,308,3,3,1,0,0,164,0,0,0,0,0,"NA",0,3,2006,"ConLI","Family",90000,1,1,0,0,0,0,0
"085","RL",8400,"Pave","NA",4,"Lvl",4,"Inside",3,"NAmes","Feedr","Norm","1Fam","SFoyer",5,6,1968,1968,"Gable","CompShg","HdBoard","HdBoard","None",0,3,3,"CBlock",4,3,4,6,1,833,"GasA",4,"Y",5,898,1,0,1,0,3,1,3,8,0,0,"Attchd",2,1,326,3,3,3,143,0,0,0,0,0,0,0,"NA",0,8,2006,"WD","Normal",140000,1,1,0,0,0,0,0
"120","RL",3701,"Pave","NA",3,"Lvl",4,"Inside",3,"StoneBr","Norm","Norm","TwnhsE","1Story",8,5,1987,1987,"Gable","CompShg","HdBoard","HdBoard","None",0,3,3,"CBlock",4,3,1,1,1,1191,"GasA",3,"Y",5,1204,0,0,2,0,2,1,3,8,0,0,"Attchd",2,2,461,3,3,3,120,70,0,0,0,0,0,0,"NA",0,8,2006,"WD","Normal",130000,1,1,0,0,0,0,0
"060","RL",16451,"Pave","NA",3,"Lvl",4,"Corner",3,"NridgHt","Norm","Norm","1Fam","2Story",8,5,2003,2003,"Gable","CompShg","VinylSd","VinylSd","BrkFace",221,4,3,"PConc",5,3,4,1,1,1765,"GasA",5,"Y",5,2690,0,0,2,1,4,1,4,8,1,4,"BuiltIn",3,3,795,3,3,3,268,58,0,0,0,0,0,0,"NA",0,7,2008,"WD","Normal",370000,1,1,1,0,0,0,1
"020","RL",14122,"Pave","NA",3,"Lvl",4,"Inside",3,"NridgHt","Norm","Norm","1Fam","1Story",8,5,2005,2006,"Hip","CompShg","CemntBd","CmentBd","BrkFace",240,4,3,"PConc",5,3,1,6,1,1822,"GasA",5,"Y",5,1822,0,0,2,0,3,1,5,8,1,4,"Attchd",2,3,678,3,3,3,0,119,0,0,0,0,0,0,"NA",0,2,2010,"WD","Normal",259000,1,1,1,0,0,0,1
"050","RL",8248,"Pave","Grvl",4,"Lvl",4,"Inside",3,"Edwards","Norm","Norm","1Fam","1.5Fin",5,7,1918,1950,"Gable","CompShg","Stucco","Stucco","None",0,3,3,"BrkTil",3,3,1,1,1,686,"GasW",4,"Y",5,1250,0,1,1,1,3,1,2,8,0,0,"Detchd",1,1,280,3,3,2,207,0,96,0,0,0,0,0,"NA",0,7,2006,"WD","Normal",116000,1,1,0,0,0,1,0
"020","RL",7200,"Pave","NA",4,"Lvl",4,"Corner",3,"NAmes","Norm","Norm","1Fam","1Story",5,7,1951,2000,"Gable","CompShg","Wd Sdng","Wd Sdng","None",0,3,3,"CBlock",3,3,2,4,3,900,"GasA",3,"Y",5,900,0,1,1,0,3,1,4,8,0,0,"Detchd",1,2,576,3,3,3,222,32,0,0,0,0,0,0,"NA",0,5,2010,"WD","Normal",134800,1,1,0,0,0,0,0
"050","RL",21286,"Pave","NA",4,"Lvl",4,"Inside",3,"Sawyer","Norm","Norm","1Fam","1.5Fin",5,5,1948,1950,"Gable","CompShg","Wd Sdng","Wd Sdng","None",0,3,3,"CBlock",3,3,1,1,1,720,"GasA",3,"Y",5,1271,0,0,2,0,4,1,3,8,1,4,"Attchd",1,1,312,3,3,3,0,0,108,0,0,0,0,0,"NA",0,8,2008,"WD","Normal",135000,1,1,1,0,0,0,0
"020","RL",7130,"Pave","NA",4,"Lvl",4,"Inside",3,"NAmes","Norm","Norm","1Fam","1Story",5,6,1967,1967,"Gable","CompShg","HdBoard","HdBoard","None",0,3,3,"PConc",3,3,1,4,1,864,"GasA",3,"Y",5,864,0,1,1,0,2,1,3,8,0,0,"Attchd",3,1,312,3,3,3,0,0,0,0,0,0,0,4,"NA",0,6,2009,"WD","Normal",130000,1,1,0,0,1,0,0
"020","RL",9926,"Pave","NA",3,"Lvl",4,"Inside",3,"NridgHt","Norm","Norm","1Fam","1Story",7,5,2005,2006,"Gable","CompShg","VinylSd","VinylSd","BrkFace",210,4,3,"PConc",4,3,2,6,1,1614,"GasA",5,"Y",5,1614,1,0,2,0,3,1,4,8,0,0,"Attchd",2,3,878,3,3,3,100,38,0,0,0,0,0,0,"NA",0,5,2007,"WD","Normal",245700,1,1,0,0,0,0,1
"060","RL",10125,"Pave","NA",3,"Lvl",4,"Inside",3,"Gilbert","Norm","Norm","1Fam","2Story",7,5,2004,2004,"Gable","CompShg","VinylSd","VinylSd","None",0,4,3,"PConc",4,3,2,1,1,846,"GasA",5,"Y",5,1594,0,0,2,1,3,1,4,8,1,4,"Attchd",3,2,434,3,3,3,300,48,0,0,0,0,0,3,"NA",0,7,2009,"WD","Normal",195500,1,1,1,0,1,0,0
"080","RL",9600,"Pave","NA",4,"Lvl",4,"Inside",3,"NAmes","Norm","Norm","1Fam","SLvl",6,6,1955,1972,"Gable","CompShg","AsbShng","AsbShng","BrkFace",164,3,3,"CBlock",3,3,3,4,2,1156,"GasA",5,"Y",5,1520,1,0,1,0,3,1,3,8,2,4,"Basment",2,1,364,3,3,3,0,0,189,0,0,0,0,0,"NA",0,3,2010,"WD","Normal",153000,1,1,1,0,0,0,1
"020","RL",12291,"Pave","NA",3,"Lvl",4,"Inside",3,"Somerst","Norm","Norm","1Fam","1Story",10,5,2007,2007,"Hip","CompShg","CemntBd","CmentBd","BrkFace",754,5,3,"PConc",5,3,3,6,1,1966,"GasA",5,"Y",5,1966,1,0,2,0,1,1,5,8,1,4,"Attchd",3,3,1092,3,3,3,76,52,0,0,0,0,0,0,"NA",0,10,2007,"New","Partial",419005,1,1,1,0,0,0,1
"020","RL",10680,"Pave","NA",4,"Lvl",4,"Inside",3,"NAmes","Norm","Norm","1Fam","1Story",5,3,1951,1951,"Hip","CompShg","Wd Sdng","Wd Sdng","BrkFace",44,3,3,"CBlock",3,2,1,2,1,2136,"GasA",3,"N",3,2136,0,0,2,0,4,1,3,5,0,0,"Detchd",1,2,528,3,3,3,0,30,0,0,0,0,0,3,"NA",0,10,2006,"WD","Normal",137900,1,1,0,0,1,0,1
"030","RM",6756,"Pave","NA",4,"Lvl",4,"Inside",3,"OldTown","Norm","Norm","1Fam","1Story",5,6,1910,1950,"Mansard","CompShg","MetalSd","MetalSd","None",0,3,3,"BrkTil",3,4,1,1,1,481,"GasA",3,"N",3,899,0,0,1,0,2,1,3,8,0,0,"Detchd",1,1,200,2,3,2,0,0,96,0,0,0,0,0,"NA",0,9,2008,"WD","Normal",78000,1,1,0,0,0,0,0
"120","FV",3435,"Pave","Pave",3,"Lvl",4,"Corner",3,"Somerst","Norm","Norm","TwnhsE","1Story",7,5,2004,2005,"Gable","CompShg","MetalSd","MetalSd","None",0,4,3,"PConc",4,3,1,6,1,1235,"GasA",5,"Y",5,1245,0,0,2,0,1,1,4,8,0,0,"Attchd",2,2,495,3,3,3,0,100,0,0,0,0,0,0,"NA",0,6,2008,"WD","Normal",178000,1,1,0,0,0,1,0
"060","RL",10400,"Pave","NA",4,"Lvl",4,"Inside",3,"NWAmes","Norm","Norm","1Fam","2Story",7,6,1980,1988,"Gable","CompShg","HdBoard","HdBoard","BrkFace",280,3,3,"CBlock",4,3,2,1,1,738,"GasA",3,"Y",5,2044,0,0,2,1,3,1,3,7,1,3,"Attchd",1,2,489,3,3,3,28,73,0,0,0,0,0,0,"NA",0,3,2008,"WD","Normal",185000,1,1,1,0,0,0,1
"020","RL",11556,"Pave","NA",4,"Lvl",4,"Inside",3,"NAmes","Norm","Norm","1Fam","1Story",5,9,1953,2006,"Gable","CompShg","VinylSd","MetalSd","None",0,3,5,"CBlock",3,3,1,4,1,864,"GasA",4,"Y",5,1154,0,0,1,1,3,1,5,8,0,0,"Detchd",1,1,336,3,3,3,63,0,0,0,0,0,0,0,"NA",0,7,2007,"WD","Normal",142000,1,1,0,0,0,0,0
"060","RL",10237,"Pave","NA",4,"Lvl",4,"Inside",3,"Gilbert","RRAn","Norm","1Fam","2Story",6,5,2005,2006,"Gable","CompShg","VinylSd","VinylSd","None",0,4,3,"PConc",4,3,1,1,1,768,"GasA",5,"Y",5,1536,0,0,2,1,3,1,4,8,1,4,"Attchd",3,2,400,3,3,3,100,38,0,0,0,0,0,0,"NA",0,6,2007,"WD","Normal",176000,1,1,1,0,0,0,0
"120","RL",3242,"Pave","NA",4,"Lvl",4,"Inside",3,"NridgHt","Norm","Norm","TwnhsE","1Story",7,5,2003,2003,"Gable","CompShg","VinylSd","Wd Shng","Stone",235,4,3,"PConc",4,3,1,6,1,1405,"GasA",5,"Y",5,1405,1,0,2,0,2,1,4,8,1,4,"Attchd",2,2,478,3,3,3,136,36,0,0,0,0,0,0,"NA",0,3,2007,"WD","Normal",2e+05,1,1,1,0,0,0,1
"160","RM",3964,"Pave","NA",4,"Lvl",4,"Inside",3,"MeadowV","Norm","Norm","TwnhsE","2Story",6,4,1973,1973,"Gable","CompShg","CemntBd","CmentBd","None",0,3,3,"CBlock",4,3,1,5,1,942,"GasA",4,"Y",5,2521,1,0,2,1,5,1,3,4,1,4,"Attchd",3,2,576,3,3,3,728,20,0,0,0,0,0,4,"NA",0,6,2006,"WD","Normal",151400,1,1,1,0,1,0,0
"080","RL",9734,"Pave","NA",3,"Lvl",4,"Inside",3,"Gilbert","RRAn","Norm","1Fam","SLvl",7,5,2004,2004,"Gable","CompShg","VinylSd","VinylSd","None",0,4,3,"PConc",4,3,2,6,3,384,"GasA",5,"Y",5,1374,0,0,2,1,3,1,4,8,0,0,"BuiltIn",3,2,400,3,3,3,0,0,0,0,0,0,0,0,"NA",0,5,2009,"WD","Normal",167000,1,1,0,0,0,0,0
"050","RM",5310,"Pave","NA",4,"Lvl",4,"Corner",3,"OldTown","Feedr","Norm","1Fam","1.5Fin",6,8,1910,2003,"Hip","CompShg","VinylSd","VinylSd","None",0,3,4,"CBlock",3,2,1,1,1,485,"GasA",4,"Y",5,1635,0,0,1,0,2,1,4,8,0,0,"Attchd",1,1,255,2,3,3,394,0,0,0,0,0,0,0,"NA",0,6,2006,"WD","Normal",117000,1,1,0,0,0,0,0
"070","RM",7755,"Pave","NA",4,"Lvl",4,"Inside",3,"OldTown","Norm","Norm","1Fam","2Story",6,8,1918,1995,"Gable","CompShg","Wd Sdng","Wd Sdng","None",0,3,4,"CBlock",3,3,1,1,1,1100,"GasA",5,"Y",3,2264,0,0,2,1,4,1,3,8,0,0,"Detchd",1,1,408,3,3,3,0,152,0,0,0,0,0,3,"NA",0,5,2007,"WD","Normal",2e+05,1,1,0,0,1,0,0
"160","RM",1890,"Pave","NA",4,"Lvl",4,"Inside",3,"MeadowV","Norm","Norm","TwnhsE","2Story",4,6,1972,1972,"Gable","CompShg","CemntBd","CmentBd","None",0,3,3,"CBlock",3,3,1,3,1,546,"GasA",3,"Y",5,1092,0,0,1,1,3,1,3,8,0,0,"Attchd",1,1,286,3,3,3,0,0,64,0,0,0,0,0,"NA",0,6,2010,"WD","Normal",85500,1,1,0,0,0,0,0
"020","RL",11449,"Pave","NA",3,"HLS",4,"Inside",3,"Timber","Norm","Norm","1Fam","1Story",8,5,2007,2007,"Gable","CompShg","VinylSd","VinylSd","None",0,4,3,"PConc",4,3,3,6,1,1884,"GasA",5,"Y",5,1728,1,0,2,0,3,1,4,8,1,4,"Attchd",3,2,520,3,3,3,0,276,0,0,0,0,0,0,"NA",0,1,2008,"WD","Normal",298751,1,1,1,0,0,0,0
"060","RL",7500,"Pave","NA",4,"Lvl",4,"Inside",3,"Gilbert","Norm","Norm","1Fam","2Story",6,5,1998,1999,"Gable","CompShg","VinylSd","VinylSd","None",0,4,3,"PConc",4,3,1,6,1,952,"GasA",4,"Y",5,1636,1,0,2,1,3,1,3,8,1,3,"Attchd",3,2,440,3,3,3,0,84,0,0,0,0,0,0,"NA",0,10,2009,"WD","Normal",191000,1,1,1,0,0,0,0
"090","RL",11500,"Pave","NA",3,"Lvl",4,"Corner",3,"NWAmes","Feedr","RRAn","Duplex","1Story",5,6,1976,1976,"Gable","CompShg","VinylSd","VinylSd","BrkFace",164,3,3,"CBlock",3,3,1,1,1,1680,"GasA",2,"Y",5,1680,0,0,2,0,4,2,3,8,0,0,"Detchd",1,2,528,3,3,3,0,0,0,0,0,0,0,0,"NA",0,6,2007,"WD","Normal",136905,1,1,0,0,0,0,1
"090","RL",12760,"Pave","NA",3,"Lvl",4,"Inside",3,"Mitchel","Norm","Norm","Duplex","1Story",6,5,1976,1976,"Gable","CompShg","Plywood","Plywood","None",0,3,3,"CBlock",3,3,1,1,1,1958,"GasA",3,"Y",5,2048,0,0,3,0,5,2,3,8,0,0,"2Types",1,2,776,3,3,3,0,0,0,0,0,0,0,0,"NA",0,3,2010,"ConLD","Normal",170000,1,1,0,0,0,0,0
"020","RL",9605,"Pave","NA",4,"Lvl",4,"Corner",3,"SawyerW","Norm","Norm","1Fam","1Story",7,6,2007,2007,"Gable","CompShg","VinylSd","VinylSd","None",0,4,3,"PConc",4,3,1,1,1,1218,"GasA",5,"Y",5,1218,0,0,1,1,3,1,4,8,0,0,"Detchd",2,2,576,3,3,3,0,178,0,0,0,0,0,0,"NA",0,4,2009,"WD","Normal",159000,1,1,0,0,0,0,0
"120","RM",4435,"Pave","NA",4,"Lvl",4,"Inside",3,"CollgCr","Norm","Norm","TwnhsE","1Story",6,5,2004,2004,"Gable","CompShg","VinylSd","VinylSd","BrkFace",169,4,3,"PConc",4,3,2,6,1,848,"GasA",5,"Y",5,848,1,0,1,0,1,1,4,8,1,4,"Attchd",2,2,420,3,3,3,140,0,0,0,0,0,0,0,"NA",0,5,2006,"WD","Normal",155900,1,1,1,0,0,0,1
"190","RL",5687,"Pave","Grvl",4,"Bnk",4,"Inside",3,"SWISU","Norm","Norm","2fmCon","2Story",5,6,1912,2000,"Gable","CompShg","VinylSd","VinylSd","None",0,3,2,"PConc",3,2,1,3,1,780,"GasA",5,"N",5,1716,1,0,2,0,6,1,2,8,0,0,"NA",0,0,0,0,0,1,0,184,0,0,0,0,0,0,"NA",0,3,2008,"WD","Normal",135900,1,0,0,0,0,1,0
"020","RL",8308,"Pave","NA",4,"Lvl",4,"Inside",3,"Edwards","Norm","Norm","1Fam","1Story",4,6,1963,1963,"Gable","CompShg","VinylSd","VinylSd","Stone",20,3,4,"CBlock",3,3,1,4,2,1088,"GasA",3,"Y",5,1088,0,0,1,0,2,1,3,8,0,0,"Detchd",1,2,520,3,3,2,0,0,0,0,0,0,0,0,"NA",0,6,2007,"COD","Normal",110000,1,1,0,0,0,0,1
"160","FV",2651,"Pave","NA",4,"Lvl",4,"FR2",3,"Somerst","Norm","Norm","Twnhs","2Story",7,5,2000,2000,"Gable","CompShg","MetalSd","MetalSd","None",0,4,3,"PConc",4,3,1,6,1,673,"GasA",5,"Y",5,1382,1,0,2,1,3,1,4,8,0,0,"Detchd",1,2,490,3,3,3,153,50,0,0,0,0,0,0,"NA",0,4,2006,"WD","Normal",165000,1,1,0,0,0,0,0
"120","RL",3480,"Pave","NA",4,"Lvl",4,"Inside",3,"NridgHt","Norm","Norm","TwnhsE","1Story",7,5,2003,2003,"Gable","CompShg","VinylSd","VinylSd","Stone",163,4,3,"PConc",4,3,1,1,1,1405,"GasA",5,"Y",5,1405,0,0,2,0,2,1,4,8,1,3,"Attchd",2,2,478,3,3,3,148,36,0,0,0,0,0,0,"NA",0,11,2009,"WD","Normal",173000,1,1,1,0,0,0,1
"020","RL",9000,"Pave","NA",4,"Lvl",4,"Inside",3,"Sawyer","Norm","Norm","1Fam","1Story",4,7,1945,1950,"Gable","CompShg","Wd Sdng","Wd Sdng","None",0,2,3,"Slab",0,0,0,0,0,0,"GasA",3,"N",3,998,0,0,1,0,3,1,3,6,0,0,"2Types",1,2,460,2,3,3,0,0,140,0,0,0,0,0,"NA",0,5,2007,"WD","Normal",89500,0,1,0,0,0,0,0
"050","RL",8375,"Pave","NA",4,"Lvl",4,"Corner",3,"Sawyer","Norm","Norm","1Fam","1.5Fin",5,7,1941,1973,"Gable","CompShg","Wd Sdng","Wd Sdng","None",0,3,3,"BrkTil",3,3,1,5,1,576,"GasA",4,"Y",5,1350,1,0,1,1,2,1,4,7,0,0,"2Types",1,3,627,3,3,1,0,0,0,0,0,0,0,3,"NA",0,6,2008,"WD","Normal",152400,1,1,0,0,1,0,0
"030","RM",5925,"Pave","NA",4,"Bnk",4,"Inside",3,"OldTown","Norm","Norm","1Fam","1Story",4,7,1937,2000,"Hip","CompShg","Stucco","Stucco","BrkCmn",435,3,3,"BrkTil",2,3,1,3,1,907,"GasA",3,"Y",5,1131,0,0,1,0,2,1,3,8,0,0,"Detchd",1,2,672,3,3,3,0,72,0,0,0,0,0,3,"NA",0,3,2007,"WD","Alloca",89471,1,1,0,0,1,0,1
"020","RL",7626,"Pave","NA",4,"Lvl",4,"Inside",3,"NAmes","Norm","Norm","1Fam","1Story",5,8,1952,2005,"Hip","CompShg","Wd Sdng","Wd Sdng","None",0,4,3,"CBlock",3,3,1,6,1,1031,"GasA",4,"Y",5,1031,1,0,1,0,2,1,4,8,0,0,"Attchd",1,1,230,3,3,3,0,0,0,0,0,0,0,3,"NA",0,3,2009,"WD","Normal",145500,1,1,0,0,1,0,0
"020","RL",11577,"Pave","NA",4,"Lvl",4,"Inside",3,"Timber","Norm","Norm","1Fam","1Story",9,5,2005,2006,"Hip","CompShg","VinylSd","VinylSd","BrkFace",382,5,3,"PConc",4,3,4,6,1,1838,"GasA",5,"Y",5,1838,1,0,2,0,3,1,5,8,1,4,"Attchd",3,3,682,3,3,3,161,225,0,0,0,0,0,0,"NA",0,9,2006,"New","Partial",359900,1,1,1,0,0,0,1
"060","RL",11025,"Pave","NA",4,"HLS",4,"Inside",2,"NoRidge","Norm","Norm","1Fam","2Story",8,5,1992,1993,"Gable","CompShg","HdBoard","ImStucc","BrkFace",692,4,3,"PConc",5,3,4,6,1,1334,"GasA",5,"Y",5,2826,1,0,2,1,3,1,4,8,3,3,"Attchd",2,3,888,3,3,3,177,208,186,0,0,0,0,0,"NA",0,10,2006,"WD","Normal",334000,1,1,1,0,0,0,1
"080","RL",14112,"Pave","NA",3,"Lvl",4,"Corner",3,"NAmes","Norm","Norm","1Fam","SLvl",5,7,1964,1964,"Hip","CompShg","Wd Sdng","HdBoard","BrkFace",86,3,3,"PConc",3,3,3,6,1,1152,"GasA",3,"Y",5,1152,1,0,1,0,3,1,3,8,1,4,"Attchd",2,2,484,3,3,3,227,0,0,0,0,0,0,0,"NA",0,4,2010,"WD","Normal",180500,1,1,1,0,0,0,1
"020","FV",8125,"Pave","NA",4,"Lvl",4,"Corner",3,"Somerst","Norm","Norm","1Fam","1Story",8,5,2008,2009,"Hip","CompShg","VinylSd","VinylSd","BrkFace",288,4,3,"PConc",4,3,1,1,1,1836,"GasA",5,"Y",5,1836,0,0,2,0,3,1,4,8,1,4,"Attchd",3,2,517,3,3,3,0,175,0,0,0,0,0,0,"NA",0,10,2009,"New","Partial",264500,1,1,1,0,0,0,1
"060","RL",12420,"Pave","NA",4,"Lvl",4,"Inside",3,"CollgCr","Norm","Norm","1Fam","2Story",7,5,2001,2001,"Gable","CompShg","VinylSd","VinylSd","None",0,4,3,"PConc",4,3,1,6,1,944,"GasA",5,"Y",5,1840,1,0,2,1,3,1,4,8,0,0,"Attchd",2,2,622,3,3,3,0,45,0,0,0,0,0,0,"NA",0,6,2009,"WD","Normal",230000,1,1,0,0,0,0,0
"020","RL",8280,"Pave","NA",3,"Lvl",4,"Inside",3,"NAmes","Norm","Norm","1Fam","1Story",6,5,1950,1950,"Gable","CompShg","BrkFace","BrkFace","None",0,3,3,"CBlock",3,3,1,1,1,932,"GasA",5,"Y",3,932,0,0,1,0,2,1,4,8,1,4,"Attchd",1,1,306,3,3,3,0,0,214,0,0,0,0,4,"NA",0,11,2007,"WD","Normal",124000,1,1,1,0,1,0,0
"060","RL",9018,"Pave","NA",3,"Lvl",4,"Inside",3,"Gilbert","Norm","Norm","1Fam","2Story",7,5,2007,2007,"Hip","CompShg","VinylSd","VinylSd","None",0,4,3,"PConc",4,3,3,1,1,728,"GasA",5,"Y",5,1456,0,0,2,1,3,1,4,8,1,4,"Attchd",3,2,400,3,3,3,100,24,0,0,0,0,0,0,"NA",0,7,2007,"New","Partial",179540,1,1,1,0,0,0,0
"020","RL",6762,"Pave","NA",4,"Lvl",4,"Inside",3,"CollgCr","Norm","Norm","1Fam","1Story",7,5,2007,2007,"Gable","CompShg","VinylSd","VinylSd","None",0,4,3,"PConc",4,3,3,6,1,1282,"GasA",5,"Y",5,1290,1,0,2,0,2,1,4,8,1,4,"Attchd",2,2,662,3,3,3,168,0,0,0,0,0,0,0,"NA",0,5,2009,"WD","Normal",2e+05,1,1,1,0,0,0,0
"080","RL",12886,"Pave","NA",3,"Lvl",4,"Inside",3,"Sawyer","Norm","Norm","1Fam","SLvl",5,6,1963,1999,"Gable","CompShg","HdBoard","HdBoard","None",0,3,3,"CBlock",4,3,3,5,1,520,"GasA",5,"Y",5,1464,0,1,2,0,3,1,3,6,1,3,"Attchd",2,2,480,3,3,3,302,0,0,0,100,0,0,0,"NA",0,10,2009,"WD","Normal",175000,1,1,1,0,0,0,0
"090","RL",7939,"Pave","NA",4,"Lvl",4,"Inside",3,"SawyerW","Feedr","Norm","Duplex","2Story",7,5,2000,2000,"Hip","CompShg","VinylSd","VinylSd","BrkFace",23,3,3,"PConc",5,3,1,6,1,1168,"GasA",5,"Y",5,2787,2,0,4,2,6,2,3,8,2,3,"BuiltIn",3,4,820,3,3,3,312,0,0,0,0,0,0,0,"NA",0,10,2009,"WD","Normal",269500,1,1,1,0,0,0,1
"120","RL",3136,"Pave","NA",3,"Lvl",4,"Corner",3,"NridgHt","Norm","Norm","TwnhsE","1Story",7,5,2003,2003,"Gable","CompShg","VinylSd","Wd Shng","Stone",163,4,3,"PConc",4,3,1,1,1,1405,"GasA",5,"Y",5,1405,0,0,2,0,2,1,4,8,1,4,"Attchd",2,2,478,3,3,3,148,36,0,0,0,0,0,0,"NA",0,3,2006,"WD","Normal",171750,1,1,1,0,0,0,1
"050","RM",6120,"Pave","NA",4,"Lvl",4,"Corner",3,"BrkSide","Norm","Norm","1Fam","1.5Fin",5,6,1936,1950,"Gable","CompShg","Wd Sdng","Wd Sdng","None",0,3,2,"BrkTil",3,3,1,1,1,927,"GasA",3,"Y",5,1539,0,0,1,1,3,1,3,8,0,0,"Detchd",1,2,576,3,3,3,112,0,0,0,0,0,0,3,"NA",0,4,2009,"WD","Normal",141500,1,1,0,0,1,0,0
"120","FV",3316,"Pave","Pave",3,"Lvl",4,"Inside",3,"Somerst","Norm","Norm","TwnhsE","1Story",8,5,2005,2005,"Gable","CompShg","MetalSd","MetalSd","None",0,4,3,"PConc",4,3,1,6,1,1247,"GasA",5,"Y",5,1247,1,0,1,1,1,1,4,8,1,4,"Attchd",3,2,550,3,3,3,0,84,0,0,0,0,0,0,"NA",0,4,2006,"WD","Normal",197000,1,1,1,0,0,1,0
"020","RL",8450,"Pave","NA",4,"Lvl",4,"Inside",3,"Sawyer","RRAe","Norm","1Fam","1Story",5,8,1965,2009,"Gable","CompShg","MetalSd","MetalSd","None",0,3,4,"CBlock",3,3,1,6,4,894,"GasA",5,"Y",5,894,1,0,1,0,3,1,3,8,1,4,"Detchd",1,1,336,3,3,3,416,144,0,0,0,0,0,3,"NA",0,4,2010,"WD","Normal",138500,1,1,1,0,1,0,0
"020","RL",8070,"Pave","NA",4,"Lvl",4,"Inside",3,"CollgCr","Norm","Norm","1Fam","1Story",4,5,1994,1995,"Gable","CompShg","VinylSd","VinylSd","None",0,3,3,"PConc",4,3,1,6,1,990,"GasA",5,"Y",5,990,1,0,1,0,3,1,3,8,0,0,"NA",0,0,0,0,0,3,0,0,0,0,0,0,0,0,"NA",0,8,2007,"WD","Normal",123600,1,0,0,0,0,0,0
"020","RL",9000,"Pave","NA",4,"Lvl",4,"FR2",3,"NAmes","Norm","Norm","1Fam","1Story",4,7,1971,2006,"Gable","CompShg","VinylSd","VinylSd","None",0,3,4,"CBlock",3,3,1,5,1,864,"GasA",4,"Y",5,864,0,0,1,0,3,1,3,8,0,0,"Detchd",1,2,576,3,3,3,200,0,0,0,0,0,0,2,"NA",0,7,2009,"WD","Normal",130000,1,1,0,0,1,0,0
"020","RL",7500,"Pave","NA",4,"Lvl",4,"Inside",3,"SawyerW","Norm","Norm","1Fam","1Story",7,5,2004,2005,"Gable","CompShg","VinylSd","VinylSd","BrkFace",120,3,3,"PConc",4,3,1,6,1,1080,"GasA",5,"Y",5,1080,1,0,1,0,3,1,4,8,0,0,"NA",0,0,0,0,0,3,0,0,0,0,0,0,0,0,"NA",0,4,2008,"WD","Normal",141000,1,0,0,0,0,0,1
"020","RL",7903,"Pave","NA",4,"Lvl",4,"Inside",3,"NAmes","Norm","Norm","1Fam","1Story",5,5,1960,1960,"Hip","CompShg","BrkFace","BrkFace","None",0,3,3,"CBlock",3,3,1,3,1,1242,"GasA",4,"Y",3,1242,1,0,1,1,3,1,3,8,0,0,"Attchd",2,1,324,3,3,3,0,0,0,0,0,0,0,0,"NA",0,5,2007,"WD","Family",152000,1,1,0,0,0,0,0
"020","RL",13253,"Pave","NA",3,"Lvl",4,"Inside",3,"Somerst","RRAn","Norm","1Fam","1Story",7,5,2006,2006,"Gable","CompShg","VinylSd","VinylSd","BrkFace",128,4,3,"PConc",5,3,1,6,1,1578,"GasA",4,"Y",5,1578,1,0,2,0,3,1,4,8,1,4,"Attchd",1,3,642,3,3,3,0,26,0,0,0,0,0,0,"NA",0,5,2008,"WD","Normal",240000,1,1,1,0,0,0,1
"020","RL",7697,"Pave","NA",4,"Lvl",4,"Inside",3,"Gilbert","Norm","Norm","1Fam","1Story",7,6,2007,2007,"Gable","CompShg","VinylSd","VinylSd","BrkFace",0,4,3,"PConc",4,3,1,1,1,1246,"GasA",5,"Y",5,1258,0,0,2,0,3,1,4,8,0,0,"Attchd",2,2,462,3,3,3,0,0,0,0,0,0,0,0,"NA",0,8,2007,"New","Partial",173500,1,1,0,0,0,0,1
"120","RM",4500,"Pave","NA",4,"Lvl",4,"FR2",3,"Mitchel","Norm","Norm","TwnhsE","1Story",6,5,1998,1998,"Hip","CompShg","VinylSd","VinylSd","BrkFace",443,3,4,"PConc",5,4,1,6,1,1237,"GasA",5,"Y",5,1337,1,0,2,0,2,1,3,8,0,0,"Attchd",3,2,405,3,3,3,0,199,0,0,0,0,0,0,"NA",0,3,2006,"WD","Normal",153500,1,1,0,0,0,0,1
"020","RL",10000,"Pave","NA",4,"Lvl",4,"Inside",3,"NWAmes","Norm","Norm","1Fam","1Story",6,6,1974,1974,"Gable","CompShg","HdBoard","Plywood","BrkFace",176,3,3,"CBlock",3,3,1,5,1,1103,"GasA",3,"Y",5,1103,0,0,2,0,3,1,3,8,0,0,"Attchd",1,2,462,3,3,3,295,84,0,0,0,0,0,2,"NA",0,6,2006,"WD","Normal",155000,1,1,0,0,1,0,1
"050","RL",14720,"Pave","NA",3,"Lvl",4,"CulDSac",3,"NoRidge","Norm","Norm","1Fam","1.5Fin",8,5,1995,1996,"Hip","CompShg","VinylSd","VinylSd","BrkFace",579,4,3,"PConc",4,3,3,6,1,2033,"GasA",5,"Y",5,3238,1,0,2,1,4,1,4,8,1,5,"Attchd",3,3,666,3,3,3,283,86,0,0,0,0,0,0,"NA",0,3,2010,"WD","Normal",410000,1,1,1,0,0,0,1
"020","RL",11305,"Pave","NA",4,"Lvl",4,"Inside",3,"Timber","Norm","Norm","1Fam","1Story",8,5,2002,2002,"Hip","CompShg","VinylSd","VinylSd","BrkFace",886,4,3,"PConc",4,3,3,6,1,1922,"GasA",5,"Y",5,1922,1,0,2,0,2,1,4,8,1,5,"Attchd",3,3,692,3,3,3,201,64,0,0,0,0,0,0,"NA",0,4,2007,"WD","Normal",282000,1,1,1,0,0,0,1
"070","RL",12888,"Pave","NA",4,"Bnk",4,"Inside",3,"Sawyer","Feedr","Norm","1Fam","2Story",7,8,1937,1980,"Gable","CompShg","Wd Sdng","Wd Sdng","None",0,3,4,"CBlock",3,3,1,5,1,1005,"GasA",3,"Y",5,2267,1,0,1,1,3,1,3,8,2,4,"Attchd",3,2,498,3,3,3,521,0,0,0,0,0,0,0,"NA",0,4,2007,"WD","Normal",219000,1,1,1,0,0,0,0
"075","RL",9660,"Pave","NA",4,"Lvl",4,"Inside",3,"NoRidge","Norm","Norm","1Fam","2.5Unf",8,5,1997,1997,"Hip","CompShg","HdBoard","HdBoard","BrkFace",1290,4,3,"PConc",4,3,1,1,1,1173,"GasA",5,"Y",5,2199,0,0,2,1,3,1,4,8,1,3,"Attchd",3,2,516,3,3,3,0,131,0,0,0,0,0,0,"NA",0,9,2008,"WD","Normal",284500,1,1,1,0,0,0,1
"020","RL",9525,"Pave","NA",4,"Lvl",4,"Inside",3,"Edwards","Norm","Norm","1Fam","1Story",5,7,1954,1998,"Gable","CompShg","WdShing","Wd Shng","None",0,3,3,"CBlock",3,3,3,4,1,1172,"GasA",3,"Y",5,1172,1,0,1,0,3,1,3,8,0,0,"Attchd",3,1,366,3,3,3,240,0,0,0,0,0,0,0,"NA",0,6,2010,"WD","Normal",128000,1,1,0,0,0,0,0
"120","RL",5330,"Pave","NA",4,"Lvl",4,"Inside",3,"StoneBr","Norm","Norm","TwnhsE","1Story",8,5,2000,2000,"Gable","CompShg","CemntBd","CmentBd","None",0,4,3,"PConc",4,3,3,6,1,1494,"GasA",5,"Y",5,1652,1,0,2,0,2,1,5,8,0,0,"Attchd",2,2,499,3,3,3,96,48,0,0,0,0,0,0,"NA",0,8,2007,"WD","Normal",251000,1,1,0,0,0,0,0
"020","RL",8089,"Pave","NA",4,"HLS",4,"Inside",3,"StoneBr","Norm","Norm","1Fam","1Story",8,6,2007,2007,"Gable","CompShg","MetalSd","MetalSd","BrkFace",0,4,3,"PConc",4,3,3,6,1,1419,"GasA",5,"Y",5,1419,1,0,2,0,2,1,4,8,1,4,"Attchd",2,2,567,3,3,3,140,0,0,0,0,0,0,0,"NA",0,10,2007,"New","Partial",392000,1,1,1,0,0,0,1
"020","RL",15387,"Pave","NA",3,"Lvl",4,"CulDSac",3,"NWAmes","Norm","Norm","1Fam","1Story",7,7,1967,1967,"Gable","CompShg","Plywood","Plywood","None",0,3,3,"CBlock",3,3,1,5,4,1620,"GasA",5,"Y",5,1620,0,0,2,0,4,1,4,8,1,4,"Attchd",1,2,578,3,3,3,0,62,192,0,0,0,0,0,"Shed",450,8,2008,"WD","Normal",215000,1,1,1,0,0,0,0
"050","RL",18837,"Pave","NA",3,"Lvl",4,"Inside",3,"NWAmes","Norm","Norm","1Fam","1.5Fin",6,5,1978,1978,"Gable","CompShg","MetalSd","MetalSd","None",0,3,3,"PConc",4,3,2,5,2,1224,"GasA",3,"Y",5,1891,0,1,3,0,3,1,3,8,1,3,"Attchd",2,2,678,3,3,3,0,69,0,0,0,0,0,0,"NA",0,4,2010,"WD","Normal",212500,1,1,1,0,0,0,0
"030","RM",8263,"Pave","NA",4,"Bnk",4,"Inside",2,"IDOTRR","Norm","Norm","1Fam","1Story",6,5,1920,1950,"Gable","CompShg","BrkFace","BrkFace","None",0,3,3,"BrkTil",3,3,1,1,1,1012,"GasA",3,"Y",3,1012,0,0,1,0,2,1,3,8,1,4,"Detchd",1,1,308,3,3,3,0,22,112,0,0,0,0,3,"NA",0,5,2007,"WD","Normal",118400,1,1,1,0,1,0,0
"020","RL",13350,"Pave","NA",3,"Lvl",4,"Inside",3,"Sawyer","Norm","Norm","1Fam","1Story",5,5,1974,1974,"Hip","CompShg","HdBoard","Plywood","None",0,3,3,"CBlock",3,3,1,5,1,864,"GasA",3,"Y",5,894,1,0,1,0,3,1,3,8,1,2,"Attchd",1,2,440,3,3,3,241,0,0,0,0,0,0,3,"NA",0,6,2006,"WD","Normal",142500,1,1,1,0,1,0,0
"120","RL",4045,"Pave","NA",4,"Lvl",4,"Inside",3,"Blmngtn","Norm","Norm","TwnhsE","1Story",7,5,2006,2006,"Hip","CompShg","VinylSd","VinylSd","BrkFace",45,4,3,"PConc",4,3,3,6,1,1356,"GasA",5,"Y",5,1500,1,0,2,0,2,1,4,8,1,4,"Attchd",3,3,648,3,3,3,161,20,0,0,0,0,0,0,"NA",0,10,2006,"New","Partial",246578,1,1,1,0,0,0,1
"120","RL",5001,"Pave","NA",3,"Lvl",4,"Inside",3,"NridgHt","Norm","Norm","Twnhs","1Story",7,5,2007,2008,"Gable","CompShg","VinylSd","VinylSd","Stone",166,4,3,"PConc",4,3,1,6,1,1314,"GasA",5,"Y",5,1314,1,0,2,0,2,1,4,8,1,4,"Attchd",2,2,626,3,3,3,172,62,0,0,0,0,0,0,"NA",0,7,2009,"WD","Normal",230000,1,1,1,0,0,0,1
"020","RL",10400,"Pave","NA",4,"Lvl",4,"Inside",3,"NWAmes","Norm","Norm","1Fam","1Story",6,5,1976,1976,"Gable","CompShg","HdBoard","HdBoard","BrkFace",120,3,3,"CBlock",3,3,1,1,1,1444,"GasA",3,"Y",5,1444,0,0,2,0,2,1,3,8,1,4,"Attchd",1,2,473,3,3,3,0,24,0,0,0,0,0,2,"NA",0,4,2008,"WD","Normal",159900,1,1,1,0,1,0,1
"020","RL",7500,"Pave","NA",4,"Lvl",4,"Inside",3,"SawyerW","Norm","Norm","1Fam","1Story",6,5,2004,2004,"Gable","CompShg","VinylSd","VinylSd","None",0,3,3,"PConc",4,3,1,1,1,1158,"GasA",5,"Y",5,1158,0,0,1,1,3,1,4,8,0,0,"NA",0,0,0,0,0,3,0,50,0,0,0,0,0,0,"NA",0,8,2009,"WD","Normal",143500,1,0,0,0,0,0,0
"160","RM",1300,"Pave","NA",4,"Lvl",4,"Inside",3,"Blueste","Norm","Norm","TwnhsE","2Story",6,6,1980,1980,"Gable","CompShg","MetalSd","MetalSd","None",0,3,3,"CBlock",4,3,1,5,1,561,"GasA",3,"Y",5,1229,0,0,1,1,2,1,3,8,1,3,"Attchd",3,2,462,3,3,3,150,0,0,0,0,0,0,4,"NA",0,5,2009,"WD","Normal",124000,1,1,1,0,1,0,0
"120","RL",3182,"Pave","NA",4,"Lvl",4,"Inside",3,"Blmngtn","Norm","Norm","TwnhsE","1Story",7,5,2005,2006,"Gable","CompShg","VinylSd","VinylSd","BrkFace",16,4,3,"PConc",4,3,3,6,1,1220,"GasA",5,"Y",5,1220,0,0,2,0,2,1,4,8,1,4,"Attchd",3,2,397,3,3,3,100,16,0,0,0,0,0,0,"NA",0,8,2009,"WD","Normal",180000,1,1,1,0,0,0,1
"060","RL",11646,"Pave","NA",3,"Lvl",4,"Inside",3,"CollgCr","Norm","Norm","1Fam","2Story",6,5,2005,2006,"Gable","CompShg","VinylSd","VinylSd","None",0,4,3,"PConc",4,3,3,1,1,704,"GasA",5,"Y",5,1422,0,0,2,1,3,1,4,8,1,4,"Attchd",3,2,440,3,3,3,36,28,0,0,0,0,0,0,"NA",0,7,2009,"WD","Normal",173000,1,1,1,0,0,0,0
"020","RL",8925,"Pave","NA",3,"HLS",4,"Inside",3,"Timber","Norm","Norm","1Fam","1Story",8,5,2007,2007,"Gable","CompShg","VinylSd","VinylSd","None",0,4,3,"PConc",4,3,3,6,1,1466,"GasA",5,"Y",5,1466,0,0,2,0,3,1,4,8,0,0,"Attchd",3,3,610,3,3,3,100,18,0,0,0,0,0,0,"NA",0,7,2009,"WD","Normal",201000,1,1,0,0,0,0,0
"020","RL",8368,"Pave","NA",3,"HLS",4,"Inside",3,"Timber","Norm","Norm","1Fam","1Story",7,5,2006,2007,"Gable","CompShg","VinylSd","VinylSd","None",0,4,3,"PConc",4,3,1,1,1,1689,"GasA",5,"Y",5,1689,0,0,2,0,3,1,4,8,0,0,"Attchd",3,2,433,3,3,3,100,39,0,0,0,0,0,0,"NA",0,4,2007,"New","Partial",231713,1,1,0,0,0,0,0
"050","RM",9576,"Pave","NA",4,"Lvl",4,"Inside",3,"OldTown","Norm","Norm","1Fam","1.5Fin",6,7,1945,1950,"Gable","CompShg","VinylSd","VinylSd","None",0,3,3,"CBlock",2,3,1,3,1,770,"GasA",3,"Y",5,1182,0,0,1,1,3,1,3,8,0,0,"Detchd",1,1,378,2,3,3,0,0,0,0,0,0,0,2,"NA",0,5,2006,"WD","Normal",120000,1,1,0,0,1,0,0
"050","RM",5520,"Pave","NA",4,"Lvl",4,"Corner",3,"OldTown","Norm","Norm","1Fam","1.5Fin",4,6,1920,1980,"Gable","CompShg","Wd Sdng","Wd Sdng","None",0,3,3,"PConc",3,2,1,2,1,1147,"GasA",3,"N",5,1657,0,0,1,0,4,1,2,8,1,3,"Detchd",1,1,162,2,2,1,0,0,0,0,0,0,0,0,"NA",0,7,2006,"WD","Normal",111500,1,1,1,0,0,0,0
"030","RM",8520,"Pave","NA",4,"Lvl",4,"Inside",3,"OldTown","Norm","Norm","1Fam","1Story",6,8,1928,2003,"Gable","CompShg","VinylSd","VinylSd","None",0,3,4,"BrkTil",3,3,1,1,1,624,"GasA",4,"Y",5,720,0,0,1,0,2,1,3,8,0,0,"Detchd",1,2,484,3,3,3,106,0,0,0,0,0,0,0,"NA",0,5,2010,"WD","Normal",105900,1,1,0,0,0,0,0
"060","FV",9803,"Pave","NA",4,"Lvl",4,"Inside",3,"Somerst","Norm","Norm","1Fam","2Story",7,5,2005,2005,"Gable","CompShg","VinylSd","VinylSd","None",0,4,3,"PConc",4,3,1,6,1,866,"GasA",4,"Y",5,1768,0,0,2,1,3,1,4,8,0,0,"Attchd",2,2,603,3,3,3,0,108,0,0,0,0,0,0,"NA",0,2,2008,"WD","Normal",226700,1,1,0,0,0,0,0
"020","RL",7832,"Pave","NA",4,"Lvl",4,"Inside",3,"Sawyer","Norm","Norm","1Fam","1Story",5,5,1968,1968,"Hip","CompShg","HdBoard","HdBoard","None",0,3,3,"CBlock",3,3,1,6,1,864,"GasA",5,"Y",5,864,1,0,1,0,2,1,3,8,0,0,"Detchd",1,1,280,3,3,3,226,0,0,0,0,0,0,0,"NA",0,5,2010,"WD","Normal",137250,1,1,0,0,0,0,0
"060","RL",11787,"Pave","NA",3,"Lvl",4,"Inside",3,"NoRidge","Norm","Norm","1Fam","2Story",7,5,1996,1997,"Gable","CompShg","VinylSd","VinylSd","BrkFace",594,4,3,"PConc",4,3,1,6,1,1379,"GasA",5,"Y",5,2398,1,0,2,1,3,1,4,8,1,3,"Attchd",3,3,834,3,3,3,239,60,0,0,0,0,0,0,"NA",0,8,2007,"WD","Normal",315750,1,1,1,0,0,0,1
"030","RM",4118,"Pave","Grvl",3,"Bnk",4,"Corner",2,"OldTown","Feedr","Norm","1Fam","1Story",4,4,1941,1950,"Gable","CompShg","Wd Sdng","Wd Sdng","None",0,3,3,"CBlock",3,3,1,1,1,693,"Grav",2,"N",3,693,0,0,1,0,2,1,2,8,0,0,"NA",0,0,0,0,0,1,0,20,0,0,0,0,0,0,"NA",0,3,2006,"WD","Normal",52500,1,0,0,0,0,1,0
"060","RL",10566,"Pave","NA",3,"Lvl",4,"Inside",3,"CollgCr","Norm","Norm","1Fam","2Story",8,5,1999,1999,"Gable","CompShg","VinylSd","VinylSd","BrkFace",261,4,3,"PConc",4,3,3,6,1,1090,"GasA",5,"Y",5,2214,1,0,2,1,3,1,4,8,1,3,"Attchd",3,3,646,3,3,3,197,80,0,0,0,0,0,0,"NA",0,7,2006,"WD","Normal",268500,1,1,1,0,0,0,1
"020","RL",10240,"Pave","NA",4,"Lvl",4,"Inside",3,"NWAmes","Norm","Norm","1Fam","1Story",6,6,1980,1980,"Gable","CompShg","Plywood","Plywood","BrkFace",157,3,4,"CBlock",4,3,1,4,2,1686,"GasA",3,"Y",5,1686,1,0,2,0,3,1,3,8,1,3,"Attchd",1,2,612,3,3,3,384,131,0,0,0,0,0,0,"NA",0,5,2006,"WD","Normal",207500,1,1,1,0,0,0,1
"020","RL",9100,"Pave","NA",4,"Lvl",4,"Inside",3,"Sawyer","RRAe","Norm","1Fam","1Story",5,4,1962,1962,"Hip","CompShg","Wd Sdng","Wd Sdng","BrkFace",51,3,3,"CBlock",3,3,1,2,1,988,"GasA",5,"Y",5,988,1,0,1,0,3,1,3,8,0,0,"Detchd",1,2,624,3,3,3,0,0,0,0,0,0,0,0,"NA",0,7,2006,"WD","Normal",129500,1,1,0,0,0,0,1
"020","RL",8712,"Pave","NA",3,"Lvl",4,"Inside",3,"NAmes","Norm","Norm","1Fam","1Story",5,7,1957,2000,"Hip","CompShg","MetalSd","MetalSd","None",0,3,4,"CBlock",3,3,2,4,1,992,"GasA",3,"Y",5,1306,1,0,1,0,2,1,3,8,0,0,"Detchd",1,1,756,3,3,3,0,0,0,0,0,0,0,0,"NA",0,5,2009,"WD","Normal",153000,1,1,0,0,0,0,0
"020","RL",18559,"Pave","NA",3,"Lvl",4,"CulDSac",3,"NWAmes","Norm","Norm","1Fam","1Story",7,5,1978,1978,"Hip","CompShg","Plywood","Plywood","BrkFace",383,4,4,"CBlock",4,3,1,6,3,2048,"GasA",3,"Y",5,2064,1,0,2,0,3,1,4,8,2,2,"Attchd",3,2,550,3,3,3,200,0,0,0,0,0,0,0,"NA",0,8,2008,"WD","Normal",235000,1,1,1,0,0,0,1
"060","RL",13418,"Pave","NA",4,"Lvl",4,"Inside",3,"NridgHt","Norm","Norm","1Fam","2Story",8,5,2004,2005,"Gable","CompShg","VinylSd","VinylSd","Stone",132,4,3,"PConc",5,3,3,1,1,1117,"GasA",5,"Y",5,2452,0,0,3,1,4,1,4,8,1,4,"BuiltIn",3,3,691,3,3,3,113,32,0,0,0,0,0,0,"NA",0,9,2006,"WD","Normal",309000,1,1,1,0,0,0,1
"160","RL",2308,"Pave","NA",4,"Lvl",4,"Inside",3,"NPkVill","Norm","Norm","TwnhsE","2Story",6,5,1974,1974,"Gable","CompShg","Plywood","Brk Cmn","None",0,3,3,"CBlock",3,3,1,5,3,855,"GasA",3,"Y",5,1322,0,1,2,1,3,1,3,8,1,2,"Attchd",1,2,440,3,3,3,260,0,0,0,0,0,0,0,"NA",0,6,2009,"WD","Normal",147000,1,1,1,0,0,0,0
"020","RL",7200,"Pave","NA",4,"Lvl",4,"Inside",3,"NAmes","Norm","Norm","1Fam","1Story",5,3,1950,1950,"Gable","CompShg","WdShing","Wd Shng","None",0,3,3,"CBlock",3,3,1,2,1,864,"GasA",2,"Y",3,1238,0,0,1,1,3,1,3,6,1,3,"Attchd",1,1,357,3,3,3,0,171,0,0,0,0,0,0,"NA",0,11,2007,"WD","Normal",102000,1,1,1,0,0,0,0
"120","RL",3087,"Pave","NA",4,"Lvl",4,"Inside",3,"Blmngtn","Norm","Norm","TwnhsE","1Story",7,5,2006,2006,"Gable","CompShg","VinylSd","VinylSd","BrkFace",14,4,3,"PConc",4,3,3,6,1,1220,"GasA",5,"Y",5,1364,1,0,2,0,2,1,4,8,1,4,"Attchd",3,2,437,3,3,3,100,16,0,0,0,0,0,0,"NA",0,11,2006,"New","Partial",210250,1,1,1,0,0,0,1
"020","RL",7500,"Pave","NA",4,"Lvl",4,"Inside",3,"NAmes","Norm","Norm","1Fam","1Story",5,7,1959,1994,"Hip","CompShg","BrkFace","BrkFace","None",0,3,3,"CBlock",3,3,1,2,3,1246,"GasA",5,"Y",5,1246,1,0,1,1,3,1,4,8,0,0,"Attchd",2,1,305,3,3,3,218,0,0,0,0,0,0,4,"NA",0,5,2010,"WD","Normal",154000,1,1,0,0,1,0,0
"020","RL",6993,"Pave","NA",4,"Lvl",4,"Inside",3,"Sawyer","Feedr","Norm","1Fam","1Story",5,7,1961,1994,"Gable","CompShg","HdBoard","Plywood","None",0,3,3,"CBlock",3,3,1,4,1,912,"GasA",3,"Y",5,1236,0,0,1,0,3,1,3,8,1,3,"Attchd",1,1,288,3,3,3,0,0,0,0,0,0,0,0,"NA",0,6,2006,"WD","Normal",135000,1,1,1,0,0,0,0
"020","RL",10000,"Pave","NA",4,"Lvl",4,"Inside",3,"Somerst","Norm","Norm","1Fam","1Story",8,5,2006,2006,"Hip","CompShg","VinylSd","VinylSd","Stone",410,4,3,"PConc",4,4,3,1,1,1588,"GasA",5,"Y",5,1588,0,0,2,0,3,1,4,8,1,4,"Attchd",2,3,825,3,3,3,144,45,0,0,0,0,0,0,"NA",0,12,2007,"WD","Normal",227000,1,1,1,0,0,0,1
"075","RM",6000,"Pave","NA",4,"Lvl",4,"Inside",3,"OldTown","Norm","Norm","1Fam","2.5Unf",6,7,1915,2005,"Gable","CompShg","Wd Sdng","Wd Sdng","None",0,4,3,"BrkTil",3,3,1,1,1,728,"GasA",4,"Y",5,1456,0,0,1,1,4,1,4,8,0,0,"Detchd",1,1,308,2,2,1,0,0,248,0,0,0,0,0,"NA",0,6,2008,"WD","Normal",139500,1,1,0,0,0,0,0
"020","RL",14175,"Pave","NA",4,"Lvl",4,"Inside",3,"Sawyer","PosA","Norm","1Fam","1Story",6,8,1956,1956,"Gable","CompShg","HdBoard","HdBoard","None",0,3,3,"CBlock",3,4,4,6,1,988,"GasA",3,"Y",3,1188,1,0,1,0,1,1,3,8,1,3,"Attchd",1,2,621,3,3,3,102,89,231,0,0,0,0,0,"NA",0,6,2008,"WD","Normal",185000,1,1,1,0,0,0,0
"060","RL",12798,"Pave","NA",3,"HLS",4,"Inside",2,"ClearCr","Feedr","Norm","1Fam","2Story",6,5,1997,1997,"Gable","CompShg","VinylSd","VinylSd","None",0,3,3,"PConc",4,3,4,6,1,616,"GasA",4,"Y",5,1688,1,0,2,1,4,1,4,8,0,0,"Attchd",2,2,603,3,3,3,403,114,185,0,0,0,0,0,"Shed",400,5,2008,"WD","Normal",2e+05,1,1,0,0,0,0,0
"020","FV",7321,"Pave","Pave",3,"Lvl",4,"Inside",3,"Somerst","Norm","Norm","1Fam","1Story",7,5,1999,2000,"Gable","CompShg","CemntBd","CmentBd","None",0,4,3,"PConc",4,3,1,1,1,1339,"GasA",5,"Y",5,1358,0,0,2,0,3,1,4,8,0,0,"Detchd",1,2,625,3,3,3,176,174,0,0,0,0,0,0,"NA",0,12,2007,"COD","Normal",204000,1,1,0,0,0,1,0
"020","RL",7200,"Pave","NA",4,"Lvl",4,"Inside",3,"CollgCr","Norm","Norm","1Fam","1Story",4,8,1972,2006,"Gable","CompShg","Plywood","Plywood","None",0,3,4,"CBlock",3,3,1,3,1,385,"GasA",4,"Y",5,875,0,0,1,0,3,1,4,8,0,0,"Detchd",1,2,728,3,3,3,352,0,0,0,0,0,0,0,"NA",0,10,2007,"WD","Normal",117000,1,1,0,0,0,0,0
"160","RL",2448,"Pave","NA",4,"Lvl",4,"Inside",3,"NridgHt","Norm","Norm","Twnhs","2Story",7,5,2003,2004,"Gable","CompShg","VinylSd","Wd Shng","Stone",106,4,3,"PConc",4,3,1,6,1,764,"GasA",5,"Y",5,1626,1,0,2,1,2,1,4,8,0,0,"BuiltIn",2,2,474,3,3,3,0,27,0,0,0,0,0,0,"NA",0,10,2008,"WD","Normal",154000,1,1,0,0,0,0,1
"020","RL",20270,"Pave","NA",3,"Lvl",4,"CulDSac",3,"ClearCr","Norm","Norm","1Fam","1Story",7,6,1979,1979,"Gable","CompShg","Plywood","Plywood","None",0,3,3,"CBlock",4,3,4,6,1,1524,"GasA",3,"Y",5,1524,1,0,2,0,3,1,3,8,2,4,"Attchd",3,2,478,3,3,3,140,0,0,0,0,0,0,0,"NA",0,4,2008,"WD","Normal",245000,1,1,1,0,0,0,0
"070","RL",13125,"Pave","NA",4,"Lvl",4,"Inside",3,"Crawfor","Norm","Norm","1Fam","2Story",7,6,1940,1984,"Gable","CompShg","Wd Sdng","Wd Sdng","None",0,3,3,"CBlock",3,3,1,4,1,800,"GasA",3,"Y",5,1740,0,0,1,1,3,1,3,8,2,4,"Attchd",1,1,240,3,3,3,0,0,0,0,0,0,0,0,"NA",0,7,2007,"CWD","Normal",219500,1,1,1,0,0,0,0
"190","RL",7000,"Pave","NA",4,"Lvl",4,"Inside",3,"NAmes","Artery","Norm","2fmCon","SFoyer",5,5,1962,1962,"Gable","CompShg","MetalSd","MetalSd","None",0,3,3,"CBlock",3,3,3,5,1,1025,"GasA",3,"Y",5,1025,1,0,1,0,3,1,3,8,0,0,"NA",0,0,0,0,0,3,96,80,0,0,0,0,0,0,"NA",0,3,2006,"WD","Normal",124000,1,0,0,0,0,0,0
"090","RL",8604,"Pave","NA",3,"Lvl",4,"Inside",3,"NAmes","Norm","Norm","Duplex","SFoyer",5,7,1978,1978,"Gable","CompShg","Plywood","Plywood","BrkFace",124,3,4,"CBlock",4,3,3,6,1,941,"GasA",4,"Y",5,941,1,0,1,0,2,1,4,8,0,0,"Attchd",1,2,564,3,3,3,0,40,0,0,0,0,0,0,"NA",0,11,2009,"WD","Normal",145000,1,1,0,0,0,0,1
"020","FV",9000,"Pave","NA",4,"Lvl",4,"Inside",3,"Somerst","Norm","Norm","1Fam","1Story",7,5,2006,2007,"Gable","CompShg","VinylSd","VinylSd","None",0,4,3,"PConc",4,3,1,1,1,1335,"GasA",5,"Y",5,1335,0,0,2,0,3,1,4,8,0,0,"Attchd",2,2,575,3,3,3,0,210,0,0,0,0,0,0,"NA",0,6,2007,"New","Partial",210400,1,1,0,0,0,0,0
"020","RL",10331,"Pave","NA",4,"Lvl",4,"CulDSac",3,"Timber","Norm","Norm","1Fam","1Story",7,7,1985,1985,"Gable","CompShg","Plywood","Plywood","None",0,3,3,"CBlock",4,3,1,5,4,1265,"GasA",4,"Y",5,1240,0,1,2,0,3,1,4,8,0,0,"Attchd",1,2,528,3,3,3,232,0,0,0,0,0,0,0,"NA",0,7,2007,"WD","Normal",174000,1,1,0,0,0,0,0
"070","RM",2500,"Pave","Pave",4,"Lvl",4,"Corner",3,"OldTown","Norm","Norm","1Fam","2Story",7,8,1915,2005,"Gable","CompShg","Stucco","Stucco","None",0,4,3,"PConc",3,3,1,5,1,910,"GasA",5,"Y",5,1826,1,0,1,1,4,1,5,6,1,4,"Attchd",1,1,164,2,2,3,0,0,0,0,0,0,0,0,"NA",0,6,2009,"WD","Normal",155000,1,1,1,0,0,1,0
"020","RL",8314,"Pave","NA",4,"Lvl",4,"Corner",3,"Mitchel","Norm","Norm","1Fam","1Story",5,7,1982,1982,"Gable","CompShg","HdBoard","ImStucc","None",0,3,3,"CBlock",3,3,4,5,1,816,"GasA",3,"Y",5,816,0,0,1,0,2,1,3,8,0,0,"Attchd",1,1,264,3,3,3,168,0,0,0,0,0,0,0,"NA",0,6,2007,"WD","Normal",124500,1,1,0,0,0,0,0
"020","RL",13870,"Pave","NA",3,"HLS",4,"Inside",3,"StoneBr","PosA","PosA","1Fam","1Story",10,5,2006,2007,"Hip","CompShg","CemntBd","CmentBd","BrkFace",250,5,3,"PConc",5,3,4,6,1,1742,"GasA",5,"Y",5,2042,1,0,2,0,3,1,5,8,1,4,"Attchd",3,3,724,3,3,3,240,52,0,0,174,0,0,0,"NA",0,10,2007,"New","Partial",455000,1,1,1,0,0,0,1
"050","RM",6120,"Pave","NA",4,"Lvl",4,"Inside",3,"BrkSide","Norm","Norm","1Fam","1.5Fin",4,7,1935,1995,"Gable","CompShg","AsbShng","AsbShng","None",0,3,3,"BrkTil",3,3,1,1,1,884,"GasA",5,"Y",5,1573,0,0,1,0,3,1,4,8,0,0,"Detchd",1,1,240,3,3,3,0,0,54,0,120,0,0,0,"NA",0,7,2009,"WD","Normal",133000,1,1,0,0,0,0,0
"020","RL",10637,"Pave","NA",4,"Lvl",4,"Inside",3,"CollgCr","Norm","Norm","1Fam","1Story",8,5,2007,2008,"Hip","CompShg","VinylSd","VinylSd","Stone",336,4,3,"PConc",5,3,4,6,1,1705,"GasA",5,"Y",5,1718,1,0,2,0,3,1,4,8,1,4,"Attchd",2,3,826,3,3,3,208,44,0,0,0,0,0,0,"NA",0,9,2009,"WD","Normal",297000,1,1,1,0,0,0,1
"120","RL",3010,"Pave","NA",4,"Lvl",4,"Inside",3,"Blmngtn","Norm","Norm","TwnhsE","1Story",7,5,2005,2006,"Gable","CompShg","VinylSd","VinylSd","BrkFace",14,4,3,"PConc",4,3,4,6,1,1142,"GasA",5,"Y",5,1142,0,0,2,0,2,1,4,8,0,0,"Attchd",3,2,440,3,3,3,90,0,0,0,0,0,0,0,"NA",0,6,2006,"New","Partial",156820,1,1,0,0,0,0,1
"070","RM",17671,"Pave","Grvl",4,"Lvl",4,"Corner",3,"OldTown","Artery","Norm","1Fam","2Story",8,9,1882,1986,"Gable","CompShg","Wd Sdng","Wd Sdng","None",0,4,4,"BrkTil",3,3,1,4,1,916,"GasA",4,"Y",5,1742,0,0,1,1,4,1,4,8,1,4,"Attchd",1,2,424,3,3,2,0,169,0,0,0,0,0,0,"NA",0,11,2009,"WD","Normal",168000,1,1,1,0,0,1,0
"050","RM",9140,"Pave","NA",4,"HLS",4,"Inside",3,"IDOTRR","Norm","Norm","1Fam","1.5Fin",6,5,1921,1975,"Gable","CompShg","Wd Sdng","Wd Sdng","None",0,3,3,"BrkTil",3,3,2,4,1,629,"GasA",2,"Y",5,1107,0,0,1,0,2,1,3,8,0,0,"Detchd",1,1,625,3,3,3,0,56,0,0,200,0,0,3,"NA",0,4,2010,"COD","Normal",110000,1,1,0,0,1,0,0
"020","RM",9750,"Pave","Grvl",4,"Lvl",4,"Inside",3,"OldTown","Norm","Norm","1Fam","1Story",5,5,1958,1958,"Hip","CompShg","HdBoard","HdBoard","None",0,3,3,"CBlock",3,3,1,1,1,960,"GasA",5,"Y",5,960,0,0,1,0,3,1,3,8,0,0,"Detchd",1,2,624,3,3,3,0,0,0,0,0,0,0,0,"Gar2",4500,7,2006,"WD","Normal",125000,1,1,0,0,0,1,0
"060","RL",7917,"Pave","NA",4,"Lvl",4,"Inside",3,"Gilbert","Norm","Norm","1Fam","2Story",6,5,1999,2000,"Gable","CompShg","VinylSd","VinylSd","None",0,3,3,"PConc",4,3,1,1,1,953,"GasA",5,"Y",5,1647,0,0,2,1,3,1,3,8,1,3,"Attchd",2,2,460,3,3,3,0,40,0,0,0,0,0,0,"NA",0,8,2007,"WD","Normal",175000,1,1,1,0,0,0,0
"120","RL",3182,"Pave","NA",4,"Lvl",4,"Inside",3,"Blmngtn","Norm","Norm","TwnhsE","1Story",7,5,2005,2006,"Gable","CompShg","VinylSd","VinylSd","BrkFace",16,4,3,"PConc",4,3,1,6,1,1346,"GasA",5,"Y",5,1504,0,0,2,0,1,1,4,8,1,4,"Attchd",3,2,457,3,3,3,156,0,0,0,0,0,0,0,"NA",0,5,2009,"WD","Normal",181000,1,1,1,0,0,0,1
"020","RL",14303,"Pave","NA",3,"Lvl",4,"Corner",3,"NoRidge","Norm","Norm","1Fam","1Story",8,5,1994,1994,"Hip","CompShg","HdBoard","HdBoard","BrkFace",554,4,3,"PConc",4,3,4,6,1,1986,"GasA",5,"Y",5,1987,1,0,2,0,2,1,4,8,1,3,"Attchd",3,2,691,3,3,3,262,36,0,0,0,0,0,0,"NA",0,8,2008,"WD","Normal",301500,1,1,1,0,0,0,1
"020","RL",13383,"Pave","NA",3,"Lvl",4,"Inside",2,"Mitchel","Norm","Norm","1Fam","1Story",5,5,1969,2000,"Hip","CompShg","HdBoard","HdBoard","BrkFace",176,3,3,"CBlock",3,3,1,4,1,1188,"GasA",5,"Y",5,1404,0,0,2,0,3,1,3,8,1,1,"Attchd",1,2,504,3,3,3,0,16,0,0,0,0,0,0,"NA",0,3,2009,"WD","Normal",160000,1,1,1,0,0,0,1
"020","RL",14230,"Pave","NA",4,"Lvl",4,"Corner",3,"NridgHt","Norm","Norm","1Fam","1Story",8,5,2007,2007,"Gable","CompShg","VinylSd","VinylSd","Stone",640,4,3,"PConc",4,3,1,1,1,1566,"GasA",5,"Y",5,1600,0,0,2,0,3,1,4,8,1,4,"Attchd",2,3,890,3,3,3,0,56,0,0,0,0,0,0,"NA",0,7,2009,"WD","Normal",256300,1,1,1,0,0,0,1
"060","RL",16545,"Pave","NA",3,"Lvl",4,"Inside",3,"NoRidge","Norm","Norm","1Fam","2Story",8,5,1998,1998,"Gable","CompShg","VinylSd","VinylSd","BrkFace",731,4,3,"PConc",4,3,2,6,1,1284,"GasA",5,"Y",5,2450,1,0,2,1,3,1,4,8,1,3,"Attchd",3,3,1069,3,3,3,0,126,0,0,0,0,0,0,"NA",0,5,2009,"WD","Normal",340000,1,1,1,0,0,0,1
"120","RL",3840,"Pave","NA",3,"Lvl",4,"Inside",3,"Greens","Norm","Norm","TwnhsE","1Story",8,6,1978,1998,"Gable","CompShg","Wd Sdng","Plywood","None",0,4,3,"CBlock",4,3,4,6,2,1057,"GasA",3,"Y",5,1295,1,0,1,0,1,1,4,8,2,3,"Attchd",3,2,571,3,3,3,133,89,0,0,0,0,0,0,"NA",0,7,2007,"WD","Normal",213750,1,1,1,0,0,0,0
"160","FV",3951,"Pave","Pave",3,"Lvl",4,"Inside",3,"Somerst","Norm","Norm","TwnhsE","2Story",10,5,1998,1999,"Gable","CompShg","BrkFace","MetalSd","None",0,5,3,"PConc",4,3,2,4,6,970,"GasA",5,"Y",5,2393,1,0,2,1,2,1,5,8,1,3,"Attchd",3,2,846,3,3,3,0,90,0,0,94,0,0,0,"NA",0,2,2008,"WD","Normal",345000,1,1,1,0,0,1,0
"020","RL",14000,"Pave","NA",4,"Lvl",4,"Inside",3,"Crawfor","Norm","Norm","1Fam","1Story",6,8,1950,2004,"Gable","CompShg","HdBoard","HdBoard","None",0,3,4,"CBlock",3,3,1,1,1,1092,"GasA",5,"Y",5,1152,0,1,1,0,3,1,4,8,1,4,"Attchd",1,1,300,3,3,3,0,36,0,0,0,0,0,4,"NA",0,8,2009,"WD","Family",158500,1,1,1,0,1,0,0
"020","RL",11443,"Pave","NA",4,"Lvl",4,"Inside",3,"Timber","Norm","Norm","1Fam","1Story",8,5,2005,2006,"Hip","CompShg","VinylSd","VinylSd","BrkFace",208,4,3,"PConc",5,3,4,6,1,1868,"GasA",5,"Y",5,2028,1,0,2,0,2,1,4,8,2,4,"Attchd",2,3,880,3,3,3,326,66,0,0,0,0,0,0,"NA",0,3,2006,"New","Partial",369900,1,1,1,0,0,0,1
"020","RL",7200,"Pave","NA",4,"Lvl",4,"Inside",3,"CollgCr","Norm","Norm","1Fam","1Story",5,5,1972,2000,"Gable","CompShg","VinylSd","VinylSd","None",0,3,3,"CBlock",3,3,1,5,1,864,"GasA",4,"Y",5,864,1,0,1,0,3,1,5,8,0,0,"Detchd",3,2,576,4,5,3,155,0,0,0,0,0,0,0,"NA",0,9,2007,"WD","Normal",127000,1,1,0,0,0,0,0
"030","RM",5747,"Pave","NA",4,"Lvl",4,"Inside",3,"OldTown","Norm","Norm","1Fam","1Story",3,4,1920,1950,"Gable","CompShg","Wd Sdng","Wd Sdng","None",0,3,3,"PConc",3,3,1,1,1,798,"GasA",4,"Y",5,840,0,0,1,0,2,1,2,8,0,0,"Detchd",1,1,250,3,2,1,112,0,0,0,0,0,0,0,"NA",0,6,2006,"WD","Normal",64000,1,1,0,0,0,0,0
"060","RL",8795,"Pave","NA",3,"Lvl",4,"Inside",3,"Gilbert","Norm","Norm","1Fam","2Story",7,5,2000,2000,"Gable","CompShg","VinylSd","VinylSd","None",0,4,3,"PConc",4,3,1,6,1,952,"GasA",5,"Y",5,2256,0,0,2,1,4,1,4,8,1,3,"BuiltIn",3,2,554,3,3,3,224,54,0,0,0,0,0,0,"NA",0,4,2009,"WD","Normal",236000,1,1,1,0,0,0,0
"120","RL",4590,"Pave","NA",4,"Lvl",4,"Inside",3,"NridgHt","Norm","Norm","Twnhs","1Story",8,5,2006,2006,"Gable","CompShg","VinylSd","VinylSd","Stone",108,4,3,"PConc",4,4,2,6,1,1554,"GasA",5,"Y",5,1554,0,0,2,0,2,1,4,8,1,4,"Attchd",2,2,627,3,3,3,156,73,0,0,0,0,0,0,"NA",0,5,2007,"CWD","Normal",209500,1,1,1,0,0,0,1
"020","RL",21370,"Pave","NA",4,"Lvl",4,"FR2",3,"Sawyer","Norm","Norm","1Fam","1Story",5,5,1950,1950,"Gable","CompShg","Wd Sdng","MetalSd","None",0,3,3,"Slab",0,0,0,0,0,0,"GasA",3,"Y",3,1640,0,0,1,0,3,1,3,7,1,4,"Attchd",2,2,394,3,3,3,0,0,225,0,0,0,0,0,"Shed",600,6,2006,"WD","Normal",131000,0,1,1,0,0,0,0
"020","RL",14781,"Pave","NA",2,"Lvl",4,"CulDSac",3,"CollgCr","Norm","Norm","1Fam","1Story",8,5,2001,2002,"Hip","CompShg","VinylSd","VinylSd","BrkFace",178,4,3,"PConc",4,3,4,1,1,1753,"GasA",5,"Y",5,1787,0,0,2,0,3,1,4,8,1,3,"Attchd",2,3,748,3,3,3,198,150,0,0,0,0,0,0,"NA",0,8,2006,"WD","Normal",275000,1,1,1,0,0,0,1
"050","RM",5000,"Pave","NA",4,"Lvl",4,"Inside",3,"BrkSide","Feedr","Norm","1Fam","1.5Fin",5,7,1941,2006,"Gable","CompShg","Wd Sdng","Wd Sdng","None",0,3,4,"CBlock",3,3,1,5,1,672,"GasA",5,"Y",5,1210,0,0,1,0,3,1,4,8,0,0,"Detchd",1,1,240,3,3,2,0,0,0,0,0,0,0,0,"NA",0,5,2008,"WD","Normal",124000,1,1,0,0,0,0,0
"020","RL",11616,"Pave","NA",4,"Lvl",4,"Inside",3,"Sawyer","Norm","Norm","1Fam","1Story",5,5,1962,1962,"Gable","CompShg","Wd Sdng","Wd Sdng","BrkFace",116,3,3,"CBlock",3,3,1,2,4,1092,"GasA",3,"Y",5,1092,0,1,1,0,3,1,3,8,1,1,"Attchd",1,1,288,3,3,3,0,20,144,0,0,0,0,0,"NA",0,9,2009,"WD","Normal",139000,1,1,1,0,0,0,1
"160","RM",2665,"Pave","NA",4,"Lvl",4,"Inside",3,"MeadowV","Norm","Norm","TwnhsE","2Story",5,6,1976,1976,"Gable","CompShg","CemntBd","CmentBd","None",0,3,3,"PConc",4,3,2,1,1,264,"GasA",3,"Y",5,1304,0,0,1,1,3,1,3,8,1,4,"BuiltIn",3,1,336,3,3,3,141,24,0,0,0,0,0,0,"NA",0,6,2008,"WD","Normal",115000,1,1,1,0,0,0,0
"020","RL",10928,"Pave","NA",4,"Lvl",4,"Inside",3,"NWAmes","Norm","Norm","1Fam","1Story",6,6,1978,1986,"Gable","CompShg","VinylSd","VinylSd","BrkFace",101,3,3,"PConc",3,3,1,2,1,1427,"GasA",3,"Y",5,1671,0,0,2,0,3,1,3,8,1,3,"Attchd",2,2,484,3,3,3,252,55,0,0,0,0,0,0,"NA",0,8,2009,"WD","Normal",2e+05,1,1,1,0,0,0,1
"020","RL",13108,"Pave","NA",2,"HLS",4,"Inside",3,"Crawfor","Norm","Norm","1Fam","1Story",5,5,1951,1951,"Gable","CompShg","Wd Sdng","Wd Sdng","None",0,3,3,"CBlock",0,0,0,0,0,0,"GasA",2,"Y",5,1226,0,0,1,1,2,1,3,7,1,4,"Attchd",3,2,400,3,3,3,174,24,120,0,228,0,0,0,"NA",0,6,2007,"WD","Normal",153500,0,1,1,0,0,0,0
"060","RL",16023,"Pave","NA",3,"HLS",4,"CulDSac",3,"StoneBr","Norm","Norm","1Fam","2Story",9,5,2005,2006,"Hip","CompShg","VinylSd","VinylSd","BrkFace",600,4,5,"PConc",5,3,4,6,1,1398,"GasA",5,"Y",5,2798,1,0,3,1,3,1,5,8,1,4,"BuiltIn",3,3,670,3,3,3,182,37,0,0,0,0,0,0,"NA",0,3,2006,"New","Partial",457347,1,1,1,0,0,0,1
"085","RL",8400,"Pave","NA",4,"Lvl",4,"Inside",3,"Sawyer","Norm","Norm","1Fam","SFoyer",6,5,1966,1966,"Gable","CompShg","VinylSd","VinylSd","None",0,3,3,"CBlock",3,3,4,2,3,814,"GasA",4,"Y",5,913,1,0,1,0,3,1,3,8,0,0,"Detchd",1,1,240,3,3,3,0,0,252,0,0,0,0,0,"NA",0,5,2007,"WD","Normal",129000,1,1,0,0,0,0,0
"060","RL",8229,"Pave","NA",3,"Lvl",4,"Inside",3,"Gilbert","Norm","Norm","1Fam","2Story",6,5,2007,2007,"Gable","CompShg","VinylSd","VinylSd","Stone",22,4,3,"PConc",4,3,3,1,1,752,"GasA",5,"Y",5,1504,0,0,2,1,3,1,4,8,0,0,"Attchd",3,2,440,3,3,3,100,32,0,0,0,0,0,0,"NA",0,12,2007,"New","Partial",166000,1,1,0,0,0,0,1
"020","RL",14601,"Pave","NA",4,"Lvl",4,"Inside",3,"Timber","Norm","Norm","1Fam","1Story",9,5,2006,2006,"Hip","CompShg","VinylSd","VinylSd","BrkFace",584,5,3,"PConc",5,3,3,6,1,1838,"GasA",5,"Y",5,1838,1,0,2,0,2,1,5,8,1,4,"Attchd",3,3,765,3,3,3,270,68,0,0,0,0,0,0,"NA",0,3,2009,"WD","Normal",315000,1,1,1,0,0,0,1
"020","RL",10725,"Pave","NA",3,"Lvl",4,"Inside",3,"NAmes","Norm","Norm","1Fam","1Story",5,5,1959,1959,"Hip","CompShg","MetalSd","MetalSd","BrkFace",91,3,3,"CBlock",3,3,1,3,1,1206,"GasA",2,"Y",5,1206,0,0,1,0,3,1,3,8,0,0,"Attchd",2,1,312,3,3,3,0,21,0,0,0,0,0,0,"NA",0,5,2010,"WD","Normal",108538,1,1,0,0,0,0,1
"050","RM",8600,"Pave","NA",4,"Bnk",4,"Inside",3,"IDOTRR","Norm","Norm","1Fam","1.5Fin",6,6,1937,1950,"Gable","CompShg","MetalSd","MetalSd","None",0,3,3,"BrkTil",3,3,1,1,1,780,"GasA",3,"Y",5,1376,0,0,2,0,3,1,3,8,1,4,"Detchd",1,1,198,3,3,1,0,0,0,0,0,0,0,0,"NA",0,6,2006,"WD","Normal",119500,1,1,1,0,0,0,0
"050","RL",7438,"Pave","NA",3,"Lvl",4,"Inside",3,"BrkSide","RRAn","Feedr","1Fam","1.5Fin",5,8,1908,1991,"Gable","CompShg","AsbShng","Plywood","None",0,3,3,"PConc",2,3,1,1,1,504,"GasA",4,"Y",5,1252,0,0,1,0,3,1,3,8,0,0,"Attchd",1,2,576,3,3,3,104,0,0,0,0,0,0,3,"NA",0,6,2006,"WD","Normal",127000,1,1,0,0,1,0,0
"050","RM",3950,"Pave","Grvl",4,"Bnk",4,"Inside",3,"OldTown","Artery","Norm","1Fam","1.5Fin",6,8,1926,2004,"Gable","CompShg","MetalSd","MetalSd","None",0,3,3,"CBlock",3,3,1,3,1,818,"GasA",3,"Y",5,1224,0,0,1,0,3,1,3,8,0,0,"Detchd",1,1,210,3,3,1,0,0,116,0,0,0,0,0,"NA",0,12,2009,"WD","Normal",115000,1,1,0,0,0,1,0
"050","RL",10800,"Pave","NA",4,"Lvl",4,"Inside",3,"NAmes","Artery","Norm","1Fam","1.5Fin",4,7,1949,1996,"Gable","CompShg","MetalSd","MetalSd","None",0,3,3,"CBlock",3,3,1,1,1,832,"GasA",3,"Y",2,1461,0,0,2,0,4,1,3,8,0,0,"Detchd",1,1,384,3,3,3,0,204,0,0,0,0,0,0,"NA",0,8,2009,"WD","Normal",133500,1,1,0,0,0,0,0
"020","RL",27650,"Pave","NA",2,"HLS",4,"Inside",2,"NAmes","PosA","Norm","1Fam","1Story",7,7,1960,2007,"Flat","Tar&Grv","Wd Sdng","Wd Sdng","None",0,3,3,"CBlock",4,3,4,6,1,585,"GasA",5,"Y",5,2069,1,0,2,0,4,1,4,8,1,4,"Attchd",2,2,505,3,3,3,0,0,0,0,0,0,0,0,"NA",0,11,2008,"WD","Normal",242000,1,1,1,0,0,0,0
"020","RL",14572,"Pave","NA",1,"Lvl",4,"Corner",3,"Gilbert","Norm","Norm","1Fam","1Story",7,5,2004,2004,"Hip","CompShg","VinylSd","VinylSd","None",0,4,3,"PConc",4,3,3,6,1,1530,"GasA",5,"Y",5,1530,1,0,2,0,3,1,4,8,1,4,"Attchd",3,3,630,3,3,3,144,36,0,0,0,0,0,0,"NA",0,11,2007,"WD","Family",259000,1,1,1,0,0,0,0
"020","RL",12778,"Pave","NA",4,"Lvl",4,"Inside",3,"NAmes","Norm","Norm","1Fam","1Story",5,6,1952,2003,"Gable","CompShg","MetalSd","MetalSd","None",0,3,3,"CBlock",3,3,1,6,1,1008,"GasA",5,"Y",3,1008,1,0,1,0,2,1,3,8,0,0,"Attchd",2,1,280,3,3,3,0,154,0,0,0,0,0,3,"NA",0,1,2006,"WD","Normal",139500,1,1,0,0,1,0,0
"030","RL",7890,"Pave","NA",4,"Lvl",4,"Corner",3,"SWISU","Norm","Norm","1Fam","1Story",6,6,1939,1950,"Gable","CompShg","Wd Sdng","Wd Sdng","None",0,3,3,"CBlock",3,3,1,3,1,856,"GasA",3,"Y",5,856,1,0,1,0,2,1,3,8,1,4,"Detchd",1,2,399,3,3,3,0,0,0,0,166,0,0,0,"NA",0,3,2010,"WD","Normal",126000,1,1,1,0,0,0,0
"070","RL",16560,"Pave","NA",3,"Lvl",4,"Inside",3,"Crawfor","Norm","Norm","1Fam","2Story",6,8,1932,1950,"Gable","CompShg","Wd Sdng","Wd Sdng","None",0,3,3,"BrkTil",4,3,1,3,1,952,"GasA",3,"Y",5,2345,0,0,2,1,4,1,3,8,1,4,"Detchd",1,2,360,3,3,3,0,0,0,0,0,0,0,0,"NA",0,7,2006,"WD","Normal",239000,1,1,1,0,0,0,0
"020","RL",13339,"Pave","NA",3,"Lvl",4,"Inside",3,"Crawfor","Norm","Norm","1Fam","1Story",6,6,1960,1960,"Gable","CompShg","HdBoard","Plywood","Stone",132,3,3,"CBlock",3,3,1,2,4,1561,"GasA",3,"Y",5,1561,1,0,2,0,3,1,3,8,1,4,"Attchd",3,2,463,3,3,3,0,148,0,0,120,0,0,0,"NA",0,5,2009,"WD","Normal",193000,1,1,1,0,0,0,1
"060","RL",12589,"Pave","NA",2,"Lvl",4,"Inside",3,"Gilbert","Norm","Norm","1Fam","2Story",6,5,2005,2005,"Gable","CompShg","VinylSd","VinylSd","None",0,4,3,"PConc",4,3,1,1,1,742,"GasA",5,"Y",5,1484,0,0,2,1,3,1,4,8,1,4,"Attchd",3,2,390,3,3,3,36,24,0,0,0,0,0,0,"NA",0,6,2009,"WD","Normal",174000,1,1,1,0,0,0,0
"080","RL",9802,"Pave","NA",4,"Lvl",4,"Inside",3,"Timber","Norm","Norm","1Fam","SLvl",5,5,2006,2007,"Gable","CompShg","VinylSd","VinylSd","None",0,3,3,"PConc",4,3,1,1,1,352,"GasA",4,"Y",5,1442,0,0,2,1,3,1,3,8,0,0,"BuiltIn",3,2,400,3,3,3,100,0,0,0,0,0,0,0,"NA",0,4,2008,"WD","Normal",172500,1,1,0,0,0,0,0
"120","RH",4058,"Pave","NA",4,"Lvl",4,"Inside",3,"NAmes","Norm","Norm","TwnhsE","SFoyer",7,5,1998,1998,"Gable","CompShg","MetalSd","MetalSd","BrkFace",182,3,3,"PConc",4,3,3,6,2,723,"GasA",5,"Y",5,767,1,0,1,0,1,1,3,8,0,0,"Attchd",3,1,367,3,3,3,120,40,0,0,0,0,0,0,"NA",0,6,2007,"WD","Normal",133000,1,1,0,0,0,0,1
"060","RL",9487,"Pave","NA",3,"Lvl",4,"Inside",3,"Gilbert","Norm","Norm","1Fam","2Story",6,5,2000,2000,"Gable","CompShg","VinylSd","VinylSd","None",0,3,3,"PConc",4,3,1,6,1,915,"GasA",5,"Y",5,1690,1,0,2,1,3,1,3,8,1,3,"Attchd",2,2,442,3,3,3,0,50,0,0,0,0,0,0,"NA",0,6,2007,"WD","Normal",187000,1,1,1,0,0,0,0
"020","RL",11778,"Pave","NA",4,"Lvl",4,"Inside",3,"CollgCr","PosN","Norm","1Fam","1Story",9,5,2008,2008,"Hip","CompShg","VinylSd","VinylSd","Stone",402,5,3,"PConc",5,3,3,6,1,1751,"GasA",5,"Y",5,1766,1,0,2,1,3,1,5,8,2,4,"Attchd",3,3,874,3,3,3,216,36,0,0,0,0,0,0,"NA",0,12,2008,"New","Partial",395039,1,1,1,0,0,0,1
"160","FV",3000,"Pave","Pave",4,"Lvl",4,"Inside",3,"Somerst","Norm","Norm","TwnhsE","2Story",6,5,2009,2009,"Gable","CompShg","VinylSd","VinylSd","Stone",76,4,3,"PConc",4,3,3,6,1,612,"GasA",5,"Y",5,1224,0,0,2,1,2,1,4,8,0,0,"Detchd",2,2,528,3,3,3,0,234,0,0,0,0,0,0,"NA",0,6,2009,"New","Partial",173733,1,1,0,0,0,1,1
"020","RL",8339,"Pave","NA",3,"Lvl",4,"Inside",3,"NAmes","Norm","Norm","1Fam","1Story",5,7,1959,1959,"Gable","CompShg","MetalSd","MetalSd","None",0,3,3,"Slab",0,0,0,0,0,0,"GasA",3,"Y",5,882,0,0,1,0,3,1,3,8,0,0,"Attchd",2,1,294,3,3,3,0,0,0,0,0,0,0,3,"Shed",1200,7,2007,"WD","Normal",106500,0,1,0,0,1,0,0
"020","RL",23730,"Pave","NA",2,"Lvl",4,"Inside",3,"Mitchel","Norm","Norm","1Fam","1Story",7,5,1996,1997,"Gable","CompShg","MetalSd","MetalSd","BrkFace",668,4,3,"PConc",5,3,2,6,1,1840,"GasA",5,"Y",5,2032,1,0,3,0,3,1,4,8,0,0,"Attchd",3,3,786,3,3,3,0,46,192,0,0,0,0,0,"NA",0,9,2008,"WD","Normal",3e+05,1,1,0,0,0,0,1
"050","RL",12354,"Pave","Grvl",4,"Lvl",4,"Corner",3,"Edwards","Norm","Norm","1Fam","1.5Fin",6,8,1920,2000,"Gable","CompShg","Wd Sdng","Wd Sdng","None",0,3,3,"BrkTil",3,2,2,1,1,684,"GasA",4,"Y",5,1196,0,0,1,0,3,1,4,8,0,0,"Detchd",1,2,528,3,3,3,0,46,0,0,0,0,0,4,"Shed",800,8,2009,"ConLI","Normal",110000,1,1,0,0,1,1,0
"020","RL",11988,"Pave","NA",3,"Lvl",4,"Corner",3,"NAmes","Feedr","Norm","1Fam","1Story",6,6,1957,1957,"Gable","CompShg","VinylSd","VinylSd","None",0,3,3,"CBlock",3,3,1,3,1,1244,"GasA",5,"Y",3,1244,0,0,1,1,3,1,3,8,2,4,"Attchd",1,1,336,3,3,3,0,40,0,0,0,0,0,0,"NA",0,5,2007,"WD","Normal",150000,1,1,1,0,0,0,0
"020","RL",10519,"Pave","NA",4,"Lvl",4,"Inside",3,"Edwards","Norm","Norm","1Fam","1Story",5,8,1955,1999,"Hip","CompShg","MetalSd","MetalSd","Stone",164,3,3,"CBlock",3,3,2,1,1,1057,"GasA",4,"Y",5,1057,0,1,1,0,3,1,4,8,0,0,"Attchd",1,1,288,3,3,3,0,0,0,0,0,0,0,0,"NA",0,3,2006,"WD","Normal",137000,1,1,0,0,0,0,1
"020","RL",11500,"Pave","NA",3,"Bnk",4,"CulDSac",3,"ClearCr","Norm","Norm","1Fam","1Story",6,6,1966,1966,"Flat","Tar&Grv","Plywood","Plywood","None",0,3,3,"CBlock",4,4,4,2,5,1182,"GasA",5,"Y",5,1643,1,0,2,0,2,1,3,8,1,4,"Attchd",1,2,438,3,3,3,339,0,0,0,0,0,0,0,"NA",0,3,2008,"WD","Normal",195000,1,1,1,0,0,0,0
"020","RL",13704,"Pave","NA",3,"Lvl",4,"Corner",3,"CollgCr","Norm","Norm","1Fam","1Story",7,5,2001,2002,"Gable","CompShg","VinylSd","VinylSd","BrkFace",150,4,3,"PConc",4,3,1,1,1,1541,"GasA",5,"Y",5,1541,0,0,2,0,3,1,4,8,1,3,"Attchd",2,3,843,3,3,3,468,81,0,0,0,0,0,0,"NA",0,1,2006,"WD","Normal",205000,1,1,1,0,0,0,1
"020","RL",7000,"Pave","NA",4,"Lvl",4,"Corner",3,"NAmes","Feedr","Norm","1Fam","1Story",5,6,1961,1961,"Gable","CompShg","BrkFace","Wd Sdng","None",0,3,3,"Slab",0,0,0,0,0,0,"GasA",4,"Y",5,925,0,0,1,0,3,1,3,8,0,0,"Attchd",3,1,300,3,3,3,0,0,0,0,0,0,0,0,"NA",0,7,2007,"WD","Normal",99000,0,1,0,0,0,0,0
"080","RL",13400,"Pave","NA",4,"Lvl",4,"Inside",3,"NAmes","Norm","Norm","1Fam","SLvl",5,5,1966,1966,"Gable","CompShg","VinylSd","VinylSd","BrkFace",1047,3,3,"CBlock",3,3,3,5,4,1024,"GasA",3,"Y",5,1086,1,0,1,0,3,1,3,8,1,4,"Attchd",2,2,484,3,3,3,0,0,0,0,0,0,0,2,"NA",0,6,2006,"WD","Normal",159950,1,1,1,0,1,0,1
"160","RL",2364,"Pave","NA",4,"Lvl",4,"Inside",3,"NPkVill","Norm","Norm","TwnhsE","2Story",6,5,1978,1978,"Gable","CompShg","Plywood","Brk Cmn","None",0,4,3,"CBlock",4,3,1,5,1,855,"GasA",3,"Y",5,1456,0,0,2,1,3,1,3,8,1,3,"Attchd",3,2,440,3,3,3,147,0,0,0,0,0,0,0,"NA",0,4,2009,"WD","Normal",138000,1,1,1,0,0,0,0
"180","RM",1470,"Pave","NA",4,"Lvl",4,"Inside",3,"MeadowV","Norm","Norm","Twnhs","SFoyer",4,6,1970,1970,"Gable","CompShg","CemntBd","CmentBd","None",0,3,3,"CBlock",4,3,3,6,1,630,"GasA",3,"Y",5,630,1,0,1,0,1,1,3,8,0,0,"NA",0,0,0,0,0,3,0,0,0,0,0,0,0,0,"NA",0,4,2006,"WD","Normal",73000,1,0,0,0,0,0,0
"020","RL",11900,"Pave","NA",3,"Lvl",4,"Corner",3,"NAmes","Norm","Norm","1Fam","1Story",6,5,1957,1957,"Gable","CompShg","HdBoard","HdBoard","BrkFace",387,3,3,"CBlock",3,3,1,3,1,1392,"GasA",3,"Y",3,1392,1,0,1,1,3,1,3,8,2,4,"Attchd",2,2,458,3,3,3,0,0,0,0,192,0,0,0,"NA",0,6,2008,"WD","Normal",166000,1,1,1,0,0,0,1
"030","RL",10410,"Pave","Grvl",4,"Lvl",4,"Inside",3,"OldTown","Norm","Norm","1Fam","1Story",3,8,1930,2001,"Gable","CompShg","VinylSd","VinylSd","None",0,3,4,"PConc",3,3,1,1,1,713,"GasA",5,"Y",5,713,0,0,1,0,2,1,4,8,0,0,"Detchd",1,1,371,2,2,1,0,75,161,0,0,0,0,0,"NA",0,10,2006,"WD","Normal",99800,1,1,0,0,0,1,0
"160","RM",1890,"Pave","NA",4,"Lvl",4,"Inside",3,"BrDale","Norm","Norm","Twnhs","2Story",6,6,1972,1972,"Gable","CompShg","HdBoard","HdBoard","BrkFace",422,3,3,"CBlock",3,3,1,2,1,483,"GasA",4,"Y",5,987,0,0,1,1,2,1,3,8,0,0,"Detchd",1,1,352,3,3,3,411,0,0,0,0,0,0,0,"NA",0,4,2008,"WD","Normal",100500,1,1,0,0,0,0,1
"080","RL",13607,"Pave","NA",3,"Lvl",4,"Inside",3,"Crawfor","Norm","Norm","1Fam","SLvl",6,6,1986,1986,"Gable","CompShg","VinylSd","VinylSd","BrkFace",242,3,4,"CBlock",3,3,1,5,1,572,"GasA",4,"Y",5,1982,1,0,2,1,3,1,3,8,1,3,"BuiltIn",3,2,501,3,3,3,400,112,0,0,0,0,0,0,"Shed",1500,4,2009,"WD","Normal",208000,1,1,1,0,0,0,1
"060","RL",10900,"Pave","NA",3,"Lvl",4,"FR2",3,"CollgCr","Norm","Norm","1Fam","2Story",6,7,1977,1977,"Gable","CompShg","HdBoard","HdBoard","BrkFace",153,3,3,"CBlock",4,3,1,6,1,689,"GasA",5,"Y",5,1392,0,0,1,1,3,1,3,8,0,0,"Attchd",3,1,299,3,3,3,0,36,0,0,0,0,0,3,"Shed",450,3,2010,"WD","Normal",161750,1,1,0,0,1,0,1
"160","RM",1495,"Pave","NA",4,"Lvl",4,"Inside",3,"MeadowV","Norm","Norm","TwnhsE","2Story",4,6,1970,1970,"Gable","CompShg","CemntBd","CmentBd","BrkFace",189,3,3,"CBlock",3,3,1,5,1,546,"GasA",5,"Y",5,1092,0,0,1,1,3,1,3,8,0,0,"NA",0,0,0,0,0,3,0,64,0,0,0,0,0,0,"NA",0,5,2007,"WD","Normal",93900,1,0,0,0,0,0,1
"190","RL",11235,"Pave","NA",4,"Lvl",4,"Inside",3,"Sawyer","Norm","Norm","2fmCon","SFoyer",5,5,1963,1963,"Gable","CompShg","HdBoard","HdBoard","None",0,3,3,"CBlock",4,3,3,5,1,925,"GasA",3,"Y",5,999,1,0,1,0,3,1,3,8,0,0,"Detchd",1,1,308,3,3,3,40,176,0,0,0,0,0,3,"NA",0,3,2007,"WD","Normal",130000,1,1,0,0,1,0,0
"050","RM",7288,"Pave","NA",4,"Lvl",4,"Inside",3,"IDOTRR","Artery","Norm","1Fam","1.5Fin",5,7,1925,2003,"Gable","CompShg","VinylSd","VinylSd","None",0,4,4,"BrkTil",3,1,1,1,1,936,"GasA",5,"Y",5,1601,0,0,2,0,3,1,3,8,0,0,"NA",0,0,0,0,0,1,0,0,0,176,0,0,0,0,"NA",0,9,2007,"WD","Normal",129850,1,0,0,0,0,0,0
"050","RL",7008,"Pave","NA",4,"Lvl",4,"Corner",3,"OldTown","Norm","Norm","1Fam","1.5Fin",4,8,1900,1998,"Gable","CompShg","MetalSd","MetalSd","None",0,3,4,"BrkTil",2,2,1,1,1,448,"GasA",5,"Y",5,720,0,0,1,0,1,1,2,8,0,0,"Attchd",1,1,280,2,3,3,0,0,70,0,0,0,0,0,"NA",0,3,2006,"WD","Normal",86900,1,1,0,0,0,0,0
"030","RM",8960,"Pave","Grvl",4,"Lvl",4,"Inside",3,"OldTown","Artery","Norm","1Fam","1Story",5,6,1927,1950,"Gable","CompShg","WdShing","Wd Shng","None",0,3,3,"CBlock",3,3,1,1,1,1008,"GasA",4,"Y",3,1028,0,0,1,0,2,1,3,8,1,4,"Detchd",1,2,360,3,3,3,0,0,130,0,0,0,0,0,"NA",0,3,2010,"WD","Normal",115000,1,1,1,0,0,1,0
"020","FV",8640,"Pave","NA",4,"Lvl",4,"Inside",3,"Somerst","Norm","Norm","1Fam","1Story",7,5,2008,2008,"Hip","CompShg","VinylSd","VinylSd","None",0,4,3,"PConc",4,3,1,1,1,1402,"GasA",5,"Y",5,1402,0,0,2,0,3,1,4,8,0,0,"Attchd",2,2,625,3,3,3,205,126,0,0,0,0,0,0,"NA",0,5,2009,"WD","Normal",229800,1,1,0,0,0,0,0
"060","RL",9920,"Pave","NA",3,"Lvl",4,"CulDSac",3,"NoRidge","Norm","Norm","1Fam","2Story",7,5,1996,1997,"Gable","CompShg","MetalSd","MetalSd","None",0,4,3,"PConc",4,3,3,6,1,1117,"GasA",5,"Y",5,2013,1,0,2,1,3,1,3,8,1,3,"Attchd",1,2,455,3,3,3,180,130,0,0,0,0,0,0,"NA",0,6,2007,"WD","Normal",269790,1,1,1,0,0,0,0
"020","RL",13072,"Pave","NA",4,"Lvl",4,"Inside",3,"SawyerW","RRAe","Norm","1Fam","1Story",5,5,2004,2004,"Gable","CompShg","VinylSd","VinylSd","None",0,3,3,"PConc",4,3,1,1,1,1114,"GasA",5,"Y",5,1114,0,0,1,1,3,1,4,8,0,0,"NA",0,0,0,0,0,3,0,39,0,0,0,0,0,0,"NA",0,8,2009,"WD","Normal",142000,1,0,0,0,0,0,0
"020","RL",11049,"Pave","NA",4,"Lvl",4,"Corner",3,"CollgCr","Norm","Norm","1Fam","1Story",8,5,2007,2007,"Gable","CompShg","VinylSd","VinylSd","None",0,4,3,"PConc",5,3,3,1,1,1234,"GasA",5,"Y",5,1234,0,0,2,0,3,1,4,8,0,0,"Attchd",2,2,484,3,3,3,0,30,0,0,0,0,0,0,"NA",0,1,2008,"WD","Normal",179900,1,1,0,0,0,0,0
"020","FV",8000,"Pave","NA",4,"Lvl",4,"Inside",3,"Somerst","Norm","Norm","1Fam","1Story",7,5,2002,2002,"Gable","CompShg","VinylSd","VinylSd","None",0,4,3,"PConc",4,3,1,6,1,1492,"GasA",5,"Y",5,1492,1,0,2,0,3,1,4,8,1,4,"Attchd",2,2,596,3,3,3,277,137,0,0,0,0,0,0,"NA",0,4,2010,"WD","Normal",230000,1,1,1,0,0,0,0
"190","RM",7630,"Pave","NA",4,"Lvl",4,"Inside",3,"OldTown","Feedr","Norm","2fmCon","2Story",5,9,1900,1996,"Gable","CompShg","Wd Sdng","Wd Sdng","None",0,3,4,"BrkTil",4,3,1,1,1,360,"GasA",4,"Y",5,1812,0,0,2,0,4,2,4,8,1,1,"Detchd",1,2,672,3,3,1,344,0,40,0,0,0,0,3,"NA",0,5,2010,"WD","Normal",140000,1,1,1,0,1,0,0
"080","RM",13200,"Pave","NA",4,"Lvl",4,"Corner",3,"IDOTRR","Norm","Norm","1Fam","SLvl",6,6,1963,1963,"Gable","CompShg","HdBoard","HdBoard","BrkFace",234,3,3,"CBlock",3,3,1,4,1,741,"GasA",2,"Y",5,2294,0,0,3,0,5,1,3,8,1,4,"Attchd",1,2,658,3,3,3,0,110,0,0,0,0,0,0,"NA",0,4,2007,"WD","Normal",202500,1,1,1,0,0,0,1
"020","RL",11382,"Pave","NA",3,"Lvl",4,"Inside",3,"NAmes","Norm","Norm","1Fam","1Story",6,5,1964,1964,"Gable","CompShg","Wd Sdng","Plywood","BrkFace",212,3,3,"CBlock",3,3,1,5,3,1130,"GasA",3,"Y",5,1374,0,1,1,0,3,1,3,8,1,3,"Attchd",2,1,286,3,3,3,0,28,84,0,0,0,0,3,"NA",0,8,2007,"WD","Normal",147000,1,1,1,0,1,0,1
"060","RL",10208,"Pave","NA",3,"Lvl",4,"Inside",3,"NoRidge","Norm","Norm","1Fam","2Story",7,5,1996,1997,"Gable","CompShg","VinylSd","VinylSd","BrkFace",921,4,3,"PConc",4,3,1,1,1,1264,"GasA",5,"Y",5,2344,0,0,2,1,3,1,4,8,1,3,"Attchd",2,3,889,3,3,3,220,0,0,0,0,0,0,0,"NA",0,7,2009,"WD","Normal",265000,1,1,1,0,0,0,1
"020","RL",10825,"Pave","NA",3,"Lvl",4,"Inside",3,"NWAmes","Norm","Norm","1Fam","1Story",7,7,1983,1983,"Gable","CompShg","WdShing","Plywood","BrkFace",174,4,3,"CBlock",4,3,2,6,1,1260,"GasA",3,"Y",5,1260,1,0,2,0,3,1,3,8,0,0,"Attchd",1,2,598,3,3,3,152,0,0,0,0,0,0,0,"NA",0,7,2008,"WD","Normal",181900,1,1,0,0,0,0,1
"120","RL",7296,"Pave","NA",3,"Lvl",4,"CulDSac",3,"StoneBr","Norm","Norm","TwnhsE","1Story",8,5,2004,2005,"Gable","CompShg","CemntBd","CmentBd","None",0,4,3,"PConc",5,3,3,6,1,2208,"GasA",5,"Y",5,2522,1,0,2,0,1,1,4,8,1,4,"Attchd",3,2,564,3,3,3,182,57,0,0,0,0,0,0,"NA",0,11,2009,"WD","Normal",375000,1,1,1,0,0,0,0
"120","RL",4235,"Pave","NA",4,"Lvl",4,"Inside",3,"Edwards","Norm","Norm","TwnhsE","1Story",5,5,1984,1984,"Gable","CompShg","HdBoard","HdBoard","BrkFace",149,4,3,"CBlock",4,3,2,6,5,1049,"GasA",3,"Y",5,1049,1,0,2,0,2,1,4,8,0,0,"Attchd",3,1,266,3,3,3,0,105,0,0,0,0,0,0,"NA",0,2,2009,"WD","Normal",139500,1,1,0,0,0,0,1
"020","RL",10182,"Pave","NA",3,"Lvl",4,"CulDSac",3,"Somerst","RRNn","Norm","1Fam","1Story",8,5,2006,2006,"Hip","CompShg","VinylSd","VinylSd","Stone",420,4,3,"PConc",5,3,2,6,1,1660,"GasA",5,"Y",5,1660,1,0,2,0,3,1,4,8,1,4,"Attchd",2,2,500,3,3,3,322,50,0,0,0,0,0,0,"NA",0,5,2006,"New","Partial",290000,1,1,1,0,0,0,1
"060","RL",10793,"Pave","NA",4,"Lvl",4,"Inside",3,"NWAmes","RRAn","Norm","1Fam","2Story",5,5,1969,1969,"Mansard","CompShg","WdShing","HdBoard","BrkFace",263,3,3,"CBlock",3,3,1,3,4,780,"GasA",5,"Y",5,1620,0,0,2,1,4,1,3,7,0,0,"Attchd",3,2,462,3,3,3,208,0,0,0,0,0,0,2,"NA",0,4,2007,"WD","Normal",152000,1,1,0,0,1,0,1
"020","RL",17808,"Pave","NA",4,"Lvl",4,"Inside",3,"Edwards","Feedr","Norm","1Fam","1Story",4,5,1946,1950,"Gable","CompShg","Wd Sdng","Wd Sdng","None",0,3,3,"CBlock",3,3,1,1,1,484,"GasA",3,"N",5,1242,0,0,1,0,2,1,3,5,0,0,"Attchd",1,1,336,3,3,1,0,0,0,0,0,0,0,0,"NA",0,7,2007,"WD","Normal",109900,1,1,0,0,0,0,0
"040","RL",12144,"Pave","NA",4,"Lvl",4,"Inside",3,"NAmes","Norm","Norm","1Fam","1Story",5,7,1949,1950,"Gable","CompShg","HdBoard","HdBoard","None",0,4,3,"CBlock",3,3,1,3,1,832,"GasA",4,"Y",5,1268,0,0,1,0,3,1,3,8,1,4,"Attchd",1,1,288,3,3,3,0,28,0,0,0,0,0,0,"Othr",0,9,2009,"WD","Normal",133000,1,1,1,0,0,0,0
"020","RL",16381,"Pave","NA",3,"Lvl",4,"Inside",3,"Crawfor","Norm","Norm","1Fam","1Story",6,5,1969,1969,"Gable","CompShg","Plywood","Plywood","BrkFace",312,4,4,"CBlock",3,3,3,3,1,1844,"GasA",4,"Y",5,1844,1,0,2,0,3,1,4,8,1,3,"Attchd",2,2,540,3,3,3,0,73,216,0,0,0,0,0,"NA",0,12,2006,"WD","Normal",223000,1,1,1,0,0,0,1
"060","RL",16052,"Pave","NA",3,"Lvl",4,"CulDSac",3,"StoneBr","Norm","Norm","1Fam","2Story",10,5,2006,2006,"Hip","CompShg","VinylSd","VinylSd","Stone",734,5,3,"PConc",5,3,1,6,1,1850,"GasA",5,"Y",5,2698,1,0,2,1,4,1,5,8,1,4,"Attchd",2,3,736,3,3,3,250,0,0,0,0,0,0,0,"NA",0,7,2006,"New","Partial",535000,1,1,1,0,0,0,1
"020","RL",11664,"Pave","NA",4,"Lvl",4,"Inside",3,"NAmes","Artery","Norm","1Fam","1Story",6,5,1948,1950,"Gable","CompShg","MetalSd","MetalSd","BrkFace",206,3,3,"CBlock",3,2,1,4,1,1082,"GasA",3,"Y",5,1082,0,0,1,0,2,1,3,8,1,4,"Detchd",1,1,240,3,3,3,0,130,0,0,0,0,0,0,"NA",0,11,2007,"WD","Normal",119200,1,1,1,0,0,0,1
"060","RL",8238,"Pave","NA",3,"Lvl",4,"Inside",3,"Gilbert","Norm","Norm","1Fam","2Story",6,5,1997,1998,"Gable","CompShg","VinylSd","VinylSd","None",0,3,3,"PConc",3,3,1,6,1,813,"GasA",5,"Y",5,1525,1,0,2,1,3,1,3,8,1,3,"Attchd",3,2,400,3,3,3,421,72,0,0,0,0,0,0,"NA",0,5,2006,"WD","Normal",183500,1,1,1,0,0,0,0
"020","RL",9000,"Pave","NA",4,"Lvl",4,"Inside",3,"NAmes","Norm","Norm","1Fam","1Story",5,5,1954,1954,"Gable","CompShg","Wd Sdng","Wd Sdng","None",0,3,3,"CBlock",3,3,1,2,1,936,"GasA",3,"Y",5,1128,0,0,1,0,2,1,3,7,0,0,"Attchd",1,1,286,3,3,3,0,0,0,0,0,0,0,2,"NA",0,6,2006,"WD","Family",118000,1,1,0,0,1,0,0
"020","RL",9991,"Pave","NA",3,"Lvl",4,"Corner",3,"Sawyer","Feedr","Norm","1Fam","1Story",4,4,1976,1993,"Gable","CompShg","Plywood","Plywood","None",0,3,3,"CBlock",3,3,1,4,1,1281,"GasA",5,"Y",5,1620,1,0,2,0,3,1,3,7,1,3,"Attchd",1,2,490,3,3,3,120,78,0,0,0,0,0,2,"NA",0,6,2009,"WD","Normal",150000,1,1,1,0,1,0,0
"070","RL",12168,"Pave","NA",4,"HLS",4,"Inside",2,"Crawfor","Norm","Norm","1Fam","2Story",8,6,1934,1998,"Gable","CompShg","BrkFace","Wd Sdng","None",0,3,3,"PConc",4,3,2,4,1,965,"GasA",3,"Y",5,3194,0,0,2,1,4,1,3,8,2,4,"Basment",1,2,380,3,3,3,0,0,0,0,0,0,0,0,"NA",0,9,2007,"WD","Alloca",359100,1,1,1,0,0,0,0
"190","RH",7082,"Pave","NA",4,"Lvl",4,"Inside",3,"SWISU","Norm","Norm","2fmCon","2Story",5,8,1916,1995,"Gable","CompShg","VinylSd","VinylSd","None",0,3,3,"PConc",3,3,2,1,1,686,"GasA",4,"Y",5,1928,0,0,2,0,5,2,3,8,0,0,"NA",0,0,0,0,0,1,0,0,228,0,0,0,0,0,"NA",0,7,2006,"WD","Normal",160000,1,0,0,0,0,0,0
"045","RL",10594,"Pave","NA",4,"Lvl",4,"Inside",3,"Crawfor","Norm","Norm","1Fam","1.5Unf",5,5,1926,1950,"Gable","CompShg","Wd Sdng","Wd Sdng","None",0,3,3,"BrkTil",3,3,1,1,1,768,"Grav",2,"N",5,789,0,0,1,0,2,1,3,8,0,0,"Detchd",1,1,200,1,1,3,0,0,112,0,0,0,0,3,"NA",0,6,2007,"WD","Normal",96500,1,1,0,0,1,0,0
"020","RL",10206,"Pave","NA",4,"Lvl",4,"Inside",3,"Somerst","PosN","Norm","1Fam","1Story",8,5,2008,2008,"Gable","CompShg","VinylSd","VinylSd","BrkFace",294,4,3,"PConc",4,3,1,1,1,1614,"GasA",5,"Y",5,1658,0,0,2,1,3,1,4,8,1,4,"Attchd",3,3,726,3,3,3,144,44,0,0,0,0,0,0,"NA",0,9,2009,"WD","Normal",257500,1,1,1,0,0,0,1
"060","RL",11184,"Pave","NA",3,"Lvl",4,"Corner",3,"Gilbert","Norm","Norm","1Fam","2Story",6,5,1998,1998,"Gable","CompShg","VinylSd","VinylSd","None",0,3,3,"PConc",4,3,1,1,1,932,"GasA",4,"Y",5,1633,0,0,2,1,3,1,3,8,1,3,"Attchd",3,2,460,3,3,3,0,39,0,0,0,0,0,0,"NA",0,4,2008,"WD","Family",183000,1,1,1,0,0,0,0
"020","RL",9600,"Pave","NA",4,"Lvl",4,"Inside",3,"NAmes","Norm","Norm","1Fam","1Story",5,6,1955,1955,"Hip","CompShg","HdBoard","HdBoard","BrkFace",176,3,4,"CBlock",3,3,1,4,1,1078,"GasA",5,"Y",5,1150,1,0,1,0,2,1,3,8,0,0,"Attchd",3,1,288,3,3,3,0,0,0,0,175,0,0,3,"NA",0,10,2007,"WD","Normal",144000,1,1,0,0,1,0,1
"120","RM",3843,"Pave","NA",3,"HLS",4,"Inside",2,"Crawfor","Norm","Norm","TwnhsE","1Story",8,5,2007,2008,"Hip","CompShg","CemntBd","CmentBd","Stone",174,5,3,"PConc",5,3,4,6,1,1596,"GasA",5,"Y",5,1648,1,1,2,0,2,1,5,8,1,4,"Attchd",3,2,482,3,3,3,162,53,0,153,0,0,0,0,"NA",0,6,2009,"New","Partial",230000,1,1,1,0,0,0,1
"120","RM",8198,"Pave","NA",4,"Lvl",4,"FR3",3,"NridgHt","Norm","Norm","TwnhsE","1Story",7,5,2004,2004,"Gable","CompShg","VinylSd","VinylSd","Stone",146,4,3,"PConc",4,3,3,6,1,1358,"GasA",5,"Y",5,1358,1,0,2,0,2,1,4,8,1,4,"Attchd",2,2,484,3,3,3,192,30,0,0,0,0,0,0,"NA",0,7,2008,"WD","Normal",207000,1,1,1,0,0,0,1
"020","RL",9758,"Pave","NA",3,"Lvl",4,"Inside",3,"NAmes","Norm","Norm","1Fam","1Story",5,5,1971,1971,"Gable","CompShg","HdBoard","MetalSd","None",0,3,3,"CBlock",3,3,1,4,2,950,"GasA",3,"Y",5,950,0,0,1,0,3,1,3,8,0,0,"Detchd",1,1,280,3,3,3,0,0,0,0,0,0,0,0,"NA",0,7,2007,"WD","Normal",119500,1,1,0,0,0,0,0
"060","RL",15600,"Pave","NA",4,"Lvl",4,"Inside",3,"Crawfor","Norm","Norm","1Fam","2Story",5,7,1950,1963,"Gable","CompShg","Wd Sdng","Wd Sdng","BrkFace",405,3,4,"CBlock",4,3,1,6,1,1168,"GasA",4,"Y",5,2315,1,0,2,0,4,1,3,8,3,4,"Attchd",3,1,342,3,3,3,0,0,0,0,192,0,0,0,"NA",0,7,2006,"WD","Normal",257000,1,1,1,0,0,0,1
"060","RL",10141,"Pave","NA",3,"Lvl",4,"Corner",3,"Gilbert","Norm","Norm","1Fam","2Story",7,5,1998,1998,"Gable","CompShg","VinylSd","VinylSd","BrkFace",40,3,3,"PConc",4,3,1,1,1,832,"GasA",4,"Y",5,1718,0,0,2,1,3,1,3,8,1,3,"Attchd",3,2,427,3,3,3,0,94,0,0,291,0,0,0,"NA",0,12,2009,"WD","Normal",185000,1,1,1,0,0,0,1
"020","RL",11479,"Pave","NA",4,"Lvl",4,"Inside",3,"Edwards","Norm","Norm","1Fam","1Story",6,7,1950,1987,"Gable","CompShg","Wd Sdng","Plywood","None",0,3,3,"CBlock",3,3,1,6,3,663,"GasA",5,"Y",5,1074,1,0,1,0,3,1,4,8,1,3,"Attchd",1,1,467,3,3,3,0,52,52,0,0,0,0,3,"NA",0,6,2010,"WD","Normal",144500,1,1,1,0,1,0,0
"020","RL",8544,"Pave","NA",3,"Lvl",4,"CulDSac",3,"Sawyer","Norm","Norm","1Fam","1Story",5,6,1966,2006,"Gable","CompShg","HdBoard","HdBoard","None",0,3,3,"CBlock",3,3,1,1,1,1228,"GasA",4,"Y",5,1228,0,0,1,1,3,1,4,8,0,0,"Attchd",1,1,271,3,3,3,0,65,0,0,0,0,0,3,"NA",0,6,2008,"WD","Normal",149350,1,1,0,0,1,0,0
"160","RM",1680,"Pave","NA",4,"Lvl",4,"Inside",3,"BrDale","Norm","Norm","Twnhs","2Story",6,8,1972,2007,"Gable","CompShg","HdBoard","HdBoard","BrkFace",510,3,3,"CBlock",3,3,1,5,1,483,"GasA",4,"Y",5,987,0,0,1,1,2,1,4,8,0,0,"Detchd",1,1,264,3,3,3,250,0,0,0,0,0,0,0,"NA",0,5,2009,"WD","Normal",118000,1,1,0,0,0,0,1
"060","RL",12244,"Pave","NA",4,"Lvl",4,"Inside",3,"Timber","Norm","Norm","1Fam","2Story",8,5,2003,2003,"Hip","CompShg","VinylSd","VinylSd","Stone",226,4,3,"PConc",4,3,4,6,1,1482,"GasA",5,"Y",5,2262,1,0,2,1,4,1,4,8,2,4,"Attchd",3,3,749,3,3,3,168,0,0,0,0,0,0,0,"NA",0,8,2008,"WD","Normal",305000,1,1,1,0,0,0,1
"020","RL",11750,"Pave","NA",3,"Lvl",4,"Inside",3,"CollgCr","Norm","Norm","1Fam","1Story",7,5,2005,2006,"Gable","CompShg","VinylSd","VinylSd","BrkFace",204,4,3,"PConc",4,3,2,6,1,1546,"GasA",5,"Y",5,1546,0,0,2,0,3,1,4,8,0,0,"Attchd",2,3,796,3,3,3,144,42,0,0,0,0,0,0,"NA",0,6,2007,"WD","Normal",217000,1,1,0,0,0,0,1
"190","RM",9142,"Pave","NA",4,"Lvl",4,"Inside",3,"OldTown","Norm","Norm","2fmCon","2Story",5,5,1900,2006,"Gable","CompShg","MetalSd","MetalSd","None",0,3,2,"BrkTil",2,3,1,1,1,797,"GasA",3,"N",3,1627,0,0,2,0,4,2,3,8,0,0,"Detchd",1,2,420,2,1,1,192,0,60,0,0,0,0,0,"NA",0,2,2008,"WD","Normal",139500,1,1,0,0,0,0,0
"070","RL",24090,"Pave","NA",4,"Lvl",4,"Inside",3,"ClearCr","Norm","Norm","1Fam","2Story",7,7,1940,1950,"Gable","CompShg","MetalSd","MetalSd","None",0,3,4,"CBlock",3,3,2,1,1,1032,"GasA",5,"Y",5,2403,0,0,2,0,4,1,3,8,2,3,"Attchd",1,1,349,3,3,3,56,0,318,0,0,0,0,0,"NA",0,6,2010,"COD","Normal",244400,1,1,1,0,0,0,0
"070","RL",21281,"Pave","NA",4,"Lvl",4,"Inside",3,"NAmes","Norm","Norm","1Fam","2Story",5,4,1935,2007,"Gable","CompShg","Wd Sdng","MetalSd","None",0,3,3,"BrkTil",3,2,1,1,1,666,"GasA",4,"Y",5,3086,0,0,3,1,4,1,4,7,0,0,"BuiltIn",1,3,1200,3,3,3,0,208,290,0,156,0,0,0,"NA",0,11,2007,"WD","Family",301600,1,1,0,0,0,0,0
"080","RL",10184,"Pave","NA",4,"Lvl",4,"Inside",3,"NAmes","Norm","Norm","1Fam","SLvl",6,5,1963,1963,"Gable","CompShg","HdBoard","HdBoard","BrkFace",379,3,3,"CBlock",3,3,3,5,1,1083,"GasA",3,"Y",5,1146,0,1,1,0,3,1,3,8,1,4,"Attchd",1,1,294,3,3,3,345,75,0,0,0,0,0,0,"NA",0,6,2006,"WD","Normal",165000,1,1,1,0,0,0,1
"020","FV",8640,"Pave","NA",4,"Lvl",4,"Inside",3,"Somerst","Norm","Norm","1Fam","1Story",8,5,2006,2006,"Gable","CompShg","VinylSd","VinylSd","None",0,4,3,"PConc",4,3,1,6,1,1278,"GasA",5,"Y",5,1278,0,0,2,0,2,1,4,8,0,0,"Attchd",2,2,584,3,3,3,0,60,0,0,0,0,0,0,"NA",0,10,2006,"New","Partial",198600,1,1,0,0,0,0,0
"020","RL",9100,"Pave","NA",4,"Lvl",4,"Corner",3,"NAmes","Feedr","Norm","1Fam","1Story",5,5,1958,1958,"Gable","CompShg","VinylSd","VinylSd","None",0,3,3,"CBlock",3,3,1,4,2,864,"GasA",3,"Y",5,864,1,0,1,0,3,1,3,8,0,0,"Detchd",1,2,624,3,3,3,0,0,0,0,0,0,0,0,"NA",0,7,2006,"WD","Normal",129900,1,1,0,0,0,0,0
"060","RL",13005,"Pave","NA",3,"Lvl",4,"Corner",3,"NWAmes","Norm","Norm","1Fam","2Story",7,7,1980,1980,"Gable","CompShg","CemntBd","CmentBd","BrkFace",278,4,3,"CBlock",4,3,1,6,1,845,"GasA",3,"Y",5,2353,1,0,2,1,4,1,5,8,1,3,"Attchd",2,2,484,3,3,3,288,195,0,0,0,0,0,4,"NA",0,8,2009,"WD","Normal",260000,1,1,1,0,1,0,1
"050","RL",11100,"Pave","NA",4,"Lvl",4,"Inside",3,"Edwards","Norm","Norm","1Fam","1.5Fin",5,6,1951,1994,"Gable","CompShg","Wd Sdng","Wd Sdng","None",0,3,3,"PConc",3,3,2,2,1,1080,"GasA",3,"N",5,1480,1,0,1,0,4,1,3,8,1,4,"Attchd",1,1,253,3,3,3,0,0,68,0,0,0,0,0,"NA",0,7,2007,"WD","Normal",136500,1,1,1,0,0,0,0
"060","RL",11250,"Pave","NA",4,"Lvl",4,"Corner",3,"CollgCr","Norm","Norm","1Fam","2Story",7,5,1995,1996,"Gable","CompShg","VinylSd","VinylSd","None",0,4,4,"PConc",4,4,3,6,1,930,"GasA",5,"Y",5,1995,1,0,2,1,4,1,4,8,1,3,"Attchd",2,2,610,3,3,3,275,170,0,0,0,0,0,0,"NA",0,7,2006,"WD","Normal",237000,1,1,1,0,0,0,0
"060","RL",16056,"Pave","NA",3,"Lvl",4,"Inside",3,"StoneBr","Norm","Norm","1Fam","2Story",9,5,2005,2006,"Hip","CompShg","CemntBd","CmentBd","Stone",208,4,3,"PConc",5,3,3,6,1,1992,"GasA",5,"Y",5,2868,0,0,3,1,4,1,5,8,1,4,"BuiltIn",3,3,716,3,3,3,214,108,0,0,0,0,0,0,"NA",0,7,2006,"New","Partial",556581,1,1,1,0,0,0,1
"060","RL",16659,"Pave","NA",3,"Lvl",4,"Corner",3,"NridgHt","Norm","Norm","1Fam","2Story",8,5,2007,2007,"Gable","CompShg","VinylSd","VinylSd","None",0,4,3,"PConc",4,3,1,1,1,1582,"GasA",5,"Y",5,2152,0,0,2,1,3,1,4,8,1,4,"Detchd",1,2,728,3,3,3,0,368,0,0,0,0,0,0,"NA",0,6,2007,"New","Partial",260116,1,1,1,0,0,0,0
"020","RL",14778,"Pave","NA",3,"Low",4,"CulDSac",3,"Crawfor","PosN","Norm","1Fam","1Story",6,7,1954,2006,"Hip","CompShg","HdBoard","HdBoard","BrkFace",72,4,3,"CBlock",3,3,1,4,1,1296,"GasA",5,"Y",5,1640,1,0,1,0,3,1,4,8,1,4,"Detchd",1,2,924,3,3,3,108,0,0,216,0,0,0,0,"NA",0,11,2008,"WD","Normal",224000,1,1,1,0,0,0,1
"120","RM",2394,"Pave","NA",4,"Low",4,"Inside",2,"MeadowV","Norm","Norm","Twnhs","1Story",5,6,1973,1973,"Gable","CompShg","CemntBd","CmentBd","None",0,3,3,"CBlock",4,3,4,6,1,945,"GasA",5,"Y",5,945,1,1,1,0,2,1,3,8,1,1,"Attchd",2,1,253,3,3,3,174,0,56,0,108,0,0,0,"NA",0,5,2010,"WD","Normal",119500,1,1,1,0,0,0,0
"120","RL",7577,"Pave","NA",3,"Lvl",4,"Corner",3,"NridgHt","Norm","Norm","TwnhsE","1Story",6,5,2005,2006,"Gable","CompShg","VinylSd","VinylSd","Stone",256,4,3,"PConc",4,3,3,5,1,1362,"GasA",5,"Y",5,1362,0,0,2,0,2,1,4,8,1,4,"Attchd",2,2,460,3,3,3,192,28,0,0,0,0,0,0,"NA",0,6,2007,"WD","Normal",194700,1,1,1,0,0,0,1
"070","RM",10440,"Pave","Grvl",4,"Lvl",4,"Inside",3,"OldTown","Norm","Norm","1Fam","2Story",5,8,1904,2002,"Gable","CompShg","MetalSd","MetalSd","None",0,3,3,"PConc",3,3,1,1,1,650,"GasA",4,"Y",5,1539,0,0,2,0,3,1,4,8,1,1,"Detchd",1,2,686,4,3,2,70,78,68,0,0,0,0,0,"NA",0,6,2008,"WD","Normal",157500,1,1,1,0,0,1,0
"030","RL",7898,"Pave","NA",4,"Lvl",4,"Corner",3,"NAmes","Norm","Norm","1Fam","1Story",4,7,1920,1994,"Gable","CompShg","MetalSd","MetalSd","None",0,3,3,"BrkTil",3,3,1,1,1,576,"GasA",4,"Y",5,985,0,1,1,0,2,1,3,8,0,0,"Detchd",1,2,676,3,3,1,0,0,0,0,0,0,0,0,"NA",0,4,2010,"WD","Normal",105000,1,1,0,0,0,0,0
"050","RL",3500,"Pave","NA",4,"Lvl",4,"Inside",3,"BrkSide","Feedr","Norm","1Fam","1.5Fin",3,5,1945,1950,"Gable","CompShg","MetalSd","MetalSd","None",0,3,3,"CBlock",3,3,1,2,1,370,"GasA",3,"N",3,670,1,0,1,0,2,1,2,8,0,0,"NA",0,0,0,0,0,1,0,21,0,0,0,0,0,3,"Shed",2000,7,2007,"WD","Normal",64000,1,0,0,0,1,0,0
"075","RM",22950,"Pave","NA",2,"Lvl",4,"Inside",3,"OldTown","Artery","Norm","1Fam","2.5Fin",10,9,1892,1993,"Gable","WdShngl","Wd Sdng","Wd Sdng","None",0,4,4,"BrkTil",3,3,2,1,1,1107,"GasA",5,"Y",5,3608,0,0,2,1,4,1,5,8,2,3,"Detchd",1,3,840,5,3,3,0,260,0,0,410,0,0,4,"NA",0,6,2006,"WD","Normal",475000,1,1,1,0,1,0,0
"020","RL",11883,"Pave","NA",4,"Lvl",4,"Inside",3,"CollgCr","Norm","Norm","1Fam","1Story",7,5,1996,1996,"Hip","CompShg","VinylSd","VinylSd","BrkFace",196,4,3,"PConc",4,3,4,6,1,1504,"GasA",5,"Y",5,1504,1,0,2,0,3,1,4,8,1,3,"Attchd",3,2,478,3,3,3,115,66,0,0,0,0,0,0,"NA",0,6,2009,"WD","Normal",203000,1,1,1,0,0,0,1
"020","RL",10083,"Pave","NA",4,"Lvl",4,"Inside",3,"SawyerW","Norm","Norm","1Fam","1Story",7,5,2003,2003,"Gable","CompShg","VinylSd","VinylSd","None",0,4,3,"PConc",4,3,1,6,1,1176,"GasA",5,"Y",5,1200,1,0,2,0,2,1,4,8,0,0,"Attchd",2,2,555,3,3,3,0,41,0,0,0,0,0,0,"NA",0,8,2009,"WD","Normal",184900,1,1,0,0,0,0,0
"020","RL",8294,"Pave","NA",4,"Lvl",4,"Inside",3,"NAmes","Norm","Norm","1Fam","1Story",4,5,1971,1971,"Gable","CompShg","MetalSd","MetalSd","None",0,3,3,"CBlock",3,3,1,1,1,858,"GasA",3,"Y",5,872,0,0,1,0,3,1,3,8,0,0,"Detchd",1,4,480,3,3,3,0,0,0,0,0,0,0,2,"NA",0,6,2007,"WD","Normal",123000,1,1,0,0,1,0,0
"020","RL",7931,"Pave","NA",4,"Lvl",4,"Inside",3,"NAmes","Norm","Norm","1Fam","1Story",5,5,1959,1959,"Hip","CompShg","BrkFace","Plywood","None",0,3,3,"CBlock",3,3,1,4,1,1148,"GasA",3,"Y",5,1148,1,0,1,0,3,1,3,8,0,0,"Attchd",1,1,672,3,3,3,0,0,0,0,0,0,0,4,"NA",0,7,2009,"WD","Normal",132500,1,1,0,0,1,0,0
"060","RL",10237,"Pave","NA",4,"Lvl",4,"Inside",3,"Gilbert","RRAn","Norm","1Fam","2Story",6,5,2005,2007,"Gable","CompShg","VinylSd","VinylSd","None",0,4,3,"PConc",4,3,1,1,1,783,"GasA",5,"Y",5,1484,0,0,2,1,3,1,4,8,1,4,"Attchd",3,2,393,3,3,3,0,72,0,0,0,0,0,0,"NA",0,7,2007,"New","Partial",178900,1,1,1,0,0,0,0
"060","RL",9019,"Pave","NA",3,"Lvl",4,"Inside",3,"SawyerW","RRAe","Norm","1Fam","2Story",6,5,1994,1994,"Gable","CompShg","VinylSd","VinylSd","None",0,3,3,"PConc",4,3,1,5,1,636,"GasA",5,"Y",5,1320,0,0,2,1,3,1,4,8,0,0,"Attchd",3,2,472,3,3,3,0,40,0,0,0,0,0,0,"NA",0,7,2006,"WD","Normal",150000,1,1,0,0,0,0,0
"020","RL",10872,"Pave","NA",3,"Lvl",4,"Inside",3,"NridgHt","Norm","Norm","1Fam","1Story",9,5,2006,2006,"Gable","CompShg","VinylSd","VinylSd","Stone",122,4,3,"PConc",5,4,3,6,1,1504,"GasA",5,"Y",5,1531,1,0,2,0,2,1,5,8,1,4,"Attchd",3,3,700,3,3,3,184,52,0,0,0,0,0,0,"NA",0,2,2009,"WD","Normal",3e+05,1,1,1,0,0,0,1
"020","RL",8298,"Pave","NA",3,"HLS",4,"Inside",3,"Timber","Norm","Norm","1Fam","1Story",8,5,2006,2007,"Hip","CompShg","VinylSd","VinylSd","None",0,4,3,"PConc",4,3,3,6,1,1546,"GasA",5,"Y",5,1564,0,0,2,0,2,1,5,8,1,4,"Attchd",2,2,502,3,3,3,132,0,0,0,0,0,0,0,"NA",0,9,2007,"New","Partial",267300,1,1,1,0,0,0,0
"020","RL",9600,"Pave","NA",4,"Lvl",4,"Inside",3,"NAmes","Norm","Norm","1Fam","1Story",6,5,1953,1953,"Hip","CompShg","HdBoard","HdBoard","Stone",238,3,3,"CBlock",3,3,1,6,1,1416,"GasA",3,"Y",5,1644,1,0,1,0,3,1,3,8,2,4,"Attchd",3,2,418,3,3,3,110,0,0,0,0,0,0,0,"NA",0,10,2009,"WD","Normal",167000,1,1,1,0,0,0,1
"050","RL",8382,"Pave","NA",4,"Lvl",4,"Inside",3,"NAmes","Norm","Norm","1Fam","1.5Fin",4,5,1956,1956,"Gable","CompShg","MetalSd","MetalSd","None",0,3,3,"CBlock",3,3,1,1,1,832,"GasA",3,"Y",3,1337,0,0,1,0,3,1,3,8,0,0,"Attchd",1,1,263,3,3,3,0,0,0,0,0,0,0,0,"NA",0,2,2010,"WD","Normal",108000,1,1,0,0,0,0,0
"060","RL",12732,"Pave","NA",3,"Lvl",4,"CulDSac",3,"NWAmes","PosN","Norm","1Fam","2Story",7,6,1974,1974,"Gable","CompShg","VinylSd","VinylSd","None",0,3,3,"CBlock",3,3,2,6,2,752,"GasA",3,"Y",5,2067,0,0,2,1,3,1,4,8,2,3,"Attchd",2,2,784,3,3,3,297,40,0,0,0,0,0,0,"NA",0,6,2009,"WD","Normal",206000,1,1,1,0,0,0,0
"045","RL",7227,"Pave","NA",4,"HLS",4,"Corner",2,"NAmes","Artery","Norm","1Fam","1.5Unf",6,6,1954,1954,"Gable","CompShg","MetalSd","MetalSd","None",0,3,3,"CBlock",3,3,1,1,1,832,"GasA",4,"Y",5,832,0,0,1,0,2,1,4,8,0,0,"Detchd",1,2,528,3,3,3,0,0,0,0,0,0,0,0,"NA",0,6,2008,"WD","Normal",105500,1,1,0,0,0,0,0
"060","RL",11885,"Pave","NA",4,"Lvl",4,"Inside",3,"CollgCr","Norm","Norm","1Fam","2Story",8,5,2001,2001,"Gable","CompShg","VinylSd","VinylSd","BrkFace",108,4,3,"PConc",4,3,3,6,1,1299,"GasA",5,"Y",5,1872,1,0,2,1,3,1,5,8,1,3,"BuiltIn",2,2,531,3,3,3,160,122,0,0,0,0,0,0,"NA",0,11,2009,"WD","Normal",261500,1,1,1,0,0,0,1
"060","RL",10457,"Pave","NA",3,"Lvl",4,"Inside",2,"Mitchel","Norm","Norm","1Fam","2Story",5,7,1969,1969,"Gable","CompShg","VinylSd","VinylSd","BrkFace",178,4,5,"CBlock",3,3,4,4,2,784,"GasA",5,"Y",5,1632,0,0,1,1,4,1,3,8,1,3,"Attchd",2,2,898,3,3,3,0,173,368,0,0,0,0,3,"NA",0,4,2009,"WD","Normal",173000,1,1,1,0,1,0,1
"060","FV",8640,"Pave","NA",4,"Lvl",4,"Inside",3,"Somerst","Norm","Norm","1Fam","2Story",8,5,2007,2007,"Gable","CompShg","VinylSd","VinylSd","None",0,4,3,"PConc",4,3,3,6,1,896,"GasA",5,"Y",5,1792,0,0,2,1,3,1,4,8,0,0,"Attchd",3,2,590,3,3,3,184,96,0,0,0,0,0,0,"NA",0,11,2007,"New","Partial",255000,1,1,0,0,0,0,0
"090","RL",7007,"Pave","NA",4,"Bnk",4,"Inside",3,"SawyerW","Norm","Norm","Duplex","1Story",5,5,1979,1979,"Gable","CompShg","HdBoard","HdBoard","None",0,3,3,"Slab",0,0,0,0,0,0,"GasA",3,"Y",5,1513,0,0,2,0,4,2,3,8,0,0,"Attchd",1,2,400,3,3,3,0,0,0,0,0,0,0,0,"NA",0,6,2009,"WD","Alloca",113722,0,1,0,0,0,0,0
"020","RL",10800,"Pave","NA",4,"Lvl",4,"Inside",3,"NAmes","Norm","Norm","1Fam","1Story",5,7,1960,1960,"Hip","CompShg","Wd Sdng","Wd Sdng","BrkFace",88,3,3,"CBlock",3,3,1,5,1,1248,"GasA",5,"Y",5,1248,1,0,1,0,3,1,3,8,0,0,"Attchd",1,1,286,3,3,3,0,0,0,0,0,0,0,3,"NA",0,5,2006,"WD","Normal",151500,1,1,0,0,1,0,1
"050","RL",13053,"Pave","Pave",4,"Bnk",4,"Inside",3,"BrkSide","Norm","Norm","1Fam","1.5Fin",6,7,1923,2000,"Gambrel","CompShg","Wd Sdng","Wd Sdng","None",0,3,3,"BrkTil",3,3,1,1,1,833,"GasA",4,"Y",5,1848,0,0,1,1,4,1,4,8,1,4,"Detchd",1,2,370,3,3,1,0,0,0,0,220,0,0,0,"NA",0,6,2008,"WD","Normal",207000,1,1,1,0,0,1,0
"070","RL",6720,"Pave","NA",4,"Lvl",4,"Inside",3,"Crawfor","Norm","Norm","1Fam","2Story",6,7,1921,1950,"Gable","CompShg","VinylSd","VinylSd","None",0,3,3,"BrkTil",3,3,1,1,1,585,"GasA",3,"N",5,1436,0,0,1,0,3,1,3,8,1,4,"Detchd",1,1,228,3,3,3,184,0,0,0,0,0,0,0,"NA",0,4,2007,"CWD","Normal",141500,1,1,1,0,0,0,0
"085","RL",10464,"Pave","NA",3,"Lvl",4,"FR3",3,"NWAmes","Norm","Norm","1Fam","SFoyer",6,6,1980,1980,"Gable","CompShg","HdBoard","HdBoard","BrkFace",130,3,3,"CBlock",4,3,3,6,1,988,"GasA",3,"Y",5,1102,1,0,1,0,2,1,3,8,1,3,"Attchd",2,2,582,3,3,3,140,22,0,0,0,0,0,0,"NA",0,6,2006,"WD","Normal",169000,1,1,1,0,0,0,1
"120","RL",3876,"Pave","NA",3,"Lvl",4,"Inside",3,"Greens","Norm","Norm","Twnhs","1Story",8,5,1978,1978,"Gable","CompShg","Wd Sdng","Plywood","None",0,4,3,"CBlock",4,3,4,6,3,1226,"GasA",3,"Y",5,1226,1,0,1,0,1,1,4,8,1,3,"Attchd",3,2,484,3,3,3,133,60,0,0,0,0,0,0,"NA",0,7,2006,"WD","Normal",170000,1,1,1,0,0,0,0
"080","RL",8000,"Pave","NA",4,"Lvl",4,"Inside",3,"NAmes","Norm","Norm","1Fam","SLvl",5,5,1959,1959,"Gable","CompShg","BrkFace","Plywood","None",0,3,3,"CBlock",4,3,3,6,3,528,"GasA",3,"Y",5,1183,1,0,1,0,3,1,3,8,0,0,"Attchd",2,1,288,3,3,3,0,0,0,0,0,0,0,2,"NA",0,7,2009,"WD","Normal",138000,1,1,0,0,1,0,0
"020","RL",18265,"Pave","NA",4,"Lvl",4,"Corner",3,"Timber","Norm","Norm","1Fam","1Story",6,5,1986,1986,"Gable","CompShg","Plywood","HdBoard","BrkFace",228,4,4,"CBlock",4,4,3,6,3,1256,"GasA",5,"Y",5,1256,0,0,2,0,3,1,4,8,1,2,"Attchd",1,2,578,3,3,3,282,0,0,0,0,0,0,0,"NA",0,3,2008,"WD","Normal",180000,1,1,1,0,0,0,1
"075","RL",15863,"Pave","NA",4,"Lvl",4,"Corner",3,"SWISU","Norm","Norm","1Fam","2.5Fin",7,3,1920,1970,"Gable","CompShg","Wd Sdng","Plywood","None",0,3,3,"BrkTil",3,3,1,6,1,824,"GasA",5,"Y",5,3082,1,0,2,1,5,1,3,8,2,3,"Basment",3,2,672,3,3,3,136,63,0,0,0,0,0,0,"NA",0,8,2009,"WD","Normal",197000,1,1,1,0,0,0,0
"050","RM",11851,"Pave","NA",4,"Lvl",4,"Inside",3,"OldTown","Artery","Norm","1Fam","1.5Fin",5,7,1948,2009,"Gable","CompShg","VinylSd","VinylSd","None",0,3,4,"BrkTil",3,3,1,4,1,1027,"GasA",5,"Y",5,1633,0,0,1,0,3,1,4,8,1,4,"Detchd",1,1,240,3,3,3,0,100,126,0,0,0,0,0,"NA",0,6,2010,"WD","Normal",129000,1,1,1,0,0,0,0
"060","RL",12388,"Pave","NA",3,"Lvl",4,"Inside",3,"NWAmes","Norm","Norm","1Fam","2Story",7,7,1980,1991,"Gable","CompShg","Plywood","Plywood","BrkFace",229,3,3,"CBlock",4,3,1,5,1,1043,"GasA",3,"Y",5,2673,0,0,2,1,4,1,4,8,1,3,"BuiltIn",2,2,441,3,3,3,178,84,0,0,0,0,0,0,"NA",0,8,2009,"WD","Normal",249000,1,1,1,0,0,0,1
"050","RM",9143,"Pave","Grvl",4,"Lvl",4,"Corner",3,"OldTown","Norm","Norm","1Fam","1.5Fin",5,7,1900,2003,"Gable","CompShg","VinylSd","VinylSd","None",0,3,3,"CBlock",3,3,1,1,1,346,"GasA",5,"Y",5,1017,0,0,1,0,2,1,3,8,0,0,"Detchd",1,1,308,3,3,1,0,0,139,0,0,0,0,0,"NA",0,5,2008,"WD","Normal",114000,1,1,0,0,0,1,0
"050","RL",8172,"Pave","NA",4,"Lvl",4,"Inside",3,"Edwards","Norm","Norm","1Fam","1.5Fin",4,6,1954,1972,"Gable","CompShg","MetalSd","MetalSd","None",0,3,3,"PConc",3,3,1,1,1,941,"GasA",5,"Y",5,1470,0,0,2,0,4,1,3,8,0,0,"Detchd",1,1,548,3,3,3,0,0,0,0,156,0,0,0,"NA",0,5,2008,"WD","Normal",135000,1,1,0,0,0,0,0
"060","RL",15578,"Pave","NA",3,"Lvl",4,"Corner",3,"Gilbert","Norm","Norm","1Fam","2Story",6,5,2006,2006,"Gable","CompShg","VinylSd","VinylSd","None",0,4,3,"PConc",4,3,1,1,1,728,"GasA",4,"Y",5,1456,0,0,2,1,3,1,3,8,0,0,"Attchd",2,2,429,3,3,3,0,0,0,0,0,0,0,0,"NA",0,5,2006,"New","Partial",172785,1,1,0,0,0,0,0
"050","RL",10410,"Pave","Grvl",4,"Lvl",4,"Corner",3,"OldTown","Artery","Norm","1Fam","1.5Fin",3,4,1915,1950,"Gable","CompShg","Wd Sdng","Wd Sdng","None",0,3,3,"PConc",3,3,1,1,1,672,"GasA",3,"Y",5,1214,0,0,1,0,3,1,3,8,0,0,"Detchd",1,3,936,3,3,3,216,0,160,0,0,0,0,3,"NA",0,1,2006,"WD","Family",105000,1,1,0,0,1,1,0
"060","RL",8333,"Pave","NA",4,"Lvl",4,"Inside",3,"CollgCr","Norm","Norm","1Fam","2Story",7,5,2006,2006,"Gable","CompShg","VinylSd","VinylSd","None",0,4,3,"PConc",4,3,1,1,1,738,"GasA",4,"Y",5,1491,0,0,2,1,3,1,4,8,1,4,"Attchd",2,2,484,3,3,3,100,30,0,0,0,0,0,0,"NA",0,5,2007,"WD","Normal",168675,1,1,1,0,0,0,0
"060","RL",11003,"Pave","NA",2,"Lvl",4,"Inside",3,"CollgCr","Norm","Norm","1Fam","2Story",7,5,2005,2006,"Gable","CompShg","VinylSd","VinylSd","None",0,4,3,"PConc",4,3,1,1,1,1308,"GasA",5,"Y",5,1876,0,0,2,1,3,1,4,8,0,0,"BuiltIn",2,3,848,3,3,3,0,40,0,0,0,0,0,0,"NA",0,7,2006,"New","Partial",229800,1,1,0,0,0,0,0
"190","RM",13600,"Pave","Grvl",4,"Lvl",4,"Inside",3,"OldTown","Norm","Norm","2fmCon","2Story",5,5,1900,1950,"Gable","CompShg","Wd Sdng","Wd Sdng","None",0,3,3,"BrkTil",3,3,1,1,1,662,"GasA",3,"N",5,2337,0,0,2,0,5,2,3,6,0,0,"Detchd",1,2,560,3,3,3,0,57,0,0,0,0,0,0,"NA",0,9,2007,"WD","Normal",90000,1,1,0,0,0,1,0
"020","RL",8334,"Pave","NA",4,"Lvl",4,"Inside",3,"CollgCr","Norm","Norm","1Fam","1Story",6,5,2006,2007,"Gable","CompShg","VinylSd","VinylSd","None",0,4,3,"PConc",4,3,1,1,1,1330,"GasA",5,"Y",5,1330,0,0,2,0,3,1,4,8,1,4,"Attchd",3,2,437,3,3,3,0,23,0,0,0,0,0,0,"NA",0,7,2007,"New","Partial",167840,1,1,1,0,0,0,0
"050","RL",10998,"Pave","Grvl",4,"Lvl",4,"Inside",3,"Edwards","Norm","Norm","1Fam","1.5Fin",5,5,1941,1960,"Gable","CompShg","Wd Sdng","Wd Sdng","None",0,3,3,"CBlock",3,3,1,2,4,984,"GasA",5,"Y",5,1604,0,0,2,0,3,1,3,6,0,0,"Detchd",1,2,660,3,3,3,0,68,0,0,0,0,0,0,"NA",0,7,2009,"WD","Normal",117000,1,1,0,0,0,1,0
"090","RL",10773,"Pave","NA",4,"Lvl",4,"Inside",3,"Sawyer","Norm","Norm","Duplex","1Story",4,3,1967,1967,"Gable","Tar&Grv","Plywood","Plywood","BrkFace",72,2,2,"CBlock",3,3,1,5,1,1832,"GasA",3,"N",5,1832,2,0,2,0,4,2,3,8,0,0,"NA",0,0,0,0,0,3,0,58,0,0,0,0,0,0,"NA",0,5,2010,"WD","Normal",136000,1,0,0,0,0,0,1
"020","RL",9723,"Pave","NA",3,"Lvl",4,"Corner",3,"NAmes","Norm","Norm","1Fam","1Story",6,7,1963,1963,"Hip","CompShg","MetalSd","MetalSd","BrkFace",332,3,3,"CBlock",3,3,1,1,1,1008,"GasA",3,"Y",5,1008,0,0,1,0,2,1,3,8,0,0,"Attchd",2,2,430,3,3,3,0,0,0,0,0,0,0,0,"NA",0,10,2006,"WD","Normal",135000,1,1,0,0,0,0,1
"020","RL",17227,"Pave","NA",2,"Lvl",4,"CulDSac",2,"CollgCr","Norm","Norm","1Fam","1Story",8,5,1999,2000,"Gable","CompShg","VinylSd","VinylSd","BrkFace",158,4,3,"PConc",4,3,4,6,1,1341,"GasA",5,"Y",5,1341,1,0,1,1,1,1,4,8,1,3,"Attchd",2,2,482,3,3,3,240,84,0,0,0,0,0,0,"NA",0,1,2007,"WD","Normal",246900,1,1,1,0,0,0,1
"085","RL",9180,"Pave","NA",3,"Lvl",4,"CulDSac",3,"SawyerW","Norm","Norm","1Fam","SFoyer",5,7,1983,1983,"Gable","CompShg","HdBoard","HdBoard","None",0,3,3,"CBlock",4,3,3,5,2,840,"GasA",4,"Y",5,884,1,0,1,0,2,1,4,8,0,0,"Attchd",2,2,504,3,4,3,240,0,0,0,0,0,0,3,"NA",0,12,2007,"WD","Normal",144000,1,1,0,0,1,0,0
"090","RL",8267,"Pave","NA",4,"Lvl",4,"Corner",3,"NAmes","Feedr","Norm","Duplex","1Story",5,5,1958,1958,"Gable","CompShg","HdBoard","HdBoard","None",0,3,3,"CBlock",3,3,1,1,1,1604,"GasA",3,"Y",5,1604,0,0,2,0,4,2,3,8,0,0,"Attchd",1,2,576,3,3,3,42,0,0,0,0,0,0,0,"NA",0,3,2010,"WD","Normal",135000,1,1,0,0,0,0,0
"070","RL",22420,"Pave","NA",3,"Lvl",4,"Inside",3,"Crawfor","Feedr","Norm","1Fam","2Story",6,6,1918,1950,"Hip","CompShg","Wd Sdng","Stucco","None",0,3,3,"BrkTil",4,3,1,4,1,1370,"GasW",3,"N",3,2624,1,0,2,1,4,1,3,8,1,4,"Detchd",1,3,864,3,3,1,0,0,0,0,0,0,0,0,"NA",0,11,2007,"WD","Normal",239000,1,1,1,0,0,0,0
"060","RL",8963,"Pave","NA",3,"Lvl",4,"Inside",3,"NWAmes","Norm","Norm","1Fam","2Story",8,9,1976,1996,"Hip","CompShg","VinylSd","VinylSd","BrkFace",289,5,4,"CBlock",3,4,1,6,5,1142,"GasA",5,"Y",5,2715,0,1,3,1,4,1,4,8,2,3,"BuiltIn",3,2,831,3,3,3,0,204,0,0,0,0,0,0,"NA",0,7,2008,"WD","Normal",299800,1,1,1,0,0,0,1
"090","RL",11855,"Pave","NA",4,"Lvl",4,"Inside",3,"SawyerW","Norm","Norm","Duplex","2Story",7,5,2000,2000,"Hip","CompShg","VinylSd","VinylSd","BrkFace",23,3,3,"PConc",5,3,1,6,1,1168,"GasA",5,"Y",5,2787,2,0,4,2,6,2,3,8,2,3,"BuiltIn",3,4,820,3,3,3,312,0,0,0,0,0,0,0,"NA",0,10,2009,"WD","Normal",269500,1,1,1,0,0,0,1
"050","RM",7308,"Pave","NA",4,"Lvl",4,"Corner",3,"OldTown","Artery","Norm","1Fam","1.5Fin",5,5,1920,1950,"Gable","CompShg","WdShing","Wd Shng","None",0,2,2,"BrkTil",3,3,1,3,1,936,"GasA",4,"N",3,1740,0,0,1,0,2,1,5,8,1,4,"Detchd",1,1,225,2,2,1,0,0,236,0,0,0,0,0,"NA",0,6,2008,"WD","Normal",122250,1,1,1,0,0,0,0
"020","RL",8510,"Pave","NA",3,"Lvl",4,"Inside",3,"NAmes","Norm","Norm","1Fam","1Story",5,7,1971,1971,"Gable","CompShg","Plywood","Plywood","BrkFace",178,3,3,"CBlock",4,3,1,5,1,1043,"GasA",5,"Y",5,1050,1,0,1,1,3,1,3,8,0,0,"Attchd",1,1,336,3,3,3,0,0,0,0,0,0,0,0,"NA",0,7,2009,"WD","Normal",143000,1,1,0,0,0,0,1
"160","RM",1733,"Pave","NA",4,"Lvl",4,"Inside",3,"Blueste","Norm","Norm","Twnhs","2Story",6,6,1980,1980,"Gable","CompShg","MetalSd","MetalSd","None",0,3,3,"CBlock",3,3,1,1,1,516,"GasA",3,"Y",5,1032,0,0,1,0,2,1,3,8,1,3,"Detchd",1,2,452,3,3,3,279,0,0,0,0,0,0,4,"NA",0,5,2009,"WD","Normal",115000,1,1,1,0,1,0,0
"060","RL",11952,"Pave","NA",4,"Lvl",4,"Inside",3,"NWAmes","PosA","Norm","1Fam","2Story",7,6,1977,1977,"Mansard","WdShake","WdShing","Plywood","None",0,3,3,"CBlock",4,3,1,1,1,808,"GasA",3,"Y",5,1969,0,0,2,1,3,1,3,8,1,4,"Attchd",2,2,534,3,3,3,0,0,0,0,276,0,0,0,"NA",0,11,2007,"WD","Normal",190000,1,1,1,0,0,0,0
"060","RL",7632,"Pave","NA",3,"Lvl",4,"Inside",3,"SawyerW","Norm","Norm","1Fam","2Story",7,5,2005,2005,"Gable","CompShg","VinylSd","VinylSd","BrkFace",96,4,3,"PConc",4,3,1,1,1,784,"GasA",5,"Y",5,1585,0,0,2,1,3,1,4,8,0,0,"Attchd",2,2,449,3,3,3,100,77,0,0,0,0,0,0,"NA",0,3,2006,"WD","Normal",184900,1,1,0,0,0,0,1
"020","RL",11394,"Pave","NA",4,"Lvl",4,"Corner",3,"StoneBr","Norm","Norm","1Fam","1Story",9,2,2010,2010,"Hip","CompShg","VinylSd","VinylSd","Stone",350,4,3,"PConc",5,3,3,6,1,1856,"GasA",5,"Y",5,1856,1,0,1,1,1,1,5,8,1,5,"Attchd",3,3,834,3,3,3,113,0,0,0,0,0,0,0,"NA",0,6,2010,"New","Partial",394432,1,1,1,0,0,0,1
"080","RL",14330,"Pave","NA",3,"Low",4,"Corner",3,"Veenker","Norm","Norm","1Fam","SLvl",7,4,1974,1974,"Gable","CompShg","WdShing","Wd Sdng","BrkFace",145,4,2,"CBlock",4,3,4,5,4,1748,"GasA",4,"Y",5,2646,1,2,2,0,3,1,4,5,4,3,"Attchd",2,2,550,3,3,3,641,100,0,0,0,800,4,4,"NA",0,1,2006,"WD","Normal",260000,1,1,1,1,1,0,1
"060","FV",9000,"Pave","NA",4,"Lvl",4,"Inside",3,"Somerst","Norm","Norm","1Fam","2Story",8,5,2008,2008,"Gable","CompShg","VinylSd","VinylSd","None",0,4,3,"PConc",4,3,1,1,1,768,"GasA",5,"Y",5,1590,0,0,2,1,3,1,4,8,0,0,"Attchd",2,2,676,3,3,3,0,30,0,0,0,0,0,0,"NA",0,6,2009,"WD","Normal",210000,1,1,0,0,0,0,0
"020","RL",10265,"Pave","NA",3,"Lvl",4,"Inside",3,"Sawyer","Norm","Norm","1Fam","1Story",5,7,1967,2005,"Gable","CompShg","HdBoard","HdBoard","None",0,3,2,"CBlock",3,3,1,5,1,992,"GasA",5,"Y",5,992,1,0,1,0,3,1,4,8,0,0,"Attchd",2,1,294,3,3,3,204,0,0,0,0,0,0,3,"Shed",600,7,2008,"WD","Normal",145000,1,1,0,0,1,0,0
"060","RL",14598,"Pave","NA",3,"Lvl",4,"CulDSac",3,"Somerst","Feedr","Norm","1Fam","2Story",6,5,2007,2007,"Gable","CompShg","VinylSd","VinylSd","Stone",74,4,3,"PConc",4,3,2,1,1,894,"GasA",5,"Y",5,1933,0,0,2,1,4,1,4,8,1,4,"BuiltIn",3,3,668,3,3,3,100,18,0,0,0,0,0,0,"NA",0,1,2008,"WD","Normal",214000,1,1,1,0,0,0,1
"020","RL",12919,"Pave","NA",3,"Lvl",4,"Inside",3,"NridgHt","Norm","Norm","1Fam","1Story",9,5,2009,2010,"Hip","CompShg","VinylSd","VinylSd","Stone",760,5,3,"PConc",5,3,4,6,1,2330,"GasA",5,"Y",5,2364,1,0,2,1,2,1,5,8,2,4,"Attchd",3,3,820,3,3,3,0,67,0,0,0,0,0,0,"NA",0,3,2010,"New","Partial",611657,1,1,1,0,0,0,1
"020","RL",8923,"Pave","NA",4,"Lvl",4,"Inside",3,"NAmes","Norm","Norm","1Fam","1Story",5,7,1953,2006,"Gable","CompShg","Wd Sdng","Wd Sdng","None",0,3,3,"CBlock",3,3,1,4,1,1008,"GasA",4,"Y",5,1008,1,0,1,0,2,1,4,8,0,0,"Attchd",1,1,240,3,3,3,0,18,0,0,0,0,0,0,"NA",0,5,2007,"WD","Normal",134500,1,1,0,0,0,0,0
"070","RL",7500,"Pave","NA",3,"Bnk",4,"Inside",3,"Crawfor","Norm","Norm","1Fam","2Story",6,7,1942,1950,"Gable","CompShg","Wd Sdng","Wd Sdng","None",0,3,3,"CBlock",3,3,1,4,1,771,"GasA",2,"Y",5,1494,0,0,1,0,3,1,4,8,2,4,"Attchd",1,1,213,3,3,2,0,0,0,0,224,0,0,0,"NA",0,11,2009,"WD","Normal",177500,1,1,1,0,0,0,0
"070","RM",9639,"Pave","NA",4,"Lvl",4,"Inside",3,"OldTown","Artery","Norm","1Fam","2Story",4,8,1900,1950,"Gable","CompShg","MetalSd","MetalSd","None",0,3,3,"PConc",3,3,1,1,1,1075,"GasA",5,"Y",5,1798,0,0,2,1,4,1,3,8,0,0,"Detchd",1,2,342,3,3,1,0,0,160,0,0,0,0,3,"NA",0,5,2007,"WD","Normal",137000,1,1,0,0,1,0,0
"075","RL",8400,"Pave","NA",4,"Bnk",4,"Inside",2,"SWISU","Norm","Norm","1Fam","2.5Fin",5,8,1939,1997,"Gable","CompShg","Wd Sdng","Wd Sdng","None",0,3,3,"PConc",3,3,1,2,1,720,"GasA",5,"Y",5,2192,0,0,2,1,4,1,4,8,1,4,"Detchd",1,1,240,3,3,3,262,24,0,0,0,0,0,0,"NA",0,7,2008,"WD","Normal",179500,1,1,1,0,0,0,0
"060","RL",8750,"Pave","NA",4,"Lvl",4,"Inside",3,"CollgCr","Norm","Norm","1Fam","2Story",6,5,1998,1998,"Gable","CompShg","VinylSd","VinylSd","BrkFace",120,3,3,"PConc",4,3,1,6,1,928,"GasA",5,"Y",5,1772,1,0,2,1,3,1,3,8,1,3,"Attchd",2,2,492,3,3,3,150,96,0,0,0,0,0,0,"NA",0,4,2009,"WD","Normal",2e+05,1,1,1,0,0,0,1
"160","FV",2160,"Pave","Pave",4,"Lvl",4,"Inside",3,"Somerst","Norm","Norm","Twnhs","SLvl",7,5,1999,2000,"Gable","CompShg","VinylSd","VinylSd","BrkFace",216,4,3,"PConc",4,3,1,6,1,672,"GasA",5,"Y",5,1404,1,0,2,1,3,1,4,8,0,0,"Detchd",1,2,462,3,3,3,20,0,0,0,0,0,0,0,"NA",0,6,2008,"WD","Normal",170000,1,1,0,0,0,1,1
"160","RM",1879,"Pave","NA",4,"Lvl",4,"CulDSac",3,"Blueste","Norm","Norm","Twnhs","2Story",6,6,1980,1980,"Gable","CompShg","MetalSd","MetalSd","None",0,3,3,"CBlock",4,3,1,6,1,516,"GasA",3,"Y",5,1032,0,0,1,0,2,1,3,8,1,3,"Detchd",1,2,462,3,3,3,213,0,0,0,0,0,0,4,"NA",0,12,2008,"WD","Normal",116500,1,1,1,0,1,0,0
"020","RL",11425,"Pave","NA",3,"Lvl",4,"Corner",3,"NAmes","Norm","Norm","1Fam","1Story",5,6,1954,1954,"Gable","CompShg","BrkFace","BrkFace","None",0,3,3,"CBlock",3,3,1,4,1,1008,"GasA",4,"Y",5,1008,0,0,1,0,2,1,3,8,1,4,"Attchd",2,1,275,3,3,3,0,0,120,0,0,0,0,0,"NA",0,7,2006,"WD","Normal",137000,1,1,1,0,0,0,0
"075","RM",18386,"Pave","NA",4,"Lvl",4,"Inside",3,"OldTown","Norm","Norm","1Fam","2.5Fin",7,9,1880,2002,"Gable","CompShg","CemntBd","CmentBd","None",0,3,3,"BrkTil",3,3,1,1,1,1470,"GasA",5,"Y",5,3493,0,0,3,0,3,1,4,8,1,5,"Attchd",1,3,870,3,3,3,302,0,0,0,0,0,0,0,"NA",0,5,2008,"WD","Normal",295000,1,1,1,0,0,0,0
"060","RL",9337,"Pave","NA",3,"Lvl",4,"Inside",3,"CollgCr","Norm","Norm","1Fam","2Story",6,5,1997,1997,"Gable","CompShg","VinylSd","VinylSd","None",0,3,4,"PConc",4,3,1,6,1,824,"GasA",5,"Y",5,1786,1,0,2,1,3,1,4,8,0,0,"Attchd",2,2,684,3,3,3,0,162,0,0,0,0,0,0,"NA",0,5,2007,"WD","Normal",204750,1,1,0,0,0,0,0
"020","RL",9100,"Pave","NA",4,"Lvl",4,"Inside",3,"Sawyer","RRAe","Norm","1Fam","1Story",5,5,1963,1963,"Hip","CompShg","Wd Sdng","Wd Sdng","None",0,3,3,"PConc",3,4,1,4,5,984,"GasA",3,"Y",5,984,1,0,1,0,3,1,3,8,1,3,"Attchd",2,1,384,3,3,3,145,56,0,0,0,0,0,3,"Shed",400,8,2008,"WD","Normal",128000,1,1,1,0,1,0,0
"070","RM",12900,"Pave","Grvl",4,"Lvl",4,"Inside",3,"OldTown","Norm","Norm","1Fam","2Story",6,8,1912,2009,"Gable","CompShg","Wd Sdng","Wd Sdng","None",0,4,4,"PConc",3,3,1,1,1,780,"GasA",5,"Y",5,1560,0,0,1,1,3,1,4,8,0,0,"NA",0,0,0,0,0,1,344,0,0,0,168,0,0,0,"NA",0,5,2010,"WD","Normal",159900,1,0,0,0,0,1,0
"060","FV",10728,"Pave","NA",4,"Lvl",4,"Inside",3,"Somerst","Norm","Norm","1Fam","2Story",8,5,2006,2006,"Gable","CompShg","VinylSd","VinylSd","None",0,4,3,"PConc",4,3,2,1,1,1095,"GasA",4,"Y",5,1939,0,0,2,1,3,1,4,8,1,4,"Attchd",2,3,1053,3,3,3,192,51,0,0,0,0,0,0,"NA",0,8,2006,"New","Partial",266000,1,1,1,0,0,0,0
"120","RM",3072,"Pave","NA",4,"Lvl",4,"Inside",3,"Blmngtn","Norm","Norm","TwnhsE","1Story",7,5,2004,2004,"Hip","CompShg","VinylSd","VinylSd","BrkFace",18,4,3,"PConc",4,3,1,1,1,1375,"GasA",5,"Y",5,1414,0,0,2,0,2,1,4,8,1,3,"Attchd",3,2,398,3,3,3,144,20,0,0,0,0,0,0,"NA",0,5,2006,"WD","Normal",178740,1,1,1,0,0,0,1
"160","FV",2117,"Pave","NA",4,"Lvl",4,"Inside",3,"Somerst","Norm","Norm","Twnhs","2Story",6,5,2000,2000,"Gable","CompShg","MetalSd","MetalSd","BrkFace",216,4,3,"PConc",4,3,1,6,1,756,"GasA",5,"Y",5,1573,0,0,2,1,3,1,4,8,0,0,"Detchd",1,2,440,3,3,3,0,32,0,0,0,0,0,0,"NA",0,9,2007,"WD","Normal",177000,1,1,0,0,0,0,1
"060","RL",8750,"Pave","NA",4,"Lvl",4,"Inside",3,"CollgCr","Norm","Norm","1Fam","2Story",7,5,1994,1995,"Gable","CompShg","VinylSd","VinylSd","None",0,4,4,"PConc",4,3,1,6,1,915,"GasA",5,"Y",5,1908,1,0,2,1,4,1,4,8,1,3,"Attchd",1,2,493,3,3,3,144,133,0,0,0,0,0,0,"NA",0,7,2008,"WD","Normal",210000,1,1,1,0,0,0,0
"040","RM",9100,"Pave","NA",4,"Lvl",4,"Inside",3,"BrkSide","RRAn","Feedr","1Fam","1Story",5,6,1930,1960,"Gable","CompShg","VinylSd","VinylSd","None",0,3,3,"BrkTil",3,3,1,1,1,742,"GasA",3,"Y",3,935,0,0,1,0,2,1,3,8,0,0,"Detchd",1,1,308,3,3,2,0,0,0,0,0,0,0,0,"Shed",600,8,2008,"WD","Normal",79500,1,1,0,0,0,0,0
"090","RL",10624,"Pave","NA",3,"Lvl",4,"Inside",3,"NAmes","Norm","Norm","Duplex","1Story",5,4,1964,1964,"Gable","CompShg","HdBoard","HdBoard","BrkFace",84,3,3,"CBlock",3,3,1,6,3,1728,"GasA",3,"Y",5,1728,0,1,2,0,6,2,3,8,0,0,"Detchd",1,1,352,3,3,3,155,0,0,0,0,0,0,0,"NA",0,11,2007,"WD","Normal",119000,1,1,0,0,0,0,1
"020","RL",7406,"Pave","NA",4,"Lvl",4,"Inside",3,"CollgCr","Norm","Norm","1Fam","1Story",7,5,2006,2006,"Gable","CompShg","VinylSd","VinylSd","Stone",84,4,3,"PConc",4,3,3,6,1,1199,"GasA",5,"Y",5,1220,1,0,2,0,2,1,4,8,0,0,"Attchd",2,2,632,3,3,3,105,54,0,0,0,0,0,0,"NA",0,7,2006,"New","Partial",194000,1,1,0,0,0,0,1
"020","RL",10447,"Pave","NA",4,"Lvl",4,"Inside",3,"Mitchel","Norm","Norm","1Fam","1Story",5,6,1984,1984,"Gable","CompShg","Plywood","HdBoard","None",0,3,3,"CBlock",3,3,1,5,1,864,"GasA",3,"Y",5,887,0,1,1,0,3,1,3,8,0,0,"Attchd",2,1,288,3,3,3,140,0,0,0,0,0,0,0,"NA",0,12,2007,"WD","Normal",124500,1,1,0,0,0,0,0
"020","RL",9600,"Pave","NA",4,"Lvl",4,"Inside",3,"NAmes","Norm","Norm","1Fam","1Story",5,5,1966,1966,"Hip","CompShg","VinylSd","VinylSd","BrkFace",172,3,3,"CBlock",3,3,1,3,1,1232,"GasA",3,"Y",5,1232,1,0,1,1,3,1,3,8,0,0,"Attchd",2,2,490,3,3,3,0,224,0,0,0,0,0,0,"NA",0,4,2010,"WD","Normal",142250,1,1,0,0,0,0,1
"050","RL",18600,"Pave","NA",4,"Lvl",4,"Inside",3,"Edwards","Norm","Norm","1Fam","1.5Fin",3,4,1938,1990,"Gable","CompShg","Wd Sdng","Wd Sdng","None",0,3,3,"CBlock",3,3,2,4,2,972,"GasA",3,"Y",3,1610,0,1,2,0,4,1,2,8,1,4,"Attchd",2,1,480,3,3,3,0,0,60,0,0,0,0,0,"Shed",450,6,2010,"WD","Normal",124000,1,1,1,0,0,0,0
"020","RL",10000,"Pave","NA",4,"Lvl",4,"Inside",3,"Mitchel","Norm","Norm","1Fam","1Story",5,5,2002,2002,"Gable","CompShg","VinylSd","VinylSd","BrkFace",166,4,3,"PConc",4,3,1,6,1,1441,"GasA",5,"Y",5,1392,0,0,2,0,3,1,4,8,1,4,"Attchd",3,3,650,3,3,3,168,49,0,0,0,0,0,0,"NA",0,12,2007,"WD","Normal",215000,1,1,1,0,0,0,1
"020","RL",11088,"Pave","NA",4,"Lvl",4,"Corner",3,"CollgCr","Norm","Norm","1Fam","1Story",8,5,2002,2002,"Hip","CompShg","Stucco","Stucco","None",0,4,3,"PConc",4,3,1,6,1,1348,"GasA",5,"Y",5,1358,1,0,1,1,1,1,4,8,1,3,"Attchd",1,2,418,3,3,3,68,166,0,0,0,0,0,0,"NA",0,6,2006,"WD","Normal",220000,1,1,1,0,0,0,0
"020","RL",33983,"Pave","NA",3,"Lvl",4,"Inside",3,"Mitchel","Norm","Norm","1Fam","1Story",5,6,1977,1994,"Gable","CompShg","Plywood","Plywood","None",0,3,2,"PConc",3,3,2,5,1,1160,"GasA",3,"Y",5,1676,1,0,1,1,3,1,4,5,2,3,"Attchd",2,2,672,3,3,2,690,90,0,0,0,0,0,4,"NA",0,5,2007,"WD","Normal",196000,1,1,1,0,1,0,0
"060","RL",14311,"Pave","NA",3,"Lvl",4,"FR3",3,"NWAmes","Norm","Norm","1Fam","2Story",8,5,1996,1996,"Gable","CompShg","VinylSd","VinylSd","BrkFace",402,4,3,"PConc",4,3,1,6,1,1236,"GasA",5,"Y",5,2340,1,0,2,1,4,1,4,8,1,4,"Attchd",2,3,787,3,3,3,192,180,218,0,0,0,0,4,"NA",0,6,2008,"WD","Normal",306000,1,1,1,0,1,0,1
"190","RM",11426,"Pave","Grvl",4,"Lvl",4,"Inside",3,"OldTown","Norm","Norm","2fmCon","1.5Fin",4,6,1910,1996,"Gable","CompShg","Wd Sdng","Wd Sdng","None",0,3,3,"Stone",3,3,1,1,1,828,"GasA",4,"Y",3,1594,0,0,2,0,3,2,3,8,0,0,"NA",0,0,0,0,0,1,0,172,109,0,0,0,0,0,"NA",0,6,2008,"WD","Normal",118000,1,0,0,0,0,1,0
"060","FV",11003,"Pave","NA",4,"Lvl",4,"Inside",3,"Somerst","Norm","Norm","1Fam","2Story",10,5,2008,2008,"Gable","CompShg","VinylSd","VinylSd","Stone",160,5,3,"PConc",5,3,3,6,1,1017,"GasA",5,"Y",5,2007,1,0,2,1,3,1,5,8,1,5,"Attchd",3,3,812,3,3,3,168,52,0,0,0,0,0,0,"NA",0,4,2009,"WD","Normal",310000,1,1,1,0,0,0,1
"020","RL",11355,"Pave","NA",3,"Lvl",4,"Corner",3,"NAmes","Norm","Norm","1Fam","1Story",7,7,1958,2001,"Gable","Tar&Grv","HdBoard","HdBoard","BrkFace",125,3,3,"CBlock",3,3,1,4,1,1312,"GasA",5,"Y",5,1312,0,0,1,1,3,1,3,8,1,4,"Attchd",2,2,495,3,3,3,0,304,144,0,0,0,0,3,"Othr",6500,4,2008,"WD","Normal",186000,1,1,1,0,1,0,1
"020","RL",10921,"Pave","NA",4,"HLS",4,"Inside",3,"Edwards","Norm","Norm","1Fam","1Story",4,5,1965,1965,"Hip","CompShg","HdBoard","HdBoard","BrkFace",48,3,3,"CBlock",3,3,1,3,1,960,"GasA",3,"Y",2,960,1,0,1,0,3,1,3,8,0,0,"Attchd",3,1,432,3,3,2,120,0,0,0,0,0,0,0,"NA",0,5,2007,"WD","Normal",94750,1,1,0,0,0,0,1
"020","RL",7360,"Pave","NA",4,"Lvl",4,"Inside",3,"CollgCr","Norm","Norm","1Fam","1Story",7,5,2010,2010,"Gable","CompShg","VinylSd","VinylSd","Stone",80,4,3,"PConc",4,3,1,6,1,1222,"GasA",5,"Y",5,1222,0,0,2,0,2,1,4,8,0,0,"Attchd",2,2,615,3,3,3,0,54,0,0,0,0,0,0,"NA",0,3,2010,"WD","Normal",187000,1,1,0,0,0,0,1
"020","RL",12155,"Pave","NA",1,"Lvl",4,"Inside",3,"NAmes","PosN","Norm","1Fam","1Story",6,3,1970,1970,"Gable","CompShg","Plywood","Plywood","None",0,3,3,"CBlock",4,3,1,2,1,1657,"GasA",4,"Y",5,1657,0,1,2,0,3,1,3,8,1,3,"Attchd",1,2,484,3,3,3,0,0,0,0,147,0,0,0,"NA",0,3,2007,"WD","Normal",163500,1,1,1,0,0,0,0
"070","RM",3960,"Pave","Grvl",4,"Lvl",4,"Inside",3,"OldTown","Norm","Norm","1Fam","2Story",7,8,1930,1950,"Gable","CompShg","Wd Sdng","Wd Sdng","None",0,3,3,"BrkTil",3,3,1,1,1,502,"GasA",3,"N",5,1004,0,0,1,0,2,1,4,8,1,1,"Detchd",1,1,200,2,3,1,280,0,68,0,0,0,0,3,"NA",0,7,2006,"WD","Normal",105000,1,1,1,0,1,1,0
"050","RM",10320,"Pave","Grvl",4,"Lvl",4,"Inside",3,"IDOTRR","Norm","Norm","1Fam","1.5Fin",6,7,1906,1995,"Gable","CompShg","MetalSd","MetalSd","None",0,3,3,"CBlock",3,3,1,1,1,756,"GasA",5,"Y",5,1469,0,0,1,0,3,1,3,8,0,0,"Detchd",1,1,216,3,3,3,57,0,239,0,0,0,0,3,"NA",0,6,2008,"WD","Normal",135000,1,1,0,0,1,1,0
"020","RL",11050,"Pave","NA",4,"Lvl",4,"Inside",3,"NAmes","Norm","Norm","1Fam","1Story",5,5,1956,1956,"Hip","CompShg","Wd Sdng","Wd Sdng","None",0,3,3,"CBlock",3,3,1,2,1,1005,"GasA",5,"Y",5,1005,0,0,1,0,2,1,3,8,1,3,"Attchd",1,1,319,3,3,3,0,0,0,0,288,0,0,0,"NA",0,7,2006,"WD","Normal",133500,1,1,1,0,0,0,0
"060","RL",17082,"Pave","NA",3,"Low",4,"CulDSac",2,"ClearCr","Norm","Norm","1Fam","2Story",6,5,1978,1992,"Gable","CompShg","VinylSd","VinylSd","BrkFace",288,3,3,"PConc",4,3,3,5,1,1117,"GasA",5,"Y",5,1981,1,0,2,1,4,1,4,8,1,3,"Attchd",3,2,522,3,3,3,336,104,0,0,0,0,0,0,"NA",0,5,2010,"WD","Normal",230000,1,1,1,0,0,0,1
"020","RL",11520,"Pave","NA",4,"Lvl",4,"Inside",3,"NridgHt","PosN","Norm","1Fam","1Story",9,5,2005,2005,"Hip","CompShg","VinylSd","VinylSd","BrkFace",615,4,3,"PConc",5,3,1,6,1,1698,"GasA",5,"Y",5,1698,0,0,2,0,3,1,5,8,1,4,"Attchd",3,3,730,3,3,3,192,74,0,0,0,0,0,0,"NA",0,6,2010,"WD","Normal",275000,1,1,1,0,0,0,1
"020","RL",10708,"Pave","NA",3,"Lvl",4,"Inside",3,"ClearCr","Norm","Norm","1Fam","1Story",5,5,1955,1993,"Hip","CompShg","Wd Sdng","Wd Sdng","None",0,4,3,"CBlock",3,3,1,2,4,1617,"GasA",5,"Y",3,1867,1,0,1,0,2,1,3,8,3,4,"Attchd",3,1,303,3,3,3,476,0,0,0,142,0,0,2,"NA",0,11,2009,"COD","Normal",190000,1,1,1,0,1,0,0
"190","RL",7420,"Pave","NA",4,"Lvl",4,"Corner",3,"BrkSide","Artery","Artery","2fmCon","1.5Unf",5,6,1939,1950,"Gable","CompShg","MetalSd","MetalSd","None",0,3,3,"BrkTil",3,3,1,6,1,991,"GasA",5,"Y",5,1077,1,0,1,0,2,2,3,8,2,3,"Attchd",2,1,205,4,3,3,0,4,0,0,0,0,0,0,"NA",0,1,2008,"WD","Normal",118000,1,1,1,0,0,0,0
"050","RM",4400,"Pave","NA",4,"Lvl",4,"Inside",3,"OldTown","Norm","Norm","1Fam","1.5Fin",6,8,1920,1950,"Gable","CompShg","Stucco","Stucco","None",0,3,3,"BrkTil",2,3,1,1,1,648,"GasA",3,"Y",3,1118,0,0,1,0,2,1,3,8,0,0,"Detchd",1,2,440,3,3,3,0,0,0,0,0,0,0,0,"NA",0,10,2006,"WD","Normal",116000,1,1,0,0,0,0,0
"020","RL",20062,"Pave","NA",3,"Low",4,"Inside",2,"ClearCr","Norm","Norm","1Fam","1Story",7,7,1977,2001,"Hip","CompShg","Wd Sdng","Wd Sdng","None",0,4,4,"CBlock",4,3,4,5,1,1420,"GasA",4,"Y",5,1483,1,0,1,1,1,1,3,8,2,3,"Attchd",2,2,690,3,3,3,496,0,0,0,0,0,0,0,"NA",0,4,2010,"WD","Normal",270000,1,1,1,0,0,0,0
"060","FV",10603,"Pave","NA",4,"Lvl",4,"Inside",3,"Somerst","Norm","Norm","1Fam","2Story",8,5,2006,2006,"Hip","CompShg","VinylSd","VinylSd","Stone",121,4,3,"PConc",5,4,1,6,1,900,"GasA",5,"Y",5,1795,1,0,2,1,3,1,4,8,1,4,"Attchd",3,3,782,3,3,3,168,45,0,0,0,0,0,0,"NA",0,7,2009,"WD","Normal",270000,1,1,1,0,0,0,1
"020","RL",9535,"Pave","NA",3,"Lvl",4,"Inside",3,"Sawyer","Norm","Norm","1Fam","1Story",5,5,1967,1967,"Gable","CompShg","HdBoard","HdBoard","BrkFace",450,3,3,"CBlock",3,3,1,4,2,1176,"GasA",3,"Y",5,1458,1,0,1,1,3,1,3,8,1,3,"Attchd",1,2,512,3,3,3,284,0,0,0,0,0,0,3,"NA",0,7,2006,"WD","Normal",165000,1,1,1,0,1,0,1
"060","RL",8000,"Pave","NA",4,"Lvl",4,"Inside",3,"Gilbert","Norm","Norm","1Fam","2Story",6,5,1995,1996,"Gable","CompShg","HdBoard","HdBoard","None",0,3,3,"PConc",4,3,1,6,1,773,"GasA",4,"Y",5,1658,1,0,2,1,3,1,3,8,1,3,"Attchd",3,2,431,3,3,3,224,84,0,0,0,0,0,0,"NA",0,6,2008,"WD","Normal",188000,1,1,1,0,0,0,0
"060","RL",12539,"Pave","NA",4,"Lvl",4,"Inside",3,"NridgHt","PosN","Norm","1Fam","2Story",10,5,2005,2006,"Hip","CompShg","CemntBd","CmentBd","BrkFace",468,5,3,"PConc",5,3,4,6,1,1620,"GasA",5,"Y",5,2790,1,0,2,1,4,1,5,8,1,5,"BuiltIn",3,4,1150,3,3,3,30,200,0,0,192,0,0,0,"NA",0,6,2008,"WD","Normal",460000,1,1,1,0,0,0,1
"070","RL",10570,"Pave","NA",4,"Bnk",4,"Inside",2,"Crawfor","Norm","Norm","1Fam","2Story",8,8,1932,1994,"Hip","CompShg","BrkFace","BrkFace","None",0,4,3,"CBlock",4,4,1,3,1,853,"GasA",3,"Y",5,2727,0,0,2,1,3,1,4,4,2,3,"Detchd",1,2,440,3,3,3,0,74,0,0,0,0,0,0,"NA",0,12,2007,"WD","Normal",315000,1,1,1,0,0,0,0
"020","RL",8892,"Pave","NA",3,"Lvl",4,"Inside",3,"NAmes","Norm","Norm","1Fam","1Story",5,5,1960,1960,"Gable","CompShg","MetalSd","MetalSd","BrkCmn",66,3,3,"CBlock",3,3,1,1,1,1065,"GasA",4,"Y",5,1065,0,0,1,1,3,1,3,8,0,0,"Detchd",1,2,461,3,3,3,74,0,0,0,0,0,0,0,"NA",0,7,2007,"COD","Normal",126500,1,1,0,0,0,0,1
"020","RL",12395,"Pave","NA",4,"Lvl",4,"Corner",3,"Mitchel","Norm","Norm","1Fam","1Story",5,6,1984,1984,"Gable","CompShg","HdBoard","Plywood","None",0,3,3,"CBlock",3,3,1,5,1,864,"GasA",3,"Y",5,889,0,0,1,0,3,1,3,8,0,0,"Attchd",1,2,484,3,3,3,0,0,0,0,0,0,0,0,"NA",0,4,2008,"WD","Normal",137500,1,1,0,0,0,0,0
"020","RL",13072,"Pave","NA",4,"Lvl",4,"Inside",3,"SawyerW","RRAe","Norm","1Fam","1Story",6,5,2005,2006,"Gable","CompShg","VinylSd","VinylSd","BrkFace",126,3,3,"PConc",4,4,1,6,1,1175,"GasA",5,"Y",5,1175,1,0,1,0,3,1,4,8,0,0,"NA",0,0,0,0,0,3,0,90,0,0,0,0,0,0,"NA",0,6,2008,"WD","Normal",146000,1,0,0,0,0,0,1
"090","RL",7424,"Pave","NA",3,"Lvl",4,"Inside",3,"Sawyer","Norm","Norm","Duplex","SFoyer",5,5,1978,1978,"Gable","CompShg","Plywood","Plywood","None",0,3,3,"CBlock",4,3,3,6,1,1319,"GasA",3,"Y",5,1373,1,0,1,0,3,1,3,8,2,3,"Attchd",3,2,591,3,3,3,0,0,0,0,0,0,0,0,"NA",0,5,2010,"WD","Normal",160250,1,1,1,0,0,0,0
"060","RL",7875,"Pave","NA",4,"Lvl",4,"Inside",3,"Gilbert","Norm","Norm","1Fam","2Story",7,5,1996,1996,"Gable","CompShg","HdBoard","HdBoard","None",0,4,3,"PConc",4,3,1,3,1,691,"GasA",4,"Y",5,1553,0,0,2,1,3,1,4,8,0,0,"Attchd",3,2,420,3,3,3,0,44,0,0,0,0,0,0,"NA",0,8,2007,"WD","Normal",178750,1,1,0,0,0,0,0
"020","RL",8749,"Pave","NA",4,"Lvl",4,"Inside",3,"CollgCr","Norm","Norm","1Fam","1Story",7,5,2002,2002,"Gable","CompShg","VinylSd","VinylSd","BrkFace",100,4,3,"PConc",4,3,1,1,1,1459,"GasA",5,"Y",5,1459,0,0,2,0,3,1,4,8,1,4,"Attchd",2,2,527,3,3,3,192,39,0,0,0,0,0,0,"NA",0,9,2007,"WD","Normal",192000,1,1,1,0,0,0,1
"020","RL",15750,"Pave","NA",4,"Lvl",4,"FR3",3,"CollgCr","Feedr","Norm","1Fam","1Story",8,5,1999,2000,"Gable","CompShg","VinylSd","VinylSd","BrkFace",260,4,3,"PConc",4,3,4,6,1,1462,"GasA",5,"Y",5,1513,1,0,2,0,2,1,4,8,1,3,"Attchd",3,2,521,3,3,3,135,34,0,0,0,0,0,0,"NA",0,6,2009,"WD","Normal",220000,1,1,1,0,0,0,1
"020","RL",9717,"Pave","NA",4,"Lvl",4,"Inside",3,"NAmes","Norm","Norm","1Fam","1Story",5,6,1950,1996,"Hip","CompShg","MetalSd","MetalSd","None",0,3,3,"CBlock",3,3,2,6,3,1078,"GasA",4,"Y",3,1078,1,0,1,0,2,1,4,8,0,0,"Attchd",1,1,240,3,3,3,366,0,112,0,0,0,0,0,"NA",0,4,2010,"WD","Normal",142125,1,1,0,0,0,0,0
"050","RM",5925,"Pave","NA",4,"Lvl",4,"Inside",3,"OldTown","Norm","Norm","1Fam","1.5Fin",4,6,1900,1950,"Gable","CompShg","MetalSd","MetalSd","None",0,3,3,"BrkTil",2,3,1,2,3,570,"GasA",4,"N",5,1141,0,0,1,0,3,1,3,8,0,0,"Detchd",1,1,252,2,2,3,0,0,96,0,0,0,0,0,"NA",0,5,2007,"ConLw","Normal",85000,1,1,0,0,0,0,0
"020","RL",6410,"Pave","NA",4,"HLS",4,"Inside",2,"Edwards","Norm","Norm","1Fam","1Story",4,5,1959,1959,"Gable","CompShg","AsbShng","AsbShng","None",0,3,3,"CBlock",3,3,1,2,3,876,"GasA",3,"Y",3,876,0,0,1,0,3,1,3,8,0,0,"Detchd",1,1,320,3,3,3,0,0,0,0,0,0,0,3,"NA",0,3,2009,"WD","Normal",85000,1,1,0,0,1,0,0
"080","RL",7910,"Pave","NA",4,"Lvl",4,"Inside",3,"NAmes","Norm","Norm","1Fam","SLvl",5,5,1960,1960,"Hip","CompShg","BrkFace","HdBoard","None",0,3,3,"CBlock",3,3,1,5,1,1075,"GasA",4,"Y",5,1507,0,0,2,0,4,1,3,4,0,0,"Basment",1,1,404,3,3,3,0,0,0,0,0,0,0,2,"NA",0,8,2008,"WD","Normal",127000,1,1,0,0,1,0,0
"020","FV",7500,"Pave","Pave",4,"Lvl",4,"Inside",3,"Somerst","Norm","Norm","1Fam","1Story",7,5,2004,2005,"Gable","CompShg","VinylSd","VinylSd","None",0,4,3,"PConc",4,3,1,6,1,1221,"GasA",5,"Y",5,1221,1,0,2,0,2,1,4,8,0,0,"Attchd",2,2,400,3,3,3,0,113,0,0,0,0,0,0,"NA",0,10,2009,"WD","Normal",185000,1,1,0,0,0,1,0
"030","RM",5890,"Pave","NA",4,"Lvl",4,"Corner",3,"IDOTRR","Norm","Norm","1Fam","1Story",6,8,1930,2007,"Gable","CompShg","Wd Sdng","Wd Sdng","None",0,4,4,"BrkTil",3,3,3,5,1,816,"GasA",5,"Y",5,816,0,0,1,0,2,1,3,8,0,0,"Detchd",1,1,432,3,3,3,0,0,96,0,0,0,0,0,"NA",0,6,2008,"WD","Normal",120500,1,1,0,0,0,0,0
"020","RL",11302,"Pave","NA",3,"Lvl",4,"Inside",3,"StoneBr","Norm","Norm","1Fam","1Story",8,5,2005,2006,"Gable","CompShg","VinylSd","Other","BrkFace",238,4,3,"PConc",4,3,4,6,1,1814,"GasA",5,"Y",5,1826,1,0,2,0,3,1,4,8,1,3,"Attchd",3,3,758,3,3,3,180,75,0,0,120,0,0,0,"NA",0,8,2006,"New","Partial",319000,1,1,1,0,0,0,1
"050","RL",9060,"Pave","NA",4,"Lvl",4,"Inside",3,"Edwards","Norm","Norm","1Fam","1.5Fin",6,5,1939,1950,"Gable","CompShg","WdShing","Wd Shng","None",0,3,3,"BrkTil",3,3,2,3,1,560,"GasA",3,"Y",5,1258,0,0,1,0,2,1,3,8,0,0,"Detchd",1,1,280,3,3,2,0,0,0,0,0,0,0,3,"NA",0,10,2009,"WD","Normal",105000,1,1,0,0,1,0,0
"120","RL",8012,"Pave","NA",4,"Lvl",4,"Inside",3,"SawyerW","Norm","Norm","TwnhsE","1Story",6,5,1980,1980,"Gable","CompShg","Plywood","Plywood","None",0,3,3,"CBlock",4,3,1,4,4,923,"GasA",3,"Y",5,923,0,0,2,0,2,1,3,8,1,3,"Attchd",2,1,264,3,3,3,80,0,0,0,0,0,0,0,"NA",0,5,2010,"WD","Normal",143000,1,1,1,0,0,0,0
"030","RM",7000,"Pave","NA",4,"Lvl",4,"Inside",3,"IDOTRR","Norm","Norm","1Fam","1Story",6,8,1926,1998,"Gable","CompShg","VinylSd","VinylSd","None",0,3,4,"BrkTil",3,3,1,3,6,894,"GasA",3,"Y",5,919,1,0,1,0,2,1,3,8,0,0,"Detchd",1,1,195,3,3,2,0,0,116,0,0,0,0,3,"NA",0,7,2008,"WD","Normal",126000,1,1,0,0,1,0,0
"060","RL",11339,"Pave","NA",3,"Lvl",4,"Inside",3,"NWAmes","PosA","Norm","1Fam","2Story",7,5,1979,1979,"Hip","WdShake","HdBoard","Plywood","BrkFace",549,3,3,"CBlock",4,3,1,5,1,780,"GasA",3,"Y",5,1930,1,0,2,1,4,1,4,8,1,3,"Attchd",3,2,481,3,3,3,192,72,0,0,0,0,0,0,"NA",0,3,2007,"WD","Normal",192000,1,1,1,0,0,0,1
"070","RL",5707,"Pave","NA",4,"Bnk",4,"Inside",3,"SWISU","Feedr","Norm","1Fam","2Story",6,6,1935,1950,"Gable","CompShg","Wd Sdng","Wd Sdng","None",0,3,3,"BrkTil",3,3,1,1,1,583,"GasA",4,"Y",2,1242,0,0,1,1,3,1,3,8,1,4,"Detchd",1,1,180,2,3,3,329,96,0,0,0,0,0,0,"NA",0,3,2009,"WD","Normal",105000,1,1,1,0,0,0,0
"020","RL",11765,"Pave","NA",3,"Lvl",4,"Corner",3,"NAmes","Norm","Norm","1Fam","1Story",5,5,1957,1957,"Gable","CompShg","Wd Sdng","Wd Sdng","Stone",302,3,3,"CBlock",3,3,2,3,1,1617,"GasA",2,"Y",5,1797,0,0,1,1,3,1,3,8,1,3,"Attchd",1,3,963,3,3,3,0,0,0,0,0,0,0,0,"NA",0,6,2006,"WD","Normal",169000,1,1,1,0,0,0,1
"060","RL",11075,"Pave","NA",3,"Lvl",4,"Inside",2,"Mitchel","Norm","Norm","1Fam","2Story",5,4,1969,1969,"Gable","CompShg","HdBoard","HdBoard","BrkFace",232,3,3,"CBlock",3,3,3,5,2,784,"GasA",5,"Y",5,1968,0,1,2,1,4,1,3,6,1,1,"Attchd",2,2,530,3,3,3,305,189,0,0,0,0,0,3,"Shed",400,9,2008,"WD","Normal",172000,1,1,1,0,1,0,1
"020","RL",10612,"Pave","NA",4,"Lvl",4,"Inside",3,"Somerst","Norm","Norm","1Fam","1Story",8,5,2006,2006,"Gable","CompShg","VinylSd","VinylSd","BrkFace",248,4,3,"PConc",4,3,2,6,1,1524,"GasA",4,"Y",5,1534,0,0,2,0,3,1,4,8,1,4,"Attchd",3,2,484,3,3,3,168,46,0,0,0,0,0,0,"NA",0,1,2007,"WD","Family",215000,1,1,1,0,0,0,1
"120","RL",12304,"Pave","NA",1,"Lvl",4,"Corner",3,"NridgHt","Norm","Norm","TwnhsE","1Story",7,5,2005,2005,"Gable","CompShg","VinylSd","VinylSd","Stone",144,4,3,"PConc",4,3,1,6,1,1367,"GasA",5,"Y",5,1367,0,0,2,0,2,1,4,8,1,4,"Attchd",2,2,484,3,3,3,0,33,0,0,0,0,0,0,"NA",0,6,2008,"WD","Normal",192000,1,1,1,0,0,0,1
"120","RL",6820,"Pave","NA",3,"Lvl",4,"Corner",3,"StoneBr","Norm","Norm","TwnhsE","1Story",8,5,1985,1985,"Gable","CompShg","HdBoard","HdBoard","None",0,4,3,"PConc",4,3,3,6,4,1488,"GasA",3,"Y",5,1502,1,0,1,1,1,1,4,8,0,0,"Attchd",2,2,528,3,3,3,0,54,0,0,140,0,0,0,"NA",0,6,2010,"WD","Normal",212000,1,1,0,0,0,0,0
"120","RL",3640,"Pave","NA",3,"Lvl",4,"CulDSac",3,"Greens","Norm","Norm","Twnhs","1Story",8,5,1980,1980,"Gable","CompShg","Wd Sdng","Wd Sdng","None",0,4,3,"CBlock",4,3,4,6,1,1036,"GasA",3,"Y",5,1036,1,0,1,0,1,1,4,8,1,3,"Detchd",3,2,484,3,3,3,133,108,0,0,0,0,0,0,"NA",0,9,2006,"WD","Normal",188000,1,1,1,0,0,0,0
"030","RL",19550,"Pave","NA",4,"Lvl",4,"Inside",3,"Edwards","Norm","Norm","1Fam","1Story",5,7,1940,2007,"Flat","Tar&Grv","PreCast","PreCast","None",0,3,3,"PConc",3,3,4,5,1,1580,"GasA",5,"Y",5,1518,1,0,1,0,2,1,2,8,2,4,"NA",0,0,0,0,0,3,0,39,0,0,0,0,0,0,"NA",0,1,2008,"WD","Normal",260000,1,0,1,0,0,0,0
"060","RL",9171,"Pave","NA",3,"Lvl",4,"Inside",3,"Gilbert","Norm","Norm","1Fam","2Story",7,5,2004,2005,"Gable","CompShg","VinylSd","VinylSd","None",0,4,3,"PConc",4,3,3,1,1,848,"GasA",5,"Y",5,1598,0,0,2,1,3,1,4,8,1,4,"Attchd",3,2,433,3,3,3,100,48,0,0,0,0,0,0,"NA",0,7,2006,"WD","Normal",201490,1,1,1,0,0,0,0
"020","RL",12680,"Pave","NA",3,"Lvl",4,"Inside",3,"NWAmes","Norm","Norm","1Fam","1Story",7,6,1988,1988,"Gable","CompShg","Plywood","Wd Sdng","BrkFace",102,4,3,"CBlock",4,4,2,6,1,1675,"GasA",5,"Y",5,1688,1,0,2,0,2,1,5,8,1,5,"Attchd",2,2,528,3,3,3,0,48,0,0,141,0,0,0,"NA",0,6,2008,"WD","Normal",226500,1,1,1,0,0,0,1
"020","RL",12030,"Pave","NA",4,"Lvl",4,"Inside",3,"NridgHt","Norm","Norm","1Fam","1Story",8,5,2007,2007,"Hip","CompShg","VinylSd","VinylSd","BrkFace",254,5,3,"PConc",5,3,1,1,1,1694,"GasA",5,"Y",5,1694,0,0,2,0,3,1,4,8,0,0,"Attchd",3,3,818,3,3,3,168,228,0,0,0,0,0,0,"NA",0,12,2007,"New","Partial",318000,1,1,0,0,0,0,1
"120","RH",8773,"Pave","NA",2,"Lvl",4,"FR2",3,"NAmes","Norm","Norm","TwnhsE","1Story",6,5,2002,2002,"Gable","CompShg","MetalSd","MetalSd","None",0,4,3,"PConc",4,3,1,6,1,1487,"GasA",5,"Y",5,1419,1,0,2,0,2,1,4,8,0,0,"Attchd",3,2,543,3,3,3,196,68,0,0,0,0,0,0,"NA",0,9,2006,"WD","Normal",190000,1,1,0,0,0,0,0
"060","RL",10762,"Pave","NA",3,"Lvl",4,"CulDSac",3,"Gilbert","Norm","Norm","1Fam","2Story",7,5,1999,1999,"Gable","CompShg","VinylSd","VinylSd","None",344,4,3,"PConc",4,3,1,6,1,978,"GasA",5,"Y",5,1983,0,0,2,1,3,1,4,8,1,3,"Attchd",3,2,490,3,3,3,0,0,0,0,0,0,0,0,"NA",0,5,2009,"WD","Normal",225000,1,1,1,0,0,0,0
"020","RL",11050,"Pave","NA",3,"Lvl",4,"Corner",3,"NWAmes","Norm","Norm","1Fam","1Story",7,5,1975,1975,"Gable","CompShg","Plywood","Plywood","None",0,3,3,"CBlock",3,3,1,5,1,1176,"GasA",2,"Y",5,1193,0,0,2,0,3,1,3,8,1,3,"Attchd",1,2,506,3,3,3,40,0,0,0,0,0,0,0,"NA",0,8,2009,"WD","Normal",158000,1,1,1,0,0,0,0
"160","RM",1680,"Pave","NA",4,"Lvl",4,"Inside",3,"BrDale","Norm","Norm","Twnhs","2Story",5,7,1972,1972,"Gable","CompShg","CemntBd","CmentBd","BrkFace",268,3,3,"CBlock",3,3,1,5,1,630,"GasA",3,"Y",5,1302,0,0,2,1,3,1,3,8,0,0,"Detchd",1,1,264,3,3,3,185,0,0,0,0,0,0,0,"NA",0,2,2009,"WD","Normal",119500,1,1,0,0,0,0,1
"020","RL",15300,"Pave","NA",4,"Bnk",4,"Inside",3,"Mitchel","Norm","Norm","1Fam","1Story",5,5,1965,1977,"Hip","CompShg","Plywood","HdBoard","None",0,3,3,"CBlock",3,3,1,3,1,1068,"GasA",3,"Y",5,1264,1,0,1,0,2,1,3,8,1,3,"Attchd",1,2,528,3,3,3,0,0,0,0,0,0,0,0,"NA",0,6,2010,"WD","Normal",169000,1,1,1,0,0,0,0
"050","RM",7000,"Pave","NA",4,"Lvl",4,"Inside",3,"IDOTRR","Norm","Norm","1Fam","1.5Fin",6,7,1926,1950,"Hip","CompShg","MetalSd","MetalSd","None",0,3,3,"PConc",3,3,1,5,1,861,"GasA",5,"Y",5,1285,0,1,1,0,3,1,3,8,0,0,"Detchd",3,2,506,3,3,3,96,0,132,0,0,0,0,3,"NA",0,5,2006,"WD","Normal",145400,1,1,0,0,1,0,0
"020","RL",13286,"Pave","NA",3,"Lvl",4,"Inside",3,"Edwards","Norm","Norm","1Fam","1Story",9,5,2007,2008,"Hip","CompShg","CemntBd","CmentBd","Stone",340,5,3,"PConc",5,3,1,6,1,1698,"GasA",5,"Y",5,1698,1,0,2,0,3,1,5,8,1,4,"Attchd",3,3,768,3,3,3,327,64,0,0,0,0,0,0,"NA",0,2,2009,"WD","Normal",320000,1,1,1,0,0,0,1
"060","RL",9272,"Pave","NA",3,"Lvl",4,"Inside",3,"CollgCr","Norm","Norm","1Fam","2Story",7,5,1999,1999,"Gable","CompShg","VinylSd","VinylSd","None",0,4,3,"PConc",4,3,1,6,1,842,"GasA",5,"Y",5,1749,0,0,2,1,3,1,4,8,0,0,"Attchd",2,2,515,3,3,3,140,85,0,0,0,0,0,0,"NA",0,6,2006,"WD","Normal",196000,1,1,0,0,0,0,0
"120","RL",7175,"Pave","NA",4,"Lvl",4,"Inside",3,"SawyerW","Norm","Norm","TwnhsE","1Story",6,5,1991,1991,"Gable","CompShg","Plywood","Plywood","None",0,4,3,"PConc",4,3,1,6,1,1217,"GasA",4,"Y",5,1217,0,0,2,0,2,1,4,8,0,0,"Attchd",2,2,484,3,3,3,0,64,0,0,0,0,0,0,"NA",0,6,2006,"WD","Normal",151000,1,1,0,0,0,0,0
"020","RL",13125,"Pave","NA",4,"Lvl",4,"Corner",3,"Sawyer","Norm","Norm","1Fam","1Story",5,4,1957,2000,"Gable","CompShg","Wd Sdng","Wd Sdng","BrkCmn",67,3,3,"CBlock",3,3,1,3,4,1134,"GasA",5,"Y",5,1803,1,0,2,0,3,1,3,4,1,3,"Attchd",2,2,484,3,3,3,0,0,0,0,0,0,0,4,"NA",0,1,2006,"WD","Normal",155000,1,1,1,0,1,0,1
"020","RL",15256,"Pave","NA",3,"Lvl",4,"CulDSac",3,"Somerst","RRAn","Norm","1Fam","1Story",8,5,2007,2007,"Gable","CompShg","VinylSd","VinylSd","Stone",84,4,3,"PConc",4,3,4,6,1,1485,"GasA",5,"Y",5,1464,1,0,2,0,3,1,4,8,0,0,"Attchd",1,3,754,3,3,3,168,160,0,0,0,0,0,0,"NA",0,8,2007,"WD","Normal",282922,1,1,0,0,0,0,1
"020","RL",10481,"Pave","NA",3,"Lvl",4,"Inside",3,"CollgCr","Norm","Norm","1Fam","1Story",8,5,2006,2007,"Hip","CompShg","CemntBd","CmentBd","None",0,4,3,"PConc",4,3,3,1,1,2140,"GasA",5,"Y",5,2140,0,0,2,1,3,1,4,8,0,0,"Attchd",3,3,894,3,3,3,136,32,0,0,0,0,0,0,"NA",0,6,2007,"New","Partial",360000,1,1,0,0,0,0,0
"020","RL",15635,"Pave","NA",3,"Lvl",4,"CulDSac",3,"Edwards","Norm","Norm","1Fam","1Story",4,5,1954,1954,"Gable","CompShg","VinylSd","VinylSd","None",0,3,3,"CBlock",0,0,0,0,0,0,"GasA",3,"Y",5,1383,0,0,1,0,2,1,3,5,0,0,"Attchd",1,2,498,2,3,3,0,0,90,0,110,0,0,0,"NA",0,10,2009,"WD","Normal",122000,0,1,0,0,0,0,0
"080","RL",10147,"Pave","NA",3,"Lvl",4,"CulDSac",3,"Gilbert","Norm","Norm","1Fam","SLvl",6,5,1994,1994,"Gable","CompShg","HdBoard","HdBoard","BrkFace",32,3,3,"PConc",4,3,1,2,1,392,"GasA",4,"Y",5,1694,0,0,2,1,3,1,3,8,1,3,"BuiltIn",3,2,398,3,3,3,256,64,0,0,0,0,0,3,"NA",0,3,2007,"WD","Normal",160000,1,1,1,0,1,0,1
"020","RL",10264,"Pave","NA",3,"Lvl",4,"Inside",3,"CollgCr","Norm","Norm","1Fam","1Story",7,5,1999,1999,"Gable","CompShg","VinylSd","VinylSd","BrkFace",183,4,3,"PConc",4,3,3,5,1,1588,"GasA",5,"Y",5,1588,0,0,2,0,3,1,4,8,0,0,"Attchd",2,2,472,3,3,3,158,29,0,0,0,0,0,0,"NA",0,8,2006,"WD","Normal",214000,1,1,0,0,0,0,1
"090","RL",8078,"Pave","NA",4,"Lvl",4,"Inside",3,"NAmes","Norm","Norm","Duplex","1Story",5,5,1958,1958,"Hip","CompShg","Wd Sdng","Wd Sdng","Stone",260,3,3,"CBlock",3,3,1,1,1,1560,"GasA",3,"Y",5,1560,0,0,2,0,4,2,3,8,0,0,"Detchd",1,2,484,3,3,3,0,0,0,0,0,0,0,0,"NA",0,12,2007,"WD","Normal",128600,1,1,0,0,0,0,1
"085","RL",9927,"Pave","NA",3,"Lvl",4,"Inside",3,"NWAmes","Norm","Norm","1Fam","SFoyer",7,5,1976,1976,"Gable","CompShg","VinylSd","Wd Shng","Stone",252,4,3,"CBlock",5,3,4,6,1,1047,"GasA",3,"Y",5,1083,1,0,1,0,2,1,3,8,1,2,"Attchd",2,2,596,3,3,3,444,0,40,0,0,0,0,0,"NA",0,7,2006,"WD","Normal",172000,1,1,1,0,0,0,1
"020","RL",10237,"Pave","NA",4,"Lvl",4,"Inside",3,"Gilbert","RRAn","Norm","1Fam","1Story",6,5,2005,2006,"Gable","CompShg","VinylSd","VinylSd","None",0,4,3,"PConc",4,3,1,6,1,1316,"GasA",5,"Y",5,1316,0,0,2,0,3,1,4,8,1,4,"Attchd",3,2,397,3,3,3,100,0,0,23,0,0,0,0,"NA",0,10,2006,"New","Partial",169990,1,1,1,0,0,0,0
"180","RM",1974,"Pave","NA",4,"Lvl",4,"Inside",3,"MeadowV","Norm","Norm","Twnhs","SFoyer",4,7,1973,2006,"Gable","CompShg","CemntBd","CmentBd","None",0,3,4,"CBlock",4,3,3,6,1,526,"GasA",4,"Y",5,988,1,0,1,0,2,1,3,8,0,0,"BuiltIn",2,1,297,3,3,3,120,101,0,0,0,0,0,0,"NA",0,6,2008,"WD","Normal",105000,1,1,0,0,0,0,0
"020","RL",7480,"Pave","NA",4,"Lvl",4,"Inside",3,"CollgCr","Norm","Norm","1Fam","1Story",5,6,1972,1972,"Gable","CompShg","Wd Sdng","Wd Sdng","None",0,3,3,"CBlock",3,3,3,5,1,876,"GasA",3,"Y",5,876,1,0,1,0,3,1,3,8,0,0,"Detchd",1,2,484,3,3,3,0,0,0,0,0,0,0,3,"NA",0,6,2010,"WD","Normal",127000,1,1,0,0,1,0,0
"060","RL",9500,"Pave","NA",4,"Lvl",4,"Corner",3,"NAmes","Artery","Norm","1Fam","2Story",6,6,1964,1978,"Gable","CompShg","VinylSd","VinylSd","BrkCmn",272,3,3,"CBlock",3,3,1,3,1,816,"GasA",3,"Y",5,1977,0,1,1,1,4,1,3,8,1,3,"Attchd",2,2,540,3,3,3,0,52,0,0,0,0,0,4,"NA",0,6,2007,"WD","Normal",165000,1,1,1,0,1,0,1
"030","RM",7404,"Pave","NA",4,"Lvl",4,"Corner",3,"OldTown","Norm","Norm","1Fam","1Story",4,6,1920,1950,"Gable","CompShg","MetalSd","MetalSd","None",0,3,3,"BrkTil",2,3,1,1,1,861,"GasA",3,"Y",5,861,0,0,1,0,2,1,3,8,0,0,"Detchd",1,2,288,3,3,1,0,0,128,0,0,0,0,0,"NA",0,11,2009,"Oth","Normal",80000,1,1,0,0,0,0,0
"050","RL",6000,"Pave","NA",4,"Lvl",4,"Inside",3,"SWISU","Norm","Norm","1Fam","1.5Fin",5,5,1926,1950,"Gable","CompShg","Wd Sdng","Wd Sdng","None",0,3,2,"BrkTil",3,3,1,1,1,1008,"GasA",5,"Y",5,1522,0,0,2,0,4,1,3,8,0,0,"NA",0,0,0,0,0,2,0,0,138,0,0,0,0,0,"NA",0,6,2006,"WD","Normal",102000,1,0,0,0,0,0,0
"060","RL",9233,"Pave","NA",3,"Lvl",4,"Inside",3,"NoRidge","Norm","Norm","1Fam","2Story",9,5,2000,2000,"Gable","CompShg","VinylSd","VinylSd","BrkFace",877,4,3,"PConc",5,3,3,6,1,1540,"GasA",5,"Y",5,2855,1,0,2,1,4,1,5,8,1,3,"Attchd",2,3,774,3,3,3,247,55,0,0,0,0,0,0,"NA",0,3,2006,"WD","Normal",405000,1,1,1,0,0,0,1
"120","RM",4435,"Pave","NA",4,"Lvl",4,"Inside",3,"CollgCr","Norm","Norm","TwnhsE","1Story",6,5,2003,2003,"Gable","CompShg","VinylSd","VinylSd","BrkFace",170,4,3,"PConc",4,3,3,6,1,848,"GasA",5,"Y",5,848,1,0,1,0,1,1,4,8,0,0,"Attchd",3,2,420,3,3,3,140,0,0,0,0,0,0,0,"NA",0,4,2010,"WD","Normal",143750,1,1,0,0,0,0,1
"060","RL",11308,"Pave","NA",3,"Lvl",4,"Inside",3,"NridgHt","Norm","Norm","1Fam","2Story",9,5,2008,2008,"Gable","CompShg","VinylSd","VinylSd","Stone",154,5,3,"PConc",5,3,3,6,1,1104,"GasA",5,"Y",5,2184,1,0,2,1,3,1,5,8,1,4,"Attchd",3,3,836,3,3,3,0,102,0,0,0,0,0,0,"NA",0,7,2009,"WD","Normal",335000,1,1,1,0,0,0,1
"020","RL",20896,"Pave","NA",2,"Lvl",4,"CulDSac",3,"Somerst","RRAn","Norm","1Fam","1Story",8,5,2005,2006,"Gable","CompShg","VinylSd","VinylSd","None",0,4,3,"PConc",5,3,2,6,1,2077,"GasA",5,"Y",5,2097,1,0,1,1,1,1,5,8,1,5,"Attchd",3,3,1134,3,3,3,192,267,0,0,0,0,0,0,"NA",0,1,2006,"New","Partial",423000,1,1,1,0,0,0,0
"060","RL",10475,"Pave","NA",4,"Lvl",4,"Inside",3,"Mitchel","Norm","Norm","1Fam","2Story",5,5,1991,1991,"Gable","CompShg","HdBoard","HdBoard","None",0,3,3,"PConc",4,3,1,3,1,624,"GasA",4,"Y",5,1274,0,0,1,1,3,1,3,8,0,0,"Detchd",1,2,576,3,3,3,22,0,0,0,0,0,0,2,"NA",0,3,2010,"WD","Normal",136000,1,1,0,0,1,0,0
"090","RL",9297,"Pave","NA",4,"Lvl",4,"Inside",3,"Mitchel","Norm","Norm","Duplex","1Story",5,5,1976,1976,"Gable","CompShg","Plywood","Plywood","None",0,3,3,"CBlock",3,3,1,5,1,1728,"GasA",3,"Y",5,1728,2,0,2,0,4,2,3,8,0,0,"Detchd",1,2,560,3,3,3,0,0,0,0,0,0,0,0,"NA",0,7,2006,"WD","Family",188000,1,1,0,0,0,0,0
"190","RL",41600,"Pave","NA",3,"Lvl",4,"FR2",3,"Gilbert","Norm","Norm","2fmCon","1Story",5,5,1969,1990,"Gable","CompShg","HdBoard","HdBoard","None",0,3,3,"CBlock",4,3,4,5,1,1100,"GasW",3,"Y",5,1424,1,0,1,1,3,1,3,5,0,0,"2Types",1,3,828,3,3,1,144,0,0,0,0,0,0,0,"NA",0,11,2007,"WD","Normal",155000,1,1,0,0,0,0,0
"060","RL",10984,"Pave","NA",3,"Lvl",4,"Corner",3,"CollgCr","Norm","Norm","1Fam","2Story",7,5,2005,2006,"Gable","CompShg","VinylSd","VinylSd","None",0,4,3,"PConc",4,3,4,1,1,945,"GasA",5,"Y",5,1809,0,0,2,1,3,1,4,8,0,0,"Attchd",2,2,638,3,3,3,144,54,0,0,0,0,0,0,"NA",0,5,2006,"New","Partial",209700,1,1,0,0,0,0,0
"060","RL",11762,"Pave","NA",4,"Lvl",4,"Inside",3,"NoRidge","Norm","Norm","1Fam","2Story",8,5,1992,1993,"Gable","CompShg","VinylSd","VinylSd","BrkFace",309,4,3,"PConc",5,3,1,6,1,1105,"GasA",5,"Y",5,2202,1,0,2,1,4,1,4,8,1,3,"Attchd",2,2,517,3,3,3,0,65,0,0,144,0,0,0,"NA",0,9,2007,"WD","Normal",263000,1,1,1,0,0,0,1
"190","RM",6780,"Pave","NA",4,"Lvl",4,"Inside",3,"IDOTRR","Norm","Norm","2fmCon","1.5Fin",6,8,1935,1982,"Gable","CompShg","Wd Sdng","Wd Sdng","None",0,3,2,"CBlock",3,3,3,6,1,520,"GasA",4,"N",5,754,1,0,1,0,2,1,3,8,0,0,"NA",0,0,0,0,0,1,53,0,0,0,0,0,0,0,"NA",0,6,2006,"WD","Normal",84500,1,0,0,0,0,0,0
"080","RL",9620,"Pave","NA",4,"Lvl",4,"Inside",3,"Mitchel","Norm","Norm","1Fam","SLvl",6,7,1977,1977,"Gable","CompShg","Plywood","Plywood","None",0,3,3,"CBlock",3,3,1,5,1,1243,"GasA",3,"Y",5,1285,0,1,2,0,3,1,4,8,1,2,"Attchd",1,2,473,3,3,3,375,26,0,0,0,0,0,4,"Shed",80,5,2010,"WD","Normal",190000,1,1,1,0,1,0,0
"020","RL",9178,"Pave","NA",4,"Lvl",4,"Inside",3,"CollgCr","Norm","Norm","1Fam","1Story",8,5,2007,2007,"Gable","CompShg","VinylSd","VinylSd","Stone",306,4,3,"PConc",4,3,3,1,1,1643,"GasA",5,"Y",5,1651,0,0,2,0,3,1,4,8,1,4,"Attchd",3,3,870,3,3,3,204,64,0,0,0,0,0,0,"NA",0,9,2007,"New","Partial",250000,1,1,1,0,0,0,1
"020","RL",10044,"Pave","NA",3,"Low",4,"CulDSac",3,"Edwards","Norm","Norm","1Fam","1Story",5,6,1968,1968,"Gable","CompShg","MetalSd","MetalSd","None",0,3,3,"CBlock",4,3,4,5,1,1196,"GasA",3,"Y",5,1196,1,0,1,0,3,1,3,8,0,0,"Attchd",2,1,336,3,3,3,257,0,168,0,0,0,0,3,"NA",0,6,2010,"WD","Normal",144000,1,1,0,0,1,0,0
"020","RL",7915,"Pave","NA",3,"Lvl",4,"Inside",3,"Timber","Norm","Norm","1Fam","1Story",6,5,1999,2000,"Hip","CompShg","VinylSd","VinylSd","None",0,4,3,"PConc",5,3,2,6,1,1666,"GasA",5,"Y",5,1675,1,0,2,0,3,1,4,8,0,0,"Attchd",2,2,435,3,3,3,165,52,0,0,0,0,0,0,"NA",0,12,2008,"WD","Normal",195000,1,1,0,0,0,0,0
"120","RL",9549,"Pave","NA",3,"Lvl",4,"CulDSac",3,"Veenker","Norm","Norm","TwnhsE","1Story",8,5,1995,1996,"Hip","CompShg","BrkFace","BrkFace","None",0,4,4,"PConc",4,4,3,2,6,1494,"GasA",5,"Y",5,1494,1,0,1,1,2,1,5,8,1,4,"Attchd",3,2,481,3,3,3,0,30,0,0,216,0,0,0,"NA",0,4,2006,"WD","Normal",270000,1,1,1,0,0,0,0
"020","RL",7763,"Pave","NA",4,"Lvl",4,"Inside",3,"NAmes","Norm","Norm","1Fam","1Story",5,7,1962,1980,"Gable","CompShg","MetalSd","MetalSd","None",0,3,4,"CBlock",3,3,1,3,4,931,"GasA",3,"Y",5,1283,1,0,1,0,3,1,3,8,0,0,"Detchd",1,2,506,3,3,3,0,0,0,0,0,0,0,0,"NA",0,10,2008,"WD","Normal",140000,1,1,0,0,0,0,0
"020","RL",13008,"Pave","NA",3,"Lvl",4,"Inside",3,"NAmes","Norm","Norm","1Fam","1Story",6,5,1956,1956,"Gable","CompShg","MetalSd","MetalSd","None",0,3,3,"CBlock",2,2,1,3,1,882,"GasA",3,"Y",5,882,0,0,1,0,2,1,3,8,0,0,"Attchd",1,1,502,3,3,3,0,0,0,0,0,0,0,0,"NA",0,10,2009,"WD","Normal",124500,1,1,0,0,0,0,0
"030","RL",9098,"Pave","NA",3,"Lvl",4,"Inside",3,"Edwards","Norm","Norm","1Fam","1Story",4,7,1920,2002,"Gable","CompShg","Wd Sdng","Wd Sdng","None",0,3,3,"BrkTil",3,3,2,5,1,528,"GasA",5,"Y",5,605,1,0,1,0,2,1,3,8,0,0,"NA",0,0,0,0,0,1,0,0,144,0,0,0,0,0,"NA",0,7,2007,"WD","Normal",86000,1,0,0,0,0,0,0
"060","RL",7750,"Pave","NA",4,"Lvl",4,"Inside",3,"Gilbert","RRAn","Norm","1Fam","2Story",7,5,2003,2003,"Gable","CompShg","VinylSd","VinylSd","None",0,4,3,"PConc",4,3,1,1,1,660,"GasA",5,"Y",5,1320,0,0,2,1,3,1,4,8,0,0,"Attchd",3,2,400,3,3,3,0,48,0,0,0,0,0,0,"NA",0,8,2007,"WD","Normal",162000,1,1,0,0,0,0,0
"020","RL",11000,"Pave","NA",2,"Lvl",4,"Corner",3,"Mitchel","Norm","Norm","1Fam","1Story",5,6,1976,2003,"Gable","CompShg","Plywood","Plywood","None",0,3,3,"PConc",4,3,1,2,1,1090,"GasA",3,"Y",5,1178,1,0,1,1,3,1,3,8,0,0,"Attchd",1,2,502,3,3,3,0,44,0,0,88,0,0,3,"NA",0,6,2007,"WD","Normal",135000,1,1,0,0,1,0,0
"080","RL",19690,"Pave","NA",3,"Lvl",4,"CulDSac",3,"Edwards","Norm","Norm","1Fam","SLvl",6,7,1966,1966,"Flat","Tar&Grv","Plywood","Plywood","None",0,4,4,"CBlock",4,3,3,1,1,697,"GasA",3,"Y",5,2201,0,0,2,0,4,1,4,8,1,4,"Attchd",1,2,432,4,4,3,586,236,0,0,0,738,4,4,"NA",0,8,2006,"WD","Alloca",274970,1,1,1,1,1,0,0
"050","RM",6876,"Pave","NA",4,"Bnk",4,"Inside",3,"IDOTRR","Norm","Norm","1Fam","1.5Fin",6,6,1938,1958,"Gable","CompShg","Wd Sdng","Wd Sdng","None",0,3,3,"BrkTil",3,3,1,1,1,1272,"GasA",3,"Y",5,1969,0,0,2,0,4,1,3,7,1,4,"Detchd",1,2,400,3,3,3,0,34,0,0,0,0,0,0,"NA",0,11,2008,"COD","Normal",141000,1,1,1,0,0,0,0
"030","RM",6120,"Pave","NA",4,"Lvl",4,"Inside",3,"BrkSide","Norm","Norm","1Fam","1Story",2,3,1936,1950,"Gable","CompShg","AsbShng","AsbShng","None",0,2,2,"BrkTil",3,2,1,1,1,264,"Grav",2,"N",3,800,0,0,1,0,1,1,2,4,1,1,"NA",0,0,0,0,0,1,0,0,0,0,0,0,0,0,"NA",0,1,2009,"ConLw","Normal",60000,1,0,1,0,0,0,0
"060","RL",11949,"Pave","NA",4,"Lvl",4,"Inside",3,"NoRidge","Norm","Norm","1Fam","2Story",7,8,1991,2008,"Gable","CompShg","VinylSd","VinylSd","BrkFace",196,4,4,"PConc",4,3,1,6,5,975,"GasA",5,"Y",5,1755,0,1,2,1,3,1,4,8,1,3,"Attchd",1,2,524,3,3,3,502,60,0,0,0,0,0,4,"NA",0,7,2009,"WD","Normal",235000,1,1,1,0,1,0,1
"080","RL",12800,"Pave","NA",4,"Low",4,"Inside",2,"SawyerW","Norm","Norm","1Fam","SLvl",7,5,1989,1989,"Gable","CompShg","Wd Sdng","Wd Sdng","BrkFace",145,4,3,"PConc",4,3,4,6,1,1518,"GasA",4,"Y",5,1644,1,1,2,0,2,1,4,8,1,3,"Attchd",3,2,569,3,3,3,80,0,0,0,396,0,0,0,"NA",0,8,2009,"WD","Normal",275000,1,1,1,0,0,0,1
"060","RL",9548,"Pave","NA",3,"Lvl",4,"CulDSac",3,"CollgCr","Norm","Norm","1Fam","2Story",7,6,2003,2003,"Gable","CompShg","VinylSd","VinylSd","BrkFace",223,4,3,"PConc",4,3,1,6,1,941,"GasA",5,"Y",5,1829,1,0,2,1,3,1,4,8,1,3,"Attchd",2,2,613,3,3,3,192,39,0,0,0,0,0,0,"NA",0,1,2010,"WD","Normal",237000,1,1,1,0,0,0,1
"090","RL",7976,"Pave","NA",4,"Lvl",4,"Inside",3,"SawyerW","Feedr","Norm","Duplex","2Story",7,5,2000,2000,"Hip","CompShg","VinylSd","VinylSd","BrkFace",23,3,3,"PConc",5,3,1,6,1,1168,"GasA",5,"Y",5,2787,2,0,4,2,6,2,3,8,2,3,"BuiltIn",3,4,820,3,3,3,312,0,0,0,0,0,0,0,"NA",0,10,2009,"WD","Normal",269500,1,1,1,0,0,0,1
"020","RL",9600,"Pave","NA",4,"Lvl",4,"Inside",3,"NAmes","Norm","Norm","1Fam","1Story",5,8,1950,2006,"Gable","CompShg","HdBoard","HdBoard","None",0,3,4,"CBlock",3,3,1,4,3,572,"GasA",4,"Y",5,1337,1,0,1,0,3,1,4,8,1,4,"Attchd",2,1,264,3,3,3,0,192,0,0,0,0,0,0,"NA",0,9,2008,"WD","Normal",141500,1,1,1,0,0,0,0
"060","RL",8125,"Pave","NA",4,"Lvl",4,"Inside",3,"Gilbert","Norm","Norm","1Fam","2Story",6,5,1994,1995,"Gable","CompShg","HdBoard","HdBoard","None",0,3,3,"PConc",4,3,1,1,1,702,"GasA",4,"Y",5,1481,0,0,2,1,3,1,3,8,1,3,"Attchd",3,2,343,3,3,3,0,36,0,0,0,0,0,0,"NA",0,3,2009,"WD","Normal",174000,1,1,1,0,0,0,0
"020","RL",9541,"Pave","NA",3,"Lvl",4,"Inside",3,"NridgHt","Norm","Norm","1Fam","1Story",7,5,2009,2009,"Gable","CompShg","VinylSd","VinylSd","Stone",268,4,3,"PConc",4,3,1,1,1,1502,"GasA",5,"Y",5,1502,0,0,2,0,3,1,4,8,0,0,"Attchd",2,2,644,3,3,3,0,114,0,0,0,0,0,0,"NA",0,9,2009,"New","Partial",233170,1,1,0,0,0,0,1
"020","RL",8120,"Pave","NA",4,"Lvl",4,"Inside",3,"NAmes","Norm","Norm","1Fam","1Story",4,7,1970,1970,"Gable","CompShg","MetalSd","MetalSd","None",0,3,4,"CBlock",3,3,1,5,1,864,"GasA",5,"Y",5,864,0,0,1,0,3,1,3,8,0,0,"Detchd",1,2,463,3,3,3,0,0,0,0,0,0,0,0,"NA",0,7,2009,"WD","Normal",124500,1,1,0,0,0,0,0
"160","RM",1680,"Pave","NA",4,"Lvl",4,"Inside",3,"BrDale","Norm","Norm","Twnhs","2Story",6,5,1973,1973,"Gable","CompShg","HdBoard","HdBoard","BrkFace",158,3,3,"CBlock",3,3,1,4,1,483,"GasA",3,"Y",5,987,1,0,1,1,2,1,3,8,0,0,"Detchd",1,1,264,3,3,3,0,0,0,0,0,0,0,0,"NA",0,11,2008,"WD","Normal",1e+05,1,1,0,0,0,0,1
"120","FV",4274,"Pave","Pave",3,"Lvl",4,"Inside",3,"Somerst","Norm","Norm","TwnhsE","1Story",7,5,2006,2007,"Gable","CompShg","VinylSd","VinylSd","None",0,4,3,"PConc",4,3,1,6,1,1241,"GasA",5,"Y",5,1241,1,0,1,1,1,1,4,8,0,0,"Attchd",3,2,569,3,3,3,0,116,0,0,0,0,0,0,"NA",0,11,2007,"New","Partial",199900,1,1,0,0,0,1,0
"020","RL",11050,"Pave","NA",4,"Lvl",4,"Inside",3,"NWAmes","Norm","Norm","1Fam","1Story",6,5,1968,1968,"Gable","CompShg","HdBoard","HdBoard","None",0,3,3,"CBlock",3,3,1,3,1,1740,"GasA",2,"Y",5,1740,0,0,1,1,4,1,3,8,1,3,"Attchd",2,2,512,3,3,3,25,0,0,0,192,0,0,2,"NA",0,10,2008,"WD","Family",150000,1,1,1,0,1,0,0
"060","RL",9636,"Pave","NA",3,"Lvl",4,"Corner",3,"Gilbert","Norm","Norm","1Fam","2Story",6,5,1992,1993,"Gable","CompShg","VinylSd","VinylSd","None",0,3,3,"PConc",4,3,1,1,1,808,"GasA",4,"Y",5,1593,0,0,2,1,3,1,3,8,1,3,"BuiltIn",2,2,389,3,3,3,342,40,0,0,0,0,0,3,"NA",0,12,2009,"WD","Normal",178000,1,1,1,0,1,0,0
"080","RL",11679,"Pave","NA",3,"Lvl",4,"Inside",3,"Edwards","Norm","Norm","1Fam","SLvl",5,5,1962,1962,"Gable","CompShg","Plywood","Plywood","Stone",96,3,3,"CBlock",3,3,4,5,3,1776,"GasA",5,"Y",5,1560,0,1,2,0,3,1,3,6,1,2,"Attchd",3,2,528,3,3,3,453,253,144,0,0,0,0,3,"NA",0,5,2006,"WD","Normal",182000,1,1,1,0,1,0,1
"020","RL",11675,"Pave","NA",3,"Lvl",4,"Inside",3,"NoRidge","Norm","Norm","1Fam","1Story",8,5,1998,1998,"Gable","CompShg","VinylSd","VinylSd","BrkFace",495,4,3,"PConc",4,3,3,6,1,1982,"GasA",5,"Y",5,2006,1,0,2,0,2,1,4,8,1,3,"Attchd",3,3,938,3,3,3,144,33,0,0,0,0,0,0,"NA",0,7,2008,"WD","Normal",350000,1,1,1,0,0,0,1
"050","RM",12358,"Pave","NA",3,"Lvl",4,"Inside",3,"OldTown","Feedr","Norm","1Fam","1.5Fin",5,6,1941,1950,"Gable","CompShg","MetalSd","MetalSd","None",0,3,3,"CBlock",3,3,1,3,1,720,"GasA",3,"Y",5,1382,0,0,1,1,2,1,3,8,0,0,"Detchd",1,2,660,3,3,3,237,0,0,0,0,0,0,0,"NA",0,5,2007,"WD","Normal",128500,1,1,0,0,0,0,0
"080","RL",7848,"Pave","NA",3,"Lvl",4,"Inside",3,"Gilbert","Norm","Norm","1Fam","SLvl",7,6,1999,1999,"Gable","CompShg","VinylSd","VinylSd","None",0,3,3,"PConc",3,3,1,1,1,384,"GasA",5,"Y",5,1430,0,0,2,1,3,1,3,8,1,3,"BuiltIn",3,2,410,3,3,3,0,0,0,0,0,0,0,0,"NA",0,6,2009,"WD","Normal",168000,1,1,1,0,0,0,0
"020","RL",12216,"Pave","NA",3,"Lvl",4,"Corner",3,"Gilbert","Norm","Norm","1Fam","1Story",6,5,2005,2005,"Gable","CompShg","VinylSd","VinylSd","None",0,3,3,"PConc",4,3,3,6,1,1326,"GasA",5,"Y",5,1326,1,0,2,0,3,1,4,8,0,0,"Attchd",3,2,388,3,3,3,120,23,0,0,0,0,0,0,"Shed",2000,6,2007,"WD","Normal",203000,1,1,0,0,0,0,0
"060","RL",13774,"Pave","NA",3,"Lvl",4,"Inside",3,"NWAmes","Norm","Norm","1Fam","2Story",7,7,1977,1992,"Hip","CompShg","HdBoard","HdBoard","BrkFace",283,3,4,"PConc",4,3,1,6,1,908,"GasA",5,"Y",5,2288,0,0,1,2,4,1,4,8,2,3,"Attchd",2,2,520,3,3,3,321,72,0,0,156,0,0,0,"NA",0,11,2009,"WD","Normal",230000,1,1,1,0,0,0,1
"020","RL",8250,"Pave","NA",4,"Lvl",4,"Inside",3,"Sawyer","Feedr","Norm","1Fam","1Story",5,5,1968,1968,"Hip","CompShg","HdBoard","HdBoard","None",0,3,3,"CBlock",3,3,1,4,2,952,"GasA",5,"Y",5,1211,0,0,1,0,3,1,3,8,1,3,"Attchd",1,1,322,3,3,3,0,63,0,0,0,0,0,0,"NA",0,8,2008,"WD","Normal",134000,1,1,1,0,0,0,0
"020","RL",10402,"Pave","NA",3,"Lvl",4,"Corner",3,"CollgCr","Norm","Norm","1Fam","1Story",7,5,2009,2009,"Gable","CompShg","VinylSd","VinylSd","None",0,3,3,"PConc",4,3,1,1,1,1226,"GasA",5,"Y",5,1226,0,0,2,0,3,1,4,8,0,0,"Attchd",2,3,740,3,3,3,0,36,0,0,0,0,0,0,"NA",0,5,2010,"WD","Normal",198900,1,1,0,0,0,0,0
"060","RL",7200,"Pave","NA",4,"Lvl",4,"Inside",3,"Edwards","Norm","Norm","1Fam","2Story",6,7,1976,2001,"Hip","CompShg","Plywood","Plywood","None",0,3,3,"CBlock",3,3,3,5,1,684,"GasA",3,"Y",5,1398,0,0,1,1,3,1,3,8,1,3,"Attchd",3,2,440,3,3,3,0,0,0,0,0,0,0,3,"NA",0,2,2008,"WD","Normal",160500,1,1,1,0,1,0,0
"085","RL",10205,"Pave","NA",3,"Lvl",4,"Inside",3,"NAmes","Norm","Norm","1Fam","SFoyer",5,5,1962,1962,"Gable","CompShg","MetalSd","MetalSd","None",0,3,3,"CBlock",3,3,3,4,1,925,"GasA",3,"Y",5,999,1,0,1,0,3,1,3,8,0,0,"Attchd",1,1,300,3,3,3,150,72,0,0,0,0,0,0,"NA",0,5,2006,"WD","Normal",134500,1,1,0,0,0,0,0
"060","RL",11692,"Pave","NA",3,"Lvl",4,"Inside",3,"NoRidge","Norm","Norm","1Fam","2Story",8,5,1993,1994,"Gable","CompShg","HdBoard","HdBoard","BrkFace",372,4,3,"PConc",4,3,1,6,1,1173,"GasA",5,"Y",5,2232,1,0,2,1,3,1,4,8,1,3,"Attchd",2,2,623,3,3,3,173,165,0,0,0,0,0,0,"NA",0,10,2009,"WD","Normal",263550,1,1,1,0,0,0,1
"020","RL",11563,"Pave","NA",3,"HLS",4,"Inside",3,"Timber","Norm","Norm","1Fam","1Story",8,5,2006,2007,"Hip","CompShg","VinylSd","VinylSd","Stone",258,4,3,"PConc",5,3,4,6,1,1518,"GasA",5,"Y",5,1537,1,0,2,0,3,1,4,8,0,0,"Attchd",3,3,788,3,3,3,0,26,0,0,0,0,0,0,"NA",0,4,2008,"WD","Normal",294000,1,1,0,0,0,0,1
"020","RL",13600,"Pave","NA",4,"Bnk",4,"Inside",3,"NAmes","Norm","Norm","1Fam","1Story",5,6,1955,1955,"Gable","CompShg","HdBoard","HdBoard","None",0,3,3,"CBlock",3,3,1,3,4,1056,"GasA",4,"Y",5,1056,1,0,1,1,3,1,3,8,0,0,"Attchd",3,1,300,3,3,3,0,0,0,0,0,0,0,3,"Shed",650,11,2006,"WD","Normal",125000,1,1,0,0,1,0,0
"060","RL",21872,"Pave","NA",2,"HLS",4,"FR2",3,"Gilbert","Norm","Norm","1Fam","2Story",7,5,1996,1997,"Gable","CompShg","HdBoard","HdBoard","None",0,3,3,"PConc",4,3,4,6,1,729,"GasA",5,"Y",5,1446,0,1,2,1,3,1,3,8,1,3,"Attchd",1,2,406,3,3,3,264,22,0,0,0,0,0,0,"NA",0,8,2008,"WD","Normal",175000,1,1,1,0,0,0,0
"050","RL",12508,"Pave","NA",3,"Lvl",4,"Inside",3,"Mitchel","Norm","Norm","1Fam","1.5Fin",6,7,1940,1985,"Gable","CompShg","VinylSd","VinylSd","None",0,3,3,"CBlock",4,3,2,5,1,983,"GasA",5,"Y",5,1750,1,0,2,0,4,1,3,5,0,0,"Attchd",1,1,423,3,3,3,245,0,156,0,0,0,0,0,"Shed",1300,7,2008,"WD","Normal",160000,1,1,0,0,0,0,0
"190","RL",9900,"Pave","NA",4,"Lvl",4,"Inside",3,"SWISU","Norm","Norm","2fmCon","1.5Fin",5,4,1915,1950,"Gable","CompShg","Wd Sdng","Wd Shng","None",0,2,2,"BrkTil",3,3,1,3,1,1212,"GasA",3,"N",5,1392,1,0,1,0,3,1,3,8,0,0,"NA",0,0,0,0,0,1,0,0,168,0,0,0,0,0,"NA",0,2,2010,"ConLD","Normal",1e+05,1,0,0,0,0,0,0
"020","RL",12456,"Pave","NA",4,"Lvl",4,"FR2",3,"NridgHt","Norm","Norm","1Fam","1Story",10,5,2006,2007,"Hip","CompShg","CemntBd","CmentBd","Stone",230,5,3,"PConc",5,3,4,6,1,1700,"GasA",5,"Y",5,1718,1,0,2,0,3,1,5,8,1,4,"Attchd",3,3,786,3,3,3,216,48,0,0,0,0,0,0,"NA",0,7,2009,"WD","Normal",337500,1,1,1,0,0,0,1
"020","RL",10920,"Pave","NA",3,"Lvl",4,"Corner",3,"NAmes","Norm","Norm","1Fam","1Story",6,5,1960,1960,"Hip","CompShg","MetalSd","MetalSd","BrkFace",212,3,3,"CBlock",3,3,1,4,1,1253,"GasA",3,"Y",5,1253,1,0,1,1,2,1,3,8,1,2,"Attchd",2,1,352,3,3,3,0,213,176,0,0,0,0,2,"NA",0,5,2008,"WD","Normal",157000,1,1,1,0,1,0,1
"020","RL",7242,"Pave","NA",4,"Lvl",4,"Inside",3,"CollgCr","Norm","Norm","1Fam","1Story",7,5,2005,2006,"Gable","CompShg","VinylSd","VinylSd","None",0,4,3,"PConc",4,3,1,1,1,1270,"GasA",5,"Y",5,1270,0,0,2,0,2,1,4,8,0,0,"Attchd",2,2,524,3,3,3,0,96,0,0,0,0,0,0,"NA",0,7,2007,"WD","Normal",175900,1,1,0,0,0,0,0
"020","RL",8400,"Pave","NA",4,"Lvl",4,"Inside",3,"NAmes","Feedr","Norm","1Fam","1Story",5,5,1968,1968,"Hip","CompShg","HdBoard","HdBoard","BrkFace",168,3,3,"CBlock",3,3,3,4,1,1052,"GasA",4,"Y",5,1052,1,0,1,1,3,1,3,8,0,0,"Attchd",2,1,288,3,3,3,356,0,0,0,0,0,0,2,"NA",0,11,2006,"WD","Normal",138500,1,1,0,0,1,0,1
"020","RL",18261,"Pave","NA",3,"HLS",4,"Inside",3,"StoneBr","Norm","Norm","1Fam","1Story",9,5,2005,2005,"Hip","CompShg","VinylSd","VinylSd","BrkFace",420,5,3,"PConc",5,3,4,6,1,1910,"GasA",5,"Y",5,2000,1,0,2,1,3,1,5,8,2,4,"Attchd",1,3,722,3,3,3,351,102,0,0,123,0,0,0,"NA",0,9,2006,"WD","Normal",470000,1,1,1,0,0,0,1
"020","RL",8899,"Pave","NA",3,"Lvl",4,"Inside",3,"Gilbert","Norm","Norm","1Fam","1Story",7,5,2007,2007,"Gable","CompShg","VinylSd","VinylSd","None",0,4,3,"PConc",4,3,3,6,1,1340,"GasA",5,"Y",5,1340,0,0,2,0,3,1,4,8,0,0,"Attchd",3,2,396,3,3,3,100,30,0,0,0,0,0,0,"NA",0,8,2007,"New","Partial",181134,1,1,0,0,0,0,0
"160","FV",3230,"Pave","Pave",4,"Lvl",4,"Inside",3,"Somerst","Norm","Norm","TwnhsE","2Story",6,5,1999,1999,"Gable","CompShg","MetalSd","MetalSd","BrkFace",894,3,3,"PConc",4,3,1,6,1,729,"GasA",4,"Y",5,1471,0,0,2,1,3,1,3,8,0,0,"Detchd",1,2,440,3,3,3,0,24,0,0,0,0,0,0,"NA",0,3,2009,"WD","Normal",172500,1,1,0,0,0,1,1
"060","FV",10625,"Pave","NA",4,"Lvl",4,"Inside",3,"Somerst","Norm","Norm","1Fam","2Story",7,5,2005,2005,"Gable","CompShg","CemntBd","CmentBd","None",0,4,3,"PConc",4,3,1,1,1,1026,"GasA",5,"Y",5,1958,0,0,2,1,3,1,4,8,1,4,"Attchd",3,3,936,3,3,3,154,210,0,0,0,0,0,0,"NA",0,7,2008,"WD","Normal",250000,1,1,1,0,0,0,0
"020","RL",10845,"Pave","NA",3,"Lvl",4,"Corner",3,"NridgHt","Norm","Norm","1Fam","1Story",8,5,2003,2004,"Gable","CompShg","VinylSd","VinylSd","BrkFace",504,4,3,"PConc",4,3,2,6,1,1603,"GasA",5,"Y",5,1575,1,0,2,0,2,1,4,8,1,3,"Attchd",3,3,732,3,3,3,216,28,0,0,0,0,0,0,"NA",0,6,2008,"WD","Normal",284000,1,1,1,0,0,0,1
"020","RL",8772,"Pave","NA",4,"Lvl",4,"FR2",3,"CollgCr","Norm","Norm","1Fam","1Story",7,5,2005,2006,"Gable","CompShg","VinylSd","VinylSd","None",0,4,3,"PConc",4,3,2,6,1,1336,"GasA",5,"Y",5,1336,1,0,2,0,3,1,4,8,0,0,"Attchd",1,2,502,3,3,3,136,43,0,0,0,0,0,0,"NA",0,9,2006,"New","Partial",198000,1,1,0,0,0,0,0
"120","RH",5858,"Pave","NA",3,"Lvl",4,"FR2",3,"NAmes","Norm","Norm","TwnhsE","1Story",7,5,1999,1999,"Gable","CompShg","MetalSd","MetalSd","None",0,4,3,"PConc",4,3,1,6,4,1405,"GasA",5,"Y",5,1337,1,0,2,0,2,1,4,8,1,2,"Attchd",3,2,511,3,3,3,203,68,0,0,0,0,0,0,"NA",0,6,2010,"WD","Normal",184000,1,1,1,0,0,0,0
"120","RL",3013,"Pave","NA",4,"Lvl",4,"Inside",3,"Blmngtn","Norm","Norm","TwnhsE","1Story",7,5,2005,2005,"Gable","CompShg","VinylSd","VinylSd","BrkFace",145,4,3,"PConc",4,3,4,6,1,1362,"GasA",5,"Y",5,1506,0,0,2,0,2,1,4,8,1,4,"Attchd",3,2,440,3,3,3,142,20,0,0,0,0,0,0,"NA",0,4,2006,"WD","Normal",213490,1,1,1,0,0,0,1
"060","RL",11924,"Pave","NA",3,"Lvl",4,"Inside",3,"NridgHt","Norm","Norm","1Fam","2Story",9,5,2005,2006,"Hip","CompShg","WdShing","Wd Shng","Stone",286,5,3,"PConc",5,3,1,6,1,1175,"GasA",5,"Y",5,2324,1,0,3,0,4,1,5,8,2,4,"BuiltIn",3,3,736,3,3,3,147,21,0,0,0,0,0,0,"NA",0,7,2006,"New","Partial",345000,1,1,1,0,0,0,1
"020","RL",10367,"Pave","NA",3,"Lvl",4,"Inside",3,"NridgHt","Norm","Norm","1Fam","1Story",9,5,2008,2008,"Hip","CompShg","VinylSd","VinylSd","Stone",284,5,3,"PConc",5,3,2,6,1,1739,"GasA",5,"Y",5,1743,1,0,2,0,3,1,5,8,1,4,"Attchd",2,3,927,3,3,3,168,45,0,0,0,0,0,0,"NA",0,6,2009,"ConLI","Normal",335000,1,1,1,0,0,0,1
"060","RL",7570,"Pave","NA",4,"Lvl",4,"Corner",3,"NAmes","Norm","Norm","1Fam","2Story",6,5,1964,1964,"Gable","CompShg","HdBoard","HdBoard","BrkFace",420,3,3,"CBlock",3,3,1,1,1,780,"GasA",3,"Y",5,1806,0,0,1,1,4,1,3,8,0,0,"Attchd",1,2,483,3,3,3,0,55,0,0,0,0,0,0,"NA",0,3,2009,"WD","Normal",144750,1,1,0,0,0,0,1
"060","RL",9505,"Pave","NA",3,"Lvl",4,"CulDSac",3,"Gilbert","Norm","Norm","1Fam","2Story",7,5,2001,2001,"Gable","CompShg","VinylSd","VinylSd","BrkFace",180,4,3,"PConc",4,3,1,1,1,884,"GasA",5,"Y",5,2035,0,0,2,1,3,1,4,8,1,4,"BuiltIn",3,2,434,3,3,3,144,48,0,0,0,0,0,0,"NA",0,5,2010,"WD","Normal",222500,1,1,1,0,0,0,1
"160","RL",2280,"Pave","NA",4,"Lvl",4,"FR2",3,"NPkVill","Norm","Norm","Twnhs","2Story",6,6,1976,1976,"Gable","CompShg","Plywood","Brk Cmn","None",0,3,3,"CBlock",4,3,1,5,1,855,"GasA",3,"Y",5,1456,0,0,2,1,3,1,3,8,1,3,"Attchd",1,2,440,3,3,3,87,0,0,0,0,0,0,0,"NA",0,7,2009,"WD","Normal",148500,1,1,1,0,0,0,0
"120","RL",3203,"Pave","NA",4,"Lvl",4,"Inside",3,"Blmngtn","Norm","Norm","TwnhsE","1Story",7,5,2006,2006,"Gable","CompShg","VinylSd","VinylSd","BrkFace",14,4,3,"PConc",4,3,3,6,1,1145,"GasA",5,"Y",5,1145,0,0,2,0,2,1,4,8,0,0,"Attchd",3,2,437,3,3,3,100,116,0,0,0,0,0,0,"NA",0,1,2010,"WD","Normal",160000,1,1,0,0,0,0,1
"050","RM",6000,"Pave","NA",4,"Lvl",4,"Inside",3,"BrkSide","Norm","Norm","1Fam","1.5Fin",6,7,1940,1989,"Gable","CompShg","Wd Sdng","Wd Sdng","None",0,3,3,"CBlock",3,3,1,5,1,981,"GasA",5,"Y",5,1672,0,0,1,1,3,1,4,8,1,4,"Detchd",1,1,240,3,3,3,0,11,0,0,0,0,0,4,"NA",0,7,2008,"WD","Normal",164900,1,1,1,0,1,0,0
"070","RL",12320,"Pave","NA",3,"HLS",4,"Inside",3,"Crawfor","Norm","Norm","1Fam","2Story",7,7,1932,1990,"Gable","CompShg","Wd Sdng","Wd Sdng","None",0,3,3,"BrkTil",3,3,1,1,1,637,"GasA",5,"Y",5,1609,0,0,1,1,3,1,4,8,2,4,"2Types",1,3,579,3,3,3,0,0,0,0,104,0,0,2,"NA",0,5,2006,"WD","Normal",199500,1,1,1,0,1,0,0
"020","RL",10171,"Pave","NA",3,"Lvl",4,"Inside",3,"NridgHt","Norm","Norm","1Fam","1Story",7,5,2004,2004,"Gable","CompShg","VinylSd","VinylSd","BrkFace",168,4,3,"PConc",4,3,1,6,1,1517,"GasA",5,"Y",5,1535,0,0,2,0,3,1,4,8,0,0,"Attchd",2,2,532,3,3,3,0,0,0,0,0,0,0,0,"NA",0,3,2010,"WD","Normal",214000,1,1,0,0,0,0,1
"080","RL",9587,"Pave","NA",3,"Lvl",4,"Inside",3,"Gilbert","Norm","Norm","1Fam","SLvl",7,5,2005,2005,"Gable","CompShg","VinylSd","VinylSd","Stone",182,4,3,"PConc",4,3,4,6,1,856,"GasA",5,"Y",5,1166,1,0,2,0,2,1,4,8,0,0,"Attchd",3,2,400,3,3,3,212,0,0,0,0,0,0,0,"NA",0,7,2008,"WD","Normal",190000,1,1,0,0,0,0,1
"020","RL",8814,"Pave","NA",4,"Lvl",4,"Inside",3,"CollgCr","Norm","Norm","1Fam","1Story",7,5,2005,2007,"Gable","CompShg","VinylSd","VinylSd","BrkFace",80,4,3,"PConc",4,3,1,6,1,1274,"GasA",5,"Y",5,1274,1,0,2,0,3,1,4,8,0,0,"Attchd",2,2,508,3,3,3,264,98,0,0,0,0,0,0,"NA",0,1,2007,"New","Partial",203000,1,1,0,0,0,0,1
"060","RL",10240,"Pave","NA",4,"Lvl",4,"Inside",3,"NridgHt","Norm","Norm","1Fam","2Story",8,5,2005,2005,"Gable","CompShg","VinylSd","VinylSd","BrkFace",178,4,3,"PConc",4,3,2,1,1,1030,"GasA",4,"Y",5,2098,0,0,2,1,3,1,5,8,1,4,"Attchd",2,3,878,3,3,3,192,52,0,0,0,0,0,0,"NA",0,3,2006,"WD","Normal",275500,1,1,1,0,0,0,1
"020","RL",14082,"Pave","NA",3,"HLS",4,"Inside",3,"StoneBr","Norm","Norm","1Fam","1Story",8,5,2006,2006,"Hip","CompShg","VinylSd","VinylSd","BrkFace",945,4,3,"PConc",5,4,4,6,1,2220,"GasA",5,"Y",5,2234,1,0,1,1,1,1,4,8,1,4,"Attchd",2,2,724,3,3,3,390,80,0,0,0,0,0,0,"NA",0,1,2007,"WD","Normal",441929,1,1,1,0,0,0,1
"060","FV",7399,"Pave","Pave",3,"Lvl",4,"Inside",3,"Somerst","Norm","Norm","1Fam","2Story",7,5,1997,1998,"Hip","CompShg","VinylSd","VinylSd","BrkFace",1600,4,3,"PConc",4,3,1,4,1,975,"GasA",5,"Y",5,1950,0,0,2,1,3,1,4,8,1,3,"Detchd",2,2,576,3,3,3,0,10,0,0,198,0,0,0,"NA",0,6,2007,"WD","Normal",239000,1,1,1,0,0,1,1
"060","FV",8125,"Pave","NA",4,"Lvl",4,"Inside",3,"Somerst","Norm","Norm","1Fam","2Story",7,5,2006,2007,"Gable","CompShg","CemntBd","CmentBd","Stone",100,4,3,"PConc",4,3,1,6,1,1092,"GasA",5,"Y",5,1550,1,0,2,0,2,1,4,8,0,0,"Attchd",3,2,438,3,3,3,0,168,0,0,0,0,0,0,"NA",0,10,2009,"WD","Normal",241000,1,1,0,0,0,0,1
"070","RL",9480,"Pave","NA",4,"Lvl",4,"Inside",3,"NAmes","Artery","Norm","1Fam","2Story",5,7,1942,1995,"Gable","CompShg","MetalSd","MetalSd","Stone",224,3,3,"CBlock",3,3,1,2,1,728,"GasA",5,"Y",5,1644,0,0,1,1,3,1,4,8,2,4,"Attchd",1,1,312,3,3,3,168,0,0,0,0,0,0,0,"NA",0,6,2007,"WD","Normal",146500,1,1,1,0,0,0,1
"060","RL",10400,"Pave","NA",4,"Lvl",4,"Inside",3,"NWAmes","Norm","Norm","1Fam","2Story",6,5,1972,1972,"Gable","CompShg","VinylSd","VinylSd","None",288,3,3,"CBlock",3,3,1,3,1,732,"GasA",4,"Y",5,1790,1,0,1,2,4,1,3,6,1,3,"Attchd",2,2,484,3,3,3,148,0,0,0,147,0,0,0,"NA",0,11,2006,"WD","Normal",165150,1,1,1,0,0,0,0
"060","RL",9600,"Pave","NA",4,"Lvl",4,"Inside",3,"NWAmes","Norm","Norm","1Fam","2Story",6,6,1971,1971,"Gable","CompShg","MetalSd","MetalSd","None",0,3,3,"CBlock",3,3,1,5,1,715,"GasA",3,"Y",5,1645,0,0,1,2,4,1,3,8,0,0,"Attchd",2,2,441,3,3,3,0,78,0,0,0,0,0,2,"NA",0,6,2010,"WD","Normal",171000,1,1,0,0,1,0,0
"020","RL",9808,"Pave","NA",3,"Lvl",4,"Inside",3,"CollgCr","Norm","Norm","1Fam","1Story",7,5,2002,2002,"Gable","CompShg","VinylSd","VinylSd","BrkFace",110,4,3,"PConc",4,3,1,6,1,1573,"GasA",5,"Y",5,1573,1,0,2,0,3,1,4,8,0,0,"Attchd",2,2,544,3,3,3,0,72,0,0,0,0,0,0,"NA",0,3,2009,"WD","Normal",227000,1,1,0,0,0,0,1
"060","RL",11764,"Pave","NA",3,"Lvl",4,"CulDSac",3,"NoRidge","Norm","Norm","1Fam","2Story",8,7,1999,2007,"Gable","CompShg","VinylSd","VinylSd","BrkFace",348,4,3,"PConc",4,3,1,6,1,1152,"GasA",5,"Y",5,2270,0,0,2,1,4,1,4,8,1,4,"Attchd",3,3,671,3,3,3,132,57,0,0,0,0,0,0,"NA",0,4,2010,"WD","Normal",290000,1,1,1,0,0,0,1
"020","RL",8400,"Pave","NA",4,"Lvl",4,"Inside",3,"NAmes","Norm","Norm","1Fam","1Story",5,6,1957,1957,"Gable","CompShg","MetalSd","MetalSd","None",0,3,4,"CBlock",3,3,1,3,1,1314,"GasA",3,"Y",5,1314,1,0,1,0,3,1,3,8,0,0,"Attchd",2,1,294,3,3,3,250,0,0,0,0,0,0,0,"NA",0,6,2010,"WD","Normal",145000,1,1,0,0,0,0,0
"160","FV",2645,"Pave","Pave",4,"Lvl",4,"Inside",3,"Somerst","Norm","Norm","Twnhs","2Story",8,5,1999,2000,"Gable","CompShg","MetalSd","MetalSd","BrkFace",456,4,3,"PConc",4,3,1,6,1,960,"GasA",5,"Y",5,1607,1,0,2,1,3,1,4,8,0,0,"Detchd",1,2,480,3,3,3,169,0,0,0,0,0,0,0,"NA",0,12,2008,"ConLD","Normal",2e+05,1,1,0,0,0,1,1
"020","RL",8993,"Pave","NA",3,"Lvl",4,"Inside",3,"Gilbert","Norm","Norm","1Fam","1Story",7,5,2007,2007,"Gable","CompShg","VinylSd","VinylSd","None",0,4,3,"PConc",4,3,3,1,1,1302,"GasA",5,"Y",5,1302,0,0,2,0,3,1,4,8,0,0,"Attchd",3,2,436,3,3,3,0,22,0,0,0,0,0,0,"NA",0,8,2007,"New","Partial",176485,1,1,0,0,0,0,0
"120","RM",3907,"Pave","NA",3,"HLS",4,"Inside",2,"Blueste","Norm","Norm","TwnhsE","1Story",8,6,1989,1989,"Gable","CompShg","HdBoard","HdBoard","None",0,4,3,"CBlock",4,3,4,6,1,982,"GasA",4,"Y",5,1034,1,0,1,0,1,1,4,8,1,3,"Attchd",3,2,598,3,3,3,141,36,0,0,0,0,0,0,"NA",0,4,2010,"WD","Normal",185000,1,1,1,0,0,0,0
"020","RL",9260,"Pave","NA",4,"Lvl",4,"Corner",3,"SawyerW","Norm","Norm","1Fam","1Story",7,5,2007,2007,"Gable","CompShg","VinylSd","VinylSd","None",0,4,3,"PConc",4,3,2,1,1,1162,"GasA",5,"Y",5,1162,0,0,2,0,3,1,4,8,0,0,"Attchd",3,2,483,3,3,3,0,32,0,0,0,0,0,0,"NA",0,3,2008,"WD","Normal",170000,1,1,0,0,0,0,0
"050","RL",14115,"Pave","NA",3,"Lvl",4,"Inside",3,"Mitchel","Norm","Norm","1Fam","1.5Fin",5,5,1993,1995,"Gable","CompShg","VinylSd","VinylSd","None",0,3,3,"Wood",4,3,1,6,1,796,"GasA",5,"Y",5,1362,1,0,1,1,1,1,3,8,0,0,"Attchd",1,2,480,3,3,3,40,30,0,320,0,0,0,3,"Shed",700,10,2009,"WD","Normal",143000,1,1,0,0,1,0,0
"190","RL",12180,"Pave","NA",4,"Lvl",4,"Inside",3,"Edwards","Norm","Norm","2fmCon","1.5Fin",4,4,1941,1950,"Gable","CompShg","MetalSd","MetalSd","None",0,3,2,"BrkTil",4,3,1,4,1,672,"Grav",2,"N",3,924,1,0,1,0,2,1,2,8,0,0,"Detchd",1,1,280,3,3,3,0,0,0,0,0,0,0,3,"NA",0,7,2010,"WD","Normal",80000,1,1,0,0,1,0,0
"070","RL",4000,"Pave","NA",4,"Lvl",4,"Inside",3,"Crawfor","Norm","Norm","1Fam","2Story",7,8,1930,1995,"Gable","CompShg","Wd Sdng","Wd Sdng","None",0,3,3,"BrkTil",4,3,1,6,1,531,"GasA",3,"Y",5,1098,1,0,1,0,2,1,3,8,1,4,"Detchd",1,1,216,3,3,3,0,0,0,0,0,0,0,3,"NA",0,6,2007,"WD","Normal",148500,1,1,1,0,1,0,0
"160","RL",2628,"Pave","NA",4,"Lvl",4,"Inside",3,"NridgHt","Norm","Norm","Twnhs","2Story",7,5,2003,2003,"Gable","CompShg","VinylSd","Wd Shng","Stone",106,4,3,"PConc",4,3,1,1,1,764,"GasA",5,"Y",5,1626,0,0,2,1,2,1,4,8,0,0,"BuiltIn",2,2,474,3,3,3,0,27,0,0,0,0,0,0,"NA",0,6,2010,"WD","Normal",175500,1,1,0,0,0,0,1
"060","RL",9206,"Pave","NA",4,"Lvl",4,"Inside",3,"SawyerW","Norm","Norm","1Fam","2Story",6,5,1985,1985,"Gable","CompShg","HdBoard","HdBoard","BrkFace",336,4,3,"CBlock",4,3,1,1,1,741,"GasA",3,"Y",5,1732,0,0,2,1,3,1,4,8,1,3,"Attchd",3,2,476,3,3,3,192,46,0,0,0,0,0,0,"NA",0,6,2010,"WD","Normal",178000,1,1,1,0,0,0,1
"120","RM",3907,"Pave","NA",3,"HLS",4,"Inside",2,"Blueste","Norm","Norm","TwnhsE","1Story",8,5,1989,1989,"Gable","CompShg","HdBoard","HdBoard","None",0,4,3,"CBlock",4,3,3,6,1,1191,"GasA",4,"Y",5,1191,0,0,2,0,2,1,4,8,1,3,"Attchd",1,2,531,3,3,3,112,81,0,0,0,0,0,0,"NA",0,3,2010,"WD","Normal",162500,1,1,1,0,0,0,0
"080","RL",13860,"Pave","NA",4,"Lvl",4,"Inside",3,"NAmes","Norm","Norm","1Fam","SLvl",8,7,1972,1995,"Gable","CompShg","Plywood","Wd Sdng","None",0,4,3,"CBlock",4,3,4,6,1,1952,"GasA",4,"Y",5,2704,1,0,2,1,4,1,5,8,3,3,"Attchd",3,2,538,3,3,3,269,111,0,0,0,0,0,3,"NA",0,7,2009,"WD","Normal",345000,1,1,1,0,1,0,0
"020","RL",8125,"Pave","NA",4,"Lvl",4,"Inside",3,"NAmes","Norm","Norm","1Fam","1Story",5,7,1959,1959,"Hip","CompShg","MetalSd","MetalSd","None",0,3,3,"CBlock",3,3,1,4,1,864,"GasA",5,"Y",5,864,0,0,1,0,3,1,3,8,0,0,"Detchd",1,1,308,3,3,3,0,0,0,0,0,0,0,0,"NA",0,9,2009,"WD","Normal",118000,1,1,0,0,0,0,0
"090","RL",15600,"Pave","NA",4,"Lvl",4,"Inside",3,"Crawfor","Norm","Norm","Duplex","2Story",5,6,1950,1991,"Gable","CompShg","VinylSd","VinylSd","BrkFace",430,3,4,"CBlock",3,3,1,5,1,1032,"GasA",5,"Y",5,2177,0,0,2,1,5,2,3,8,0,0,"Detchd",1,2,484,3,3,3,0,0,0,0,0,0,0,0,"NA",0,3,2010,"WD","Normal",215000,1,1,0,0,0,0,1
"020","RL",10751,"Pave","NA",3,"Lvl",4,"CulDSac",3,"Sawyer","RRAe","Norm","1Fam","1Story",5,5,1974,1974,"Gable","CompShg","Plywood","Plywood","BrkFace",44,3,3,"CBlock",2,3,4,5,1,1037,"GasA",3,"Y",5,1037,1,0,1,0,2,1,3,8,0,0,"Attchd",2,2,431,3,3,3,136,47,0,0,0,0,0,0,"NA",0,8,2007,"WD","Normal",129000,1,1,0,0,0,0,1
"090","RL",8145,"Pave","NA",3,"HLS",4,"Corner",3,"Crawfor","Norm","Norm","Duplex","2.5Unf",7,6,1940,1950,"Gable","CompShg","Wd Sdng","Wd Sdng","None",0,3,3,"BrkTil",3,3,1,2,1,920,"GasA",5,"Y",5,2480,0,0,2,1,5,2,3,8,2,4,"Detchd",1,2,400,3,3,3,0,0,57,0,0,0,0,0,"NA",0,7,2009,"WD","Normal",205000,1,1,1,0,0,0,0
"080","RL",11333,"Pave","NA",3,"Lvl",4,"Corner",3,"Mitchel","Norm","Norm","1Fam","SLvl",6,5,1976,1976,"Gable","CompShg","HdBoard","HdBoard","None",0,3,3,"PConc",4,3,3,5,1,1029,"GasA",3,"Y",5,1062,1,0,1,0,3,1,3,8,2,3,"Attchd",2,2,539,3,3,3,120,0,0,0,0,0,0,0,"NA",0,5,2007,"WD","Normal",146800,1,1,1,0,0,0,0
"070","RM",8400,"Pave","NA",4,"Lvl",4,"Corner",3,"OldTown","Artery","Norm","1Fam","2Story",6,7,1900,1950,"Gable","CompShg","Stucco","BrkFace","None",0,3,3,"BrkTil",2,4,2,1,1,917,"GasA",4,"Y",3,2007,0,0,2,0,3,1,5,8,0,0,"Detchd",1,1,357,3,3,3,0,235,0,0,0,0,0,0,"NA",0,6,2009,"WD","Normal",160000,1,1,0,0,0,0,0
"090","RM",7020,"Pave","NA",4,"Lvl",4,"Inside",3,"Mitchel","Norm","Norm","Duplex","SFoyer",7,5,1997,1997,"Gable","CompShg","MetalSd","MetalSd","BrkFace",200,3,4,"PConc",4,3,4,6,1,1288,"GasA",4,"Y",5,1368,2,0,2,0,2,2,3,8,0,0,"Attchd",3,4,784,3,3,3,0,48,0,0,0,0,0,0,"NA",0,11,2006,"WD","Normal",215000,1,1,0,0,0,0,1
"050","RL",6001,"Pave","NA",3,"Bnk",4,"Inside",2,"SWISU","Norm","Norm","1Fam","1.5Fin",6,5,1940,1950,"Gable","CompShg","VinylSd","VinylSd","None",0,3,3,"CBlock",2,3,1,2,1,600,"GasA",5,"N",5,919,0,0,1,0,3,1,3,8,0,0,"Detchd",1,1,231,3,3,3,0,0,45,0,0,0,0,3,"NA",0,3,2010,"WD","Normal",95000,1,1,0,0,1,0,0
"120","RL",3869,"Pave","NA",4,"Lvl",4,"Inside",2,"Edwards","Norm","Norm","TwnhsE","1Story",5,6,1984,1984,"Gable","CompShg","Wd Sdng","Wd Sdng","BrkFace",149,4,5,"CBlock",3,3,1,2,6,1038,"GasA",4,"Y",5,1038,0,0,2,0,2,1,3,8,0,0,"Attchd",2,1,264,3,3,3,0,105,0,0,0,0,0,0,"NA",0,7,2007,"WD","Normal",130000,1,1,0,0,0,0,1
"060","RL",13975,"Pave","NA",3,"Lvl",4,"Corner",3,"NridgHt","Norm","Norm","1Fam","2Story",9,5,2005,2006,"Hip","CompShg","VinylSd","VinylSd","BrkFace",525,4,3,"PConc",4,3,3,1,1,1090,"GasA",5,"Y",5,2206,0,0,2,1,4,1,5,8,1,4,"BuiltIn",3,3,670,3,3,3,148,95,0,0,0,0,0,0,"NA",0,8,2006,"New","Partial",3e+05,1,1,1,0,0,0,1
"020","RL",8128,"Pave","NA",3,"Lvl",4,"CulDSac",3,"NAmes","Norm","Norm","1Fam","1Story",6,7,1954,1954,"Hip","CompShg","MetalSd","MetalSd","BrkFace",80,3,3,"CBlock",3,3,1,5,1,1062,"GasA",4,"Y",5,1062,1,0,1,0,3,1,3,8,0,0,"Attchd",1,1,297,3,3,3,0,0,0,0,0,0,0,0,"NA",0,2,2009,"WD","Normal",131000,1,1,0,0,0,0,1
"120","RL",7175,"Pave","NA",4,"Lvl",4,"Inside",3,"SawyerW","Norm","Norm","TwnhsE","1Story",6,5,1990,1991,"Gable","CompShg","Plywood","ImStucc","None",0,4,3,"PConc",4,3,1,1,1,1332,"GasA",4,"Y",5,1332,0,0,2,0,2,1,4,8,0,0,"Attchd",2,2,542,3,3,3,0,60,0,0,0,0,0,0,"NA",0,2,2009,"WD","Normal",145000,1,1,0,0,0,0,0
"070","C (all)",5280,"Pave","NA",4,"Lvl",4,"Corner",3,"IDOTRR","Feedr","Norm","1Fam","2Story",4,7,1895,1950,"Gable","CompShg","Wd Sdng","Wd Sdng","None",0,3,3,"Stone",1,2,1,1,1,173,"GasA",5,"N",5,1361,0,0,1,0,2,1,3,8,0,0,"Detchd",1,1,185,2,3,3,0,123,0,0,0,0,0,0,"NA",0,7,2008,"WD","Normal",89000,1,1,0,0,0,0,0
"020","RL",8638,"Pave","NA",3,"Lvl",4,"Inside",3,"Sawyer","RRAe","Norm","1Fam","1Story",5,6,1963,1963,"Gable","CompShg","HdBoard","HdBoard","None",0,3,3,"PConc",3,3,1,5,1,925,"GasA",4,"Y",5,925,1,0,1,0,2,1,3,8,0,0,"Detchd",1,2,484,3,3,3,203,74,0,0,0,0,0,0,"NA",0,10,2006,"WD","Normal",133500,1,1,0,0,0,0,0
"020","RL",9990,"Pave","NA",4,"Lvl",4,"Inside",3,"Mitchel","Norm","Norm","1Fam","1Story",4,5,1991,1991,"Gable","CompShg","HdBoard","HdBoard","None",0,3,3,"PConc",4,3,1,5,1,1680,"GasA",4,"Y",5,1689,1,0,2,0,3,1,3,8,1,3,"Attchd",1,2,432,3,3,3,428,120,0,0,0,0,0,0,"NA",0,7,2008,"WD","Normal",228500,1,1,1,0,0,0,0
"050","RL",6488,"Pave","NA",4,"Lvl",4,"Inside",3,"Edwards","Norm","Norm","1Fam","1.5Fin",5,5,1942,1950,"Gable","CompShg","BrkFace","Wd Sdng","None",0,3,3,"BrkTil",3,3,1,2,1,799,"GasA",5,"N",3,1150,0,0,1,0,3,1,3,5,2,3,"BuiltIn",1,1,215,3,3,3,264,0,0,0,0,0,0,0,"NA",0,3,2006,"WD","Family",128000,1,1,1,0,0,0,0
"020","RL",6410,"Pave","NA",4,"HLS",4,"Inside",3,"Edwards","Norm","Norm","1Fam","1Story",4,5,1958,1958,"Hip","CompShg","WdShing","Wd Shng","None",0,3,3,"CBlock",3,3,1,1,1,960,"GasA",5,"Y",5,960,0,0,1,0,3,1,3,8,0,0,"NA",0,0,0,0,0,3,0,0,0,0,0,0,0,3,"NA",0,5,2010,"WD","Normal",90000,1,0,0,0,1,0,0
"020","RL",10324,"Pave","NA",3,"Lvl",4,"Corner",3,"CollgCr","Norm","Norm","1Fam","1Story",8,5,2008,2008,"Gable","CompShg","VinylSd","VinylSd","BrkFace",140,4,3,"PConc",4,3,3,6,1,1254,"GasA",5,"Y",5,1254,1,0,2,0,2,1,4,8,0,0,"Attchd",2,3,810,3,3,3,168,92,0,0,0,0,0,0,"NA",0,3,2009,"WD","Normal",221800,1,1,0,0,0,0,1
"090","RL",10800,"Pave","NA",4,"Lvl",4,"Inside",3,"Edwards","Norm","Norm","Duplex","1Story",5,5,1987,1988,"Gable","CompShg","Plywood","Plywood","None",0,3,3,"CBlock",4,4,4,6,1,1200,"GasA",3,"Y",5,1200,3,0,3,0,3,1,3,8,0,0,"NA",0,0,0,0,0,3,120,0,0,0,0,0,0,0,"NA",0,3,2009,"WD","Alloca",179000,1,0,0,0,0,0,0
"020","RL",9382,"Pave","NA",3,"Lvl",4,"CulDSac",3,"CollgCr","Norm","Norm","1Fam","1Story",7,5,1999,2000,"Gable","CompShg","VinylSd","VinylSd","BrkFace",125,4,3,"PConc",4,3,1,1,1,1468,"GasA",5,"Y",5,1479,0,0,2,0,3,1,4,8,0,0,"Attchd",2,2,577,3,3,3,120,25,0,0,0,0,0,0,"NA",0,7,2008,"WD","Normal",191000,1,1,0,0,0,0,1
"120","FV",3830,"Pave","Pave",3,"Lvl",4,"Inside",3,"Somerst","Norm","Norm","TwnhsE","1Story",6,5,2008,2008,"Gable","CompShg","VinylSd","VinylSd","Stone",280,4,3,"PConc",4,3,1,1,1,1726,"GasA",5,"Y",5,1726,0,0,2,1,2,1,4,8,1,4,"Attchd",3,2,561,3,3,3,0,254,0,0,0,0,0,0,"NA",0,1,2009,"New","Partial",222000,1,1,1,0,0,1,1
"160","RM",1890,"Pave","NA",4,"Lvl",4,"Inside",3,"BrDale","Norm","Norm","Twnhs","2Story",6,5,1973,1973,"Gable","CompShg","HdBoard","HdBoard","BrkFace",285,3,3,"CBlock",3,3,1,4,1,672,"GasA",3,"Y",5,1218,0,0,1,1,3,1,3,8,0,0,"Detchd",1,1,264,3,3,3,144,28,0,0,0,0,0,0,"NA",0,5,2007,"WD","Normal",113000,1,1,0,0,0,0,1
"060","RL",10382,"Pave","NA",3,"Lvl",4,"Corner",3,"NWAmes","PosN","Norm","1Fam","2Story",7,6,1973,1973,"Gable","CompShg","HdBoard","HdBoard","Stone",240,3,3,"CBlock",4,3,2,5,4,1107,"GasA",5,"Y",5,2090,1,0,2,1,3,1,3,8,2,3,"Attchd",2,2,484,3,3,3,235,204,228,0,0,0,0,0,"Shed",350,11,2009,"WD","Normal",2e+05,1,1,1,0,0,0,1
"020","RL",7830,"Pave","NA",3,"Lvl",4,"Inside",3,"NAmes","Norm","Norm","1Fam","1Story",5,5,1970,1970,"Gable","CompShg","HdBoard","HdBoard","None",0,3,3,"CBlock",3,3,1,1,1,1180,"GasA",3,"Y",5,1180,0,0,1,1,2,1,3,8,0,0,"Attchd",2,2,477,3,3,3,0,45,0,0,0,0,0,0,"NA",0,3,2009,"COD","Normal",128000,1,1,0,0,0,0,0
"060","FV",9000,"Pave","NA",4,"Lvl",4,"Inside",3,"Somerst","Norm","Norm","1Fam","2Story",8,5,2007,2007,"Gable","CompShg","CemntBd","CmentBd","None",0,4,3,"PConc",4,3,3,6,1,1184,"GasA",5,"Y",5,2610,0,0,2,1,4,1,5,8,1,4,"BuiltIn",3,2,550,3,3,3,208,364,0,0,0,0,0,0,"NA",0,8,2007,"New","Partial",303477,1,1,1,0,0,0,0
"020","RL",9079,"Pave","NA",3,"Lvl",4,"Inside",3,"Sawyer","Norm","Norm","1Fam","1Story",5,5,1961,1961,"Gable","CompShg","Wd Sdng","Plywood","None",0,3,3,"CBlock",3,3,1,4,1,864,"GasA",3,"Y",5,864,0,0,1,0,2,1,3,8,0,0,"Attchd",1,1,440,3,3,3,158,0,0,0,0,0,0,0,"NA",0,7,2009,"WD","Normal",122000,1,1,0,0,0,0,0
"020","RL",17140,"Pave","NA",4,"Lvl",4,"Inside",3,"Edwards","Norm","Norm","1Fam","1Story",4,6,1956,1956,"Gable","CompShg","VinylSd","VinylSd","None",0,3,3,"CBlock",3,3,1,5,1,1134,"GasA",5,"Y",3,1229,0,0,1,0,3,1,3,8,0,0,"Attchd",2,1,284,3,3,3,0,0,0,0,0,0,0,0,"NA",0,4,2009,"WD","Normal",135000,1,1,0,0,0,0,0
"020","RL",11600,"Pave","NA",4,"Lvl",4,"Inside",3,"NAmes","Norm","Norm","1Fam","1Story",6,5,1960,1960,"Hip","CompShg","Wd Sdng","Wd Sdng","BrkFace",175,3,3,"CBlock",3,3,1,3,1,1383,"GasA",3,"Y",5,1383,0,0,1,1,3,1,3,8,0,0,"Attchd",2,1,292,3,3,3,0,45,0,0,0,0,0,0,"NA",0,4,2006,"WD","Normal",145250,1,1,0,0,0,0,1
"050","RL",21780,"Pave","NA",4,"Lvl",4,"Inside",3,"Crawfor","Norm","Norm","1Fam","2Story",6,5,1920,1950,"Gable","CompShg","Wd Sdng","Wd Shng","None",0,3,3,"PConc",3,2,1,1,1,817,"GasA",4,"Y",2,1550,0,0,1,1,3,1,3,6,1,3,"Detchd",1,1,318,3,3,2,0,0,429,0,0,0,0,3,"NA",0,9,2006,"WD","Normal",195000,1,1,1,0,1,0,0
"020","RL",8190,"Pave","NA",4,"Lvl",4,"Inside",3,"Edwards","Norm","Norm","1Fam","1Story",4,6,1954,1954,"Hip","CompShg","Wd Sdng","Wd Sdng","None",0,3,3,"CBlock",3,3,1,3,1,948,"GasA",5,"Y",5,948,1,0,1,0,3,1,3,8,1,3,"Detchd",1,1,280,3,3,3,0,36,0,0,0,0,0,0,"NA",0,10,2007,"WD","Normal",119000,1,1,1,0,0,0,0
"080","RL",9434,"Pave","NA",3,"Lvl",4,"Inside",3,"Gilbert","Norm","Norm","1Fam","SLvl",7,5,2004,2005,"Gable","CompShg","WdShing","Wd Shng","None",0,4,3,"PConc",4,3,2,1,1,384,"GasA",5,"Y",5,1374,0,0,2,1,3,1,4,8,1,4,"BuiltIn",3,2,400,3,3,3,100,0,0,0,0,0,0,0,"NA",0,8,2009,"WD","Normal",170000,1,1,1,0,0,0,0
"060","RL",9317,"Pave","NA",4,"Lvl",4,"Inside",3,"SawyerW","Norm","Norm","1Fam","2Story",7,5,1994,2001,"Gable","CompShg","VinylSd","VinylSd","None",0,4,4,"PConc",4,4,1,6,1,779,"GasA",5,"Y",5,1958,1,0,2,1,3,1,4,8,1,3,"Attchd",2,2,499,3,3,3,202,93,0,0,0,0,0,0,"NA",0,7,2007,"CWD","Normal",220000,1,1,1,0,0,0,0
"020","RL",12692,"Pave","NA",3,"Lvl",4,"Inside",3,"NoRidge","Norm","Norm","1Fam","1Story",8,5,1992,1993,"Hip","CompShg","BrkFace","BrkFace","None",0,4,3,"PConc",4,3,1,6,1,3200,"GasA",5,"Y",5,3228,1,0,3,0,4,1,4,8,1,4,"Attchd",2,2,546,3,3,3,264,75,291,0,0,0,0,0,"NA",0,5,2007,"WD","Normal",430000,1,1,1,0,0,0,0
"050","RM",6000,"Pave","NA",4,"Lvl",4,"Inside",3,"OldTown","Norm","Norm","1Fam","1.5Fin",5,7,1950,1970,"Gable","CompShg","Wd Sdng","Wd Sdng","None",0,3,5,"CBlock",3,3,1,4,1,768,"GasA",3,"Y",3,1328,0,0,1,1,3,1,3,8,0,0,"Detchd",1,1,308,3,3,3,0,12,0,0,0,0,0,3,"NA",0,3,2009,"WD","Normal",129500,1,1,0,0,1,0,0
"020","RL",9928,"Pave","NA",3,"Lvl",4,"CulDSac",3,"Mitchel","Norm","Norm","1Fam","1Story",7,5,1991,1992,"Gable","CompShg","HdBoard","HdBoard","None",0,3,3,"PConc",4,3,1,6,1,1454,"GasA",3,"Y",5,1478,1,0,2,0,3,1,3,8,1,3,"Attchd",1,2,506,3,3,3,114,22,0,0,0,0,0,0,"NA",0,5,2007,"WD","Normal",210000,1,1,1,0,0,0,0
"080","RL",15312,"Pave","NA",4,"Lvl",4,"Inside",3,"Sawyer","Norm","Norm","1Fam","SLvl",6,5,1960,1960,"Hip","CompShg","Wd Sdng","Wd Sdng","BrkFace",54,3,3,"CBlock",3,3,3,4,1,1138,"GasA",5,"Y",5,1138,0,1,1,0,3,1,3,8,1,3,"Attchd",2,2,480,3,3,3,0,0,0,0,140,0,0,3,"NA",0,3,2009,"COD","Normal",148000,1,1,1,0,1,0,1
"120","RL",2104,"Pave","NA",4,"Lvl",4,"Inside",3,"NPkVill","Norm","Norm","TwnhsE","1Story",7,6,1976,1976,"Gable","CompShg","Plywood","Brk Cmn","None",0,3,3,"CBlock",3,3,1,5,1,836,"GasA",3,"Y",5,836,0,1,1,0,2,1,3,8,0,0,"Attchd",1,1,345,3,3,3,150,20,0,0,0,0,0,0,"NA",0,10,2009,"WD","Normal",128500,1,1,0,0,0,0,0
"080","RL",9947,"Pave","NA",3,"Lvl",4,"CulDSac",3,"Mitchel","Norm","Norm","1Fam","SLvl",7,5,1990,1991,"Gable","CompShg","HdBoard","HdBoard","None",0,3,3,"PConc",4,3,3,6,1,1188,"GasA",5,"Y",5,1217,1,0,2,0,3,1,4,8,0,0,"Attchd",1,2,497,3,3,3,168,27,0,0,0,0,0,4,"NA",0,6,2009,"WD","Normal",173000,1,1,0,0,1,0,0
"075","RL",19800,"Pave","NA",4,"Lvl",4,"Inside",3,"Edwards","Norm","Norm","1Fam","2.5Unf",6,8,1935,1990,"Gable","CompShg","BrkFace","Wd Sdng","None",0,3,3,"BrkTil",3,3,1,3,1,1836,"GasA",4,"Y",5,3672,0,0,3,1,5,1,4,8,2,4,"Detchd",1,2,836,3,3,3,684,80,32,0,0,0,0,0,"NA",0,12,2006,"WD","Normal",415000,1,1,1,0,0,0,0
"060","RL",10125,"Pave","NA",4,"Lvl",4,"Inside",3,"Mitchel","Norm","Norm","1Fam","2Story",8,5,2000,2001,"Gable","CompShg","CemntBd","CmentBd","None",0,4,3,"PConc",4,3,1,5,4,1107,"GasA",5,"Y",5,2052,0,0,2,1,3,1,4,8,1,3,"BuiltIn",3,3,642,3,3,3,210,91,0,0,0,0,0,0,"NA",0,5,2009,"WD","Normal",251000,1,1,1,0,0,0,0
"060","RL",18275,"Pave","NA",3,"HLS",4,"Inside",3,"NAmes","Norm","Norm","1Fam","2Story",7,8,1962,1998,"Gable","CompShg","Plywood","Plywood","None",0,3,3,"CBlock",3,3,4,5,1,1438,"GasA",3,"Y",5,2448,1,0,3,0,3,1,3,8,2,4,"Attchd",2,2,441,3,3,3,520,102,0,0,0,0,0,0,"NA",0,9,2006,"WD","Normal",277500,1,1,1,0,0,0,0
"070","RM",5870,"Pave","NA",4,"Lvl",4,"Corner",3,"BrkSide","Feedr","Feedr","1Fam","2Story",6,9,1900,2000,"Gable","CompShg","HdBoard","HdBoard","None",0,3,4,"BrkTil",3,3,1,1,1,554,"GasA",5,"Y",5,1290,0,0,1,1,3,1,3,8,0,0,"Detchd",1,1,200,2,3,3,38,112,0,0,0,0,0,3,"Shed",400,4,2008,"WD","Normal",106900,1,1,0,0,1,0,0
"020","RL",11241,"Pave","NA",3,"Lvl",4,"CulDSac",3,"NAmes","Norm","Norm","1Fam","1Story",6,7,1970,1970,"Gable","CompShg","Wd Sdng","Wd Sdng","BrkFace",180,3,3,"CBlock",3,3,1,5,1,1004,"GasA",5,"Y",5,1004,1,0,1,0,2,1,3,8,1,3,"Attchd",3,2,480,3,3,3,0,0,0,0,0,0,0,0,"Shed",700,3,2010,"WD","Normal",149000,1,1,1,0,0,0,1
"120","RL",3196,"Pave","NA",4,"Lvl",4,"Inside",3,"Blmngtn","Norm","Norm","TwnhsE","1Story",7,5,2003,2004,"Gable","CompShg","VinylSd","VinylSd","BrkFace",18,4,3,"PConc",4,3,4,1,1,1374,"GasA",5,"Y",5,1557,0,0,2,0,2,1,4,8,1,3,"Attchd",3,2,420,3,3,3,143,20,0,0,0,0,0,0,"NA",0,10,2006,"WD","Normal",234000,1,1,1,0,0,0,1
"060","RL",10000,"Pave","NA",4,"Lvl",4,"Inside",3,"CollgCr","Norm","Norm","1Fam","2Story",8,5,1995,1996,"Gable","CompShg","VinylSd","VinylSd","BrkFace",438,4,3,"PConc",4,3,1,6,1,1220,"GasA",5,"Y",5,2090,1,0,2,1,3,1,4,8,1,3,"Attchd",2,2,556,3,3,3,0,65,0,0,0,0,0,0,"NA",0,12,2007,"WD","Normal",240000,1,1,1,0,0,0,1
"050","RM",8520,"Pave","Grvl",4,"Lvl",4,"Inside",3,"OldTown","Artery","Norm","1Fam","1.5Fin",6,7,1916,1950,"Gable","CompShg","Stucco","Stucco","None",0,3,4,"BrkTil",3,3,1,3,2,714,"GasW",3,"N",5,2526,0,0,2,0,5,1,4,8,1,4,"Detchd",1,1,216,3,3,3,88,15,0,0,0,0,0,2,"NA",0,8,2007,"CWD","Family",136000,1,1,1,0,1,1,0
"060","RL",11065,"Pave","NA",3,"Lvl",4,"Inside",3,"NridgHt","Norm","Norm","1Fam","2Story",8,5,2006,2006,"Gable","CompShg","VinylSd","VinylSd","Stone",788,4,3,"PConc",4,3,2,1,1,1085,"GasA",5,"Y",5,1970,0,0,2,1,3,1,5,8,1,4,"BuiltIn",3,3,753,3,3,3,177,74,0,0,0,0,0,0,"NA",0,10,2006,"New","Partial",281000,1,1,1,0,0,0,1
"020","RL",12182,"Pave","NA",4,"Lvl",4,"Corner",3,"NridgHt","Norm","Norm","1Fam","1Story",7,5,2005,2005,"Gable","CompShg","VinylSd","VinylSd","BrkFace",226,4,3,"PConc",4,3,2,4,1,1541,"GasA",5,"Y",5,1541,0,0,2,0,3,1,4,8,1,4,"Attchd",2,2,532,3,3,3,0,70,0,0,0,0,0,0,"NA",0,5,2010,"New","Partial",220000,1,1,1,0,0,0,1
"020","RL",9158,"Pave","NA",4,"Lvl",4,"Inside",3,"Somerst","Norm","Norm","1Fam","1Story",8,5,2007,2007,"Gable","CompShg","CemntBd","CmentBd","Stone",140,4,3,"PConc",4,3,3,1,1,1496,"GasA",5,"Y",5,1496,0,0,2,0,3,1,4,8,0,0,"Attchd",3,2,474,3,3,3,168,130,0,0,0,0,0,0,"NA",0,6,2007,"New","Partial",225000,1,1,0,0,0,0,1
"020","RL",11202,"Pave","NA",3,"Lvl",4,"Inside",3,"Timber","Norm","Norm","1Fam","1Story",8,5,2003,2003,"Hip","CompShg","VinylSd","VinylSd","BrkFace",206,4,3,"PConc",5,3,3,6,1,1432,"GasA",5,"Y",5,1440,1,0,2,0,3,1,4,8,1,3,"Attchd",3,2,467,3,3,3,185,95,0,0,0,0,0,0,"NA",0,6,2008,"WD","Normal",232500,1,1,1,0,0,0,1
"060","RL",12460,"Pave","NA",3,"Lvl",4,"FR2",3,"Gilbert","RRAn","Norm","1Fam","2Story",7,5,1999,2000,"Gable","CompShg","VinylSd","VinylSd","None",0,4,3,"PConc",4,3,1,6,1,1037,"GasA",5,"Y",5,2322,0,0,2,1,4,1,3,8,1,3,"BuiltIn",3,2,400,3,3,3,144,44,0,0,0,0,0,0,"NA",0,5,2008,"WD","Normal",225000,1,1,1,0,0,0,0
"020","RL",8430,"Pave","NA",4,"HLS",4,"Inside",2,"CollgCr","Norm","Norm","1Fam","1Story",5,5,1978,1978,"Gable","CompShg","HdBoard","HdBoard","BrkFace",136,3,3,"CBlock",4,3,1,3,1,1040,"GasA",3,"Y",5,1040,0,0,2,0,3,1,3,8,0,0,"NA",0,0,0,0,0,3,0,0,0,0,0,0,0,0,"NA",0,8,2009,"WD","Normal",124000,1,0,0,0,0,0,1
"050","RM",10440,"Pave","Grvl",4,"Lvl",4,"Corner",3,"OldTown","Norm","Norm","1Fam","1.5Fin",6,7,1920,1950,"Gable","CompShg","BrkFace","Wd Sdng","None",0,4,4,"BrkTil",4,3,1,2,1,1510,"GasW",5,"Y",5,2792,0,0,2,0,5,1,3,5,2,3,"Detchd",1,2,520,2,3,3,0,547,0,0,480,0,0,3,"Shed",1150,6,2008,"WD","Normal",256000,1,1,1,0,1,1,0
"160","FV",2544,"Pave","Pave",4,"Lvl",4,"Inside",3,"Somerst","Norm","Norm","Twnhs","2Story",6,5,2005,2005,"Gable","CompShg","VinylSd","VinylSd","BrkFace",216,4,3,"PConc",4,3,1,6,1,600,"GasA",5,"Y",5,1236,1,0,2,1,2,1,4,8,0,0,"Detchd",2,2,480,3,3,3,0,166,0,0,0,0,0,0,"NA",0,5,2010,"WD","Normal",152000,1,1,0,0,0,1,1
"020","RL",7943,"Pave","NA",4,"Lvl",4,"Inside",3,"Sawyer","Feedr","Norm","1Fam","1Story",4,5,1961,1961,"Gable","CompShg","VinylSd","VinylSd","BrkCmn",192,3,2,"CBlock",3,3,2,3,1,1029,"GasA",4,"Y",5,1029,1,0,1,0,3,1,3,8,0,0,"Attchd",1,1,261,3,3,3,64,0,39,0,0,0,0,0,"NA",0,4,2007,"WD","Normal",118500,1,1,0,0,0,0,1
"060","RL",9205,"Pave","NA",3,"Lvl",4,"Inside",3,"NoRidge","Norm","Norm","1Fam","2Story",6,5,1990,1991,"Hip","CompShg","HdBoard","HdBoard","BrkFace",304,4,3,"PConc",4,3,1,5,1,930,"GasA",5,"Y",5,2683,1,0,2,1,4,1,4,8,2,4,"Attchd",2,2,473,3,3,3,237,251,0,0,196,0,0,0,"NA",0,6,2008,"WD","Normal",290000,1,1,1,0,0,0,1
"060","RL",21930,"Pave","NA",1,"Lvl",4,"Inside",3,"Gilbert","RRAn","Norm","1Fam","2Story",5,5,2005,2005,"Gable","CompShg","VinylSd","VinylSd","None",0,4,3,"PConc",4,4,3,1,1,732,"GasA",5,"Y",5,1838,0,0,2,1,4,1,3,8,1,4,"BuiltIn",3,2,372,3,3,3,100,40,0,0,0,0,0,0,"NA",0,7,2006,"WD","Normal",192140,1,1,1,0,0,0,0
"080","RL",10970,"Pave","NA",3,"Low",4,"Inside",2,"CollgCr","Norm","Norm","1Fam","SLvl",6,6,1978,1978,"Gable","CompShg","Plywood","HdBoard","None",0,3,3,"CBlock",4,4,4,6,2,940,"GasA",3,"Y",5,1026,1,0,1,0,3,1,3,8,0,0,"Detchd",1,2,576,3,2,3,0,0,34,0,0,0,0,3,"NA",0,10,2008,"WD","Normal",147000,1,1,0,0,1,0,0
"070","RL",8969,"Pave","NA",4,"Bnk",4,"Inside",3,"Crawfor","Norm","Norm","1Fam","2Story",6,6,1926,1950,"Gambrel","CompShg","Wd Sdng","Wd Sdng","None",0,3,3,"BrkTil",3,3,1,4,1,644,"GasA",5,"Y",5,1316,1,0,1,0,2,1,3,8,1,4,"Detchd",1,1,369,3,3,2,0,0,0,0,192,0,0,3,"NA",0,7,2008,"WD","Normal",145000,1,1,1,0,1,0,0
"020","RL",6400,"Pave","NA",4,"Lvl",4,"Inside",3,"Edwards","Norm","Norm","1Fam","1Story",5,7,1959,2000,"Gable","CompShg","WdShing","Wd Shng","None",0,3,3,"CBlock",3,3,3,3,5,960,"GasA",5,"Y",5,960,1,0,1,0,2,1,2,8,0,0,"Detchd",1,1,392,3,3,3,144,0,35,0,0,0,0,0,"NA",0,12,2007,"WD","Normal",131750,1,1,0,0,0,0,0
"060","RL",13215,"Pave","NA",3,"Lvl",4,"Corner",3,"NridgHt","Norm","Norm","1Fam","2Story",8,5,2004,2004,"Gable","CompShg","VinylSd","VinylSd","BrkFace",112,4,3,"PConc",4,3,1,6,1,1420,"GasA",5,"Y",5,1914,1,0,2,1,3,1,4,8,1,3,"BuiltIn",2,3,746,3,3,3,168,127,0,0,0,0,0,0,"NA",0,2,2006,"WD","Normal",279000,1,1,1,0,0,0,1
"050","RM",8398,"Pave","Grvl",4,"Lvl",4,"Inside",3,"OldTown","Norm","Norm","1Fam","1.5Fin",6,8,1910,1990,"Gable","CompShg","Wd Sdng","Wd Sdng","None",0,3,3,"CBlock",4,4,1,4,1,926,"GasA",3,"Y",5,1650,0,0,2,0,3,1,3,8,0,0,"Detchd",1,2,468,3,3,1,128,103,0,0,0,0,0,0,"NA",0,11,2007,"WD","Normal",144100,1,1,0,0,0,1,0
"190","RH",6048,"Pave","NA",4,"Lvl",4,"Corner",3,"SWISU","Artery","Norm","2fmCon","1.5Fin",5,7,1910,1950,"Gable","CompShg","Wd Sdng","Wd Sdng","None",0,3,4,"BrkTil",3,3,2,2,1,856,"GasA",4,"Y",5,1680,1,0,2,0,2,2,3,8,1,4,"Detchd",1,2,450,3,2,2,56,144,0,0,0,0,0,0,"NA",0,6,2010,"COD","Normal",114900,1,1,1,0,0,0,0
"060","RL",15611,"Pave","NA",4,"Lvl",4,"Inside",3,"CollgCr","Norm","Norm","1Fam","2Story",8,5,2006,2006,"Gable","CompShg","VinylSd","VinylSd","None",0,4,3,"PConc",4,3,3,1,1,1079,"GasA",5,"Y",5,1919,0,0,2,1,3,1,4,8,1,4,"Attchd",2,2,685,4,3,3,0,51,0,0,0,0,0,0,"NA",0,7,2006,"New","Partial",233230,1,1,1,0,0,0,0
"020","RL",10800,"Pave","NA",4,"Lvl",4,"Inside",3,"NWAmes","Norm","Norm","1Fam","1Story",6,5,1963,1963,"Gable","CompShg","HdBoard","HdBoard","BrkFace",203,3,3,"CBlock",3,3,1,4,3,1052,"GasA",3,"Y",5,1052,1,0,1,0,3,1,3,8,0,0,"Attchd",3,1,311,3,3,3,0,133,0,0,0,0,0,0,"NA",0,2,2007,"COD","Normal",127000,1,1,0,0,0,0,1
"030","RM",6180,"Pave","NA",4,"Lvl",4,"Corner",3,"BrkSide","Norm","Norm","1Fam","1Story",6,5,1926,1950,"Gable","CompShg","Wd Sdng","Wd Sdng","None",0,3,3,"BrkTil",3,3,1,1,1,960,"GasA",3,"N",5,986,0,0,1,0,2,1,3,8,1,4,"Detchd",1,1,180,3,3,3,0,128,0,0,0,0,0,0,"NA",0,5,2007,"WD","Normal",102000,1,1,1,0,0,0,0
"060","RL",10562,"Pave","NA",4,"Lvl",4,"Inside",3,"NridgHt","Norm","Norm","1Fam","2Story",8,5,2007,2007,"Gable","CompShg","VinylSd","VinylSd","Stone",300,4,3,"PConc",5,3,1,6,1,1582,"GasA",5,"Y",5,2161,1,0,1,1,3,1,5,8,1,4,"Attchd",3,3,789,3,3,3,178,120,0,0,0,0,0,0,"NA",0,11,2007,"New","Partial",325624,1,1,1,0,0,0,1
"070","RL",7000,"Pave","NA",4,"Lvl",4,"Inside",3,"SWISU","Feedr","Norm","1Fam","2Story",7,8,1926,1997,"Gable","CompShg","Wd Sdng","Stucco","None",0,3,3,"BrkTil",3,3,1,5,1,624,"GasA",5,"Y",5,1479,1,0,1,0,3,1,4,8,2,4,"Detchd",1,1,312,3,3,3,530,0,56,0,0,0,0,3,"NA",0,5,2006,"WD","Normal",160000,1,1,1,0,1,0,0
"060","RL",9240,"Pave","NA",4,"Lvl",4,"Inside",3,"CollgCr","Norm","Norm","1Fam","2Story",8,5,2001,2002,"Gable","CompShg","VinylSd","VinylSd","BrkFace",396,4,3,"PConc",4,3,1,1,1,1055,"GasA",5,"Y",5,2263,0,0,2,1,3,1,4,8,1,3,"BuiltIn",3,2,905,3,3,3,0,45,0,0,189,0,0,0,"NA",0,9,2008,"WD","Normal",287000,1,1,1,0,0,0,1
"060","RL",8834,"Pave","NA",4,"Lvl",4,"Inside",3,"NridgHt","Norm","Norm","1Fam","2Story",9,5,2004,2005,"Hip","CompShg","VinylSd","VinylSd","Stone",216,4,3,"PConc",5,3,1,6,1,1462,"GasA",5,"Y",5,2224,1,0,2,1,4,1,5,8,1,4,"Attchd",3,3,738,3,3,3,184,0,0,0,0,0,0,0,"NA",0,6,2009,"WD","Normal",350000,1,1,1,0,0,0,1
"020","RL",9600,"Pave","NA",4,"Lvl",4,"Inside",3,"NAmes","Norm","Norm","1Fam","1Story",5,6,1960,1960,"Gable","CompShg","MetalSd","MetalSd","BrkFace",203,2,2,"CBlock",3,3,1,3,1,1296,"GasA",3,"Y",5,1496,0,0,2,0,3,1,4,8,0,0,"Attchd",2,2,450,3,3,3,0,22,0,0,0,0,0,3,"NA",0,2,2008,"WD","Normal",141500,1,1,0,0,1,0,1
"050","RM",6240,"Pave","NA",4,"Lvl",4,"Inside",3,"BrkSide","Norm","Norm","1Fam","1.5Fin",4,5,1947,1950,"Gable","CompShg","AsbShng","AsbShng","None",0,3,3,"Slab",0,0,0,0,0,0,"GasA",4,"N",5,912,0,0,1,0,2,1,3,8,0,0,"NA",0,0,0,0,0,1,0,0,0,0,0,0,0,0,"NA",0,7,2006,"WD","Normal",80500,0,0,0,0,0,0,0
"020","RL",9571,"Pave","NA",4,"Lvl",4,"Inside",3,"Edwards","Norm","Norm","1Fam","1Story",5,6,1956,1956,"Gable","CompShg","Wd Sdng","Wd Sdng","None",0,3,3,"CBlock",3,3,3,4,1,1144,"GasA",3,"Y",5,1144,1,0,1,0,3,1,3,8,0,0,"Attchd",1,1,596,3,3,3,44,0,0,0,0,0,0,0,"NA",0,6,2010,"WD","Normal",129000,1,1,0,0,0,0,0
"190","RL",6221,"Pave","NA",3,"Lvl",4,"Inside",3,"Crawfor","Norm","Norm","2fmCon","1.5Fin",5,5,1941,1950,"Gable","CompShg","VinylSd","VinylSd","None",0,3,3,"CBlock",3,2,1,2,1,728,"GasA",5,"Y",5,1355,0,0,2,0,3,1,3,8,0,0,"Detchd",1,2,528,3,3,3,0,0,0,0,144,0,0,3,"NA",0,10,2007,"WD","Normal",140000,1,1,0,0,1,0,0
"060","RL",11700,"Pave","NA",4,"Lvl",4,"Inside",3,"NWAmes","RRAn","Norm","1Fam","2Story",6,6,1968,1968,"Gable","CompShg","MetalSd","MetalSd","None",0,3,3,"CBlock",3,3,1,3,1,727,"GasA",5,"Y",5,1556,0,0,1,1,4,1,3,8,0,0,"Attchd",1,2,441,3,3,3,0,0,0,0,0,0,0,0,"NA",0,5,2009,"WD","Normal",154000,1,1,0,0,0,0,0
"020","RL",10434,"Pave","NA",4,"Lvl",4,"Inside",3,"NAmes","Norm","Norm","1Fam","1Story",4,5,1955,1955,"Gable","CompShg","Plywood","Plywood","None",0,3,3,"CBlock",3,3,1,1,1,1005,"GasA",3,"Y",5,1005,0,0,1,0,2,1,2,8,1,3,"Detchd",1,2,672,2,2,3,0,0,0,0,0,0,0,0,"NA",0,11,2009,"WD","Normal",115000,1,1,1,0,0,0,0
"090","RL",6979,"Pave","NA",4,"Lvl",4,"Inside",3,"OldTown","Norm","Norm","Duplex","SFoyer",6,5,1980,1980,"Gable","CompShg","Plywood","Plywood","None",0,3,3,"CBlock",3,3,1,6,1,1056,"GasA",4,"Y",5,1056,2,0,0,0,0,2,3,8,0,0,"Detchd",1,2,576,3,3,3,264,56,0,0,0,0,0,4,"Shed",600,6,2010,"WD","Normal",144000,1,1,0,0,1,0,0
"120","RL",6442,"Pave","NA",3,"Lvl",4,"Inside",3,"NridgHt","Norm","Norm","TwnhsE","1Story",8,5,2006,2006,"Gable","CompShg","VinylSd","VinylSd","Stone",178,4,3,"PConc",4,4,2,6,1,1370,"GasA",5,"Y",5,1370,0,0,2,0,2,1,4,8,1,4,"Attchd",2,2,484,3,3,3,120,49,0,0,0,0,0,0,"NA",0,10,2007,"WD","Normal",202500,1,1,1,0,0,0,1
"060","RL",11643,"Pave","NA",3,"Lvl",4,"Inside",3,"NridgHt","Norm","Norm","1Fam","2Story",8,5,2005,2006,"Hip","CompShg","MetalSd","MetalSd","BrkFace",142,4,3,"PConc",5,3,3,6,1,1524,"GasA",5,"Y",5,2358,1,0,2,1,4,1,5,8,1,4,"BuiltIn",3,3,784,3,3,3,120,34,0,0,0,0,0,0,"NA",0,8,2006,"New","Partial",329900,1,1,1,0,0,0,1
"120","RL",4671,"Pave","NA",3,"HLS",4,"Inside",3,"StoneBr","Norm","Norm","TwnhsE","1Story",8,5,1988,1989,"Gable","CompShg","HdBoard","HdBoard","None",0,4,3,"PConc",4,3,2,6,1,1228,"GasA",4,"Y",5,1228,1,0,2,0,2,1,4,8,1,4,"Attchd",3,2,472,3,3,3,168,120,0,0,0,0,0,0,"NA",0,10,2008,"WD","Normal",189000,1,1,1,0,0,0,0
"070","RM",6406,"Pave","Grvl",4,"Lvl",4,"Inside",3,"OldTown","Norm","Norm","1Fam","2Story",5,6,1939,1950,"Gable","CompShg","Wd Sdng","Wd Sdng","None",0,3,3,"BrkTil",3,3,1,5,1,690,"GasA",3,"Y",3,1558,0,0,1,1,3,1,3,8,1,4,"Detchd",1,2,400,3,3,3,0,36,0,0,182,0,0,3,"NA",0,10,2009,"WD","Normal",150000,1,1,1,0,1,1,0
"190","RM",5600,"Pave","NA",4,"Lvl",4,"Inside",3,"IDOTRR","Norm","Norm","2fmCon","2Story",4,5,1930,1950,"Hip","CompShg","VinylSd","Wd Shng","None",0,2,2,"Slab",0,0,0,0,0,0,"GasA",2,"N",5,1092,0,0,2,0,3,2,2,5,0,0,"NA",0,0,0,0,0,1,0,0,0,0,0,0,0,0,"Othr",3500,7,2010,"WD","Normal",55000,0,0,0,0,0,0,0
"090","RL",12900,"Pave","NA",4,"Lvl",4,"Inside",3,"Sawyer","Feedr","Norm","Duplex","SFoyer",4,4,1969,1969,"Gable","CompShg","Plywood","Plywood","None",0,3,3,"CBlock",4,3,3,6,1,1198,"GasA",3,"Y",5,1258,2,0,0,2,0,2,3,8,0,0,"CarPort",1,2,400,2,3,3,120,0,0,0,0,0,0,0,"NA",0,1,2008,"WD","Alloca",108959,1,1,0,0,0,0,0
"020","RL",53227,"Pave","NA",3,"Low",4,"CulDSac",2,"ClearCr","Norm","Norm","1Fam","1Story",4,6,1954,1994,"Flat","Tar&Grv","Plywood","Plywood","None",0,3,3,"CBlock",4,3,4,4,1,1364,"GasA",5,"Y",5,1663,1,0,1,0,2,1,4,7,2,4,"Attchd",3,2,529,3,3,3,224,137,0,0,0,0,0,0,"NA",0,3,2008,"WD","Normal",256000,1,1,1,0,0,0,0
"060","RL",13450,"Pave","NA",3,"Lvl",4,"Corner",3,"CollgCr","Norm","Norm","1Fam","2Story",7,5,2002,2002,"Gable","CompShg","VinylSd","VinylSd","None",0,4,3,"PConc",4,3,1,6,1,916,"GasA",5,"Y",5,1861,1,0,2,1,3,1,4,8,0,0,"BuiltIn",2,2,492,3,3,3,146,91,0,0,0,0,0,0,"NA",0,6,2006,"WD","Normal",2e+05,1,1,0,0,0,0,0
"060","RL",10304,"Pave","NA",3,"Lvl",4,"CulDSac",3,"NWAmes","PosN","Norm","1Fam","2Story",5,7,1976,1976,"Gable","CompShg","Plywood","Plywood","BrkFace",44,3,4,"CBlock",3,3,1,5,1,780,"GasA",5,"Y",5,1868,1,0,2,1,4,1,4,8,1,3,"Attchd",1,2,484,3,3,3,448,96,0,0,0,0,0,0,"NA",0,10,2009,"WD","Normal",197500,1,1,1,0,0,0,1
"020","RL",7440,"Pave","NA",4,"Lvl",4,"Inside",3,"Edwards","Norm","Norm","1Fam","1Story",5,6,1954,1954,"Gable","CompShg","Wd Sdng","Wd Sdng","None",0,3,3,"CBlock",4,3,1,4,1,1089,"GasW",3,"Y",5,1089,1,0,1,0,3,1,3,8,1,4,"Detchd",2,1,252,3,3,2,328,0,0,0,0,0,0,3,"NA",0,9,2009,"WD","Normal",125000,1,1,1,0,1,0,0
"120","RL",14963,"Pave","NA",2,"Lvl",4,"Inside",3,"Veenker","Norm","Norm","TwnhsE","1Story",8,5,1996,1996,"Gable","CompShg","BrkFace","BrkFace","None",0,4,3,"PConc",4,3,1,6,1,1260,"GasA",5,"Y",5,1288,1,0,1,1,1,1,5,8,2,4,"Attchd",3,2,500,3,3,3,120,30,0,0,224,0,0,0,"NA",0,12,2008,"WD","Normal",245500,1,1,1,0,0,0,0
"020","RL",10721,"Pave","NA",3,"Lvl",4,"Inside",3,"NAmes","Norm","Norm","1Fam","1Story",6,6,1959,1959,"Hip","CompShg","HdBoard","HdBoard","Stone",243,4,3,"CBlock",3,3,1,1,1,1252,"GasA",5,"Y",5,1252,0,0,1,0,3,1,4,8,0,0,"Detchd",1,2,528,3,3,3,0,39,0,0,0,0,0,0,"NA",0,10,2008,"WD","Normal",142000,1,1,0,0,0,0,1
"050","RL",11500,"Pave","NA",3,"Lvl",4,"Inside",3,"Crawfor","Norm","Norm","1Fam","1.5Fin",7,7,1936,1987,"Gable","CompShg","BrkFace","BrkFace","None",0,4,3,"CBlock",4,3,1,3,1,1017,"GasA",4,"Y",5,2057,0,0,1,1,3,1,4,8,1,4,"Attchd",3,1,180,2,3,3,0,0,0,0,322,0,0,0,"NA",0,6,2006,"WD","Normal",250000,1,1,1,0,0,0,0
"020","RL",10114,"Pave","NA",4,"Lvl",4,"Inside",3,"Mitchel","Norm","Norm","1Fam","1Story",5,5,2004,2005,"Gable","CompShg","VinylSd","VinylSd","None",0,3,3,"PConc",5,3,3,1,1,1430,"GasA",5,"Y",5,1430,0,0,2,0,3,1,4,8,0,0,"Attchd",2,2,624,3,3,3,0,0,0,0,0,0,0,0,"NA",0,3,2010,"WD","Normal",173500,1,1,0,0,0,0,0
"090","RL",9350,"Pave","NA",4,"Lvl",4,"Inside",3,"Edwards","Norm","Norm","Duplex","SFoyer",5,5,1975,1975,"Gable","CompShg","HdBoard","HdBoard","None",0,3,3,"PConc",4,3,3,6,1,864,"GasA",2,"N",5,864,1,0,1,0,2,1,3,8,0,0,"NA",0,0,0,0,0,3,0,0,0,0,0,0,0,0,"NA",0,4,2008,"WD","Normal",99600,1,0,0,0,0,0,0
"120","RM",4224,"Pave","NA",4,"Lvl",4,"Inside",3,"MeadowV","Norm","Norm","TwnhsE","1Story",5,5,1976,1976,"Gable","CompShg","CemntBd","CmentBd","None",0,3,3,"PConc",4,3,1,5,1,1142,"GasA",3,"Y",5,1142,1,0,1,1,3,1,3,8,1,1,"Attchd",3,2,528,3,3,3,536,90,0,0,0,0,0,3,"NA",0,8,2007,"WD","Normal",134000,1,1,1,0,1,0,0
"060","RL",15896,"Pave","NA",2,"Lvl",4,"CulDSac",3,"Gilbert","RRNn","Norm","1Fam","2Story",7,5,1999,1999,"Gable","CompShg","VinylSd","VinylSd","BrkFace",210,4,3,"PConc",4,3,1,5,1,1177,"GasA",5,"Y",5,2312,1,0,2,1,4,1,4,8,1,3,"BuiltIn",3,3,658,3,3,3,298,0,0,0,0,0,0,0,"NA",0,5,2009,"WD","Normal",245000,1,1,1,0,0,0,1
"050","RM",6000,"Pave","NA",4,"Lvl",4,"Inside",3,"BrkSide","Norm","Norm","1Fam","1.5Fin",4,6,1936,1950,"Gable","CompShg","MetalSd","MetalSd","None",0,3,3,"BrkTil",3,3,1,4,1,672,"GasA",3,"Y",5,1324,0,0,1,0,3,1,3,8,0,0,"Detchd",1,1,240,3,3,3,0,0,0,0,0,0,0,0,"NA",0,7,2009,"WD","Normal",128000,1,1,0,0,0,0,0
"190","RL",10382,"Pave","NA",4,"Lvl",4,"Inside",3,"NAmes","Norm","Norm","2fmCon","SLvl",6,5,1958,1958,"Hip","CompShg","HdBoard","HdBoard","BrkFace",105,3,2,"CBlock",3,3,4,5,1,588,"GasA",3,"Y",5,1095,1,0,1,0,2,1,3,8,0,0,"Attchd",2,1,264,3,3,3,0,0,0,0,0,0,0,0,"NA",0,3,2006,"ConLD","Normal",140000,1,1,0,0,0,0,1
"050","RL",159000,"Pave","NA",2,"Low",4,"CulDSac",1,"ClearCr","Norm","Norm","1Fam","1.5Fin",6,7,1958,2006,"Gable","CompShg","Wd Sdng","HdBoard","BrkCmn",472,4,3,"CBlock",4,3,4,3,1,1444,"GasA",4,"Y",5,2144,0,1,2,0,4,1,4,8,2,3,"Attchd",3,2,389,3,3,3,0,98,0,0,0,0,0,0,"Shed",500,6,2007,"WD","Normal",277000,1,1,1,0,0,0,1
"120","RL",7132,"Pave","NA",3,"Lvl",4,"Inside",3,"NridgHt","Norm","Norm","TwnhsE","1Story",8,5,2006,2006,"Gable","CompShg","VinylSd","VinylSd","Stone",178,4,3,"PConc",4,3,2,6,1,1370,"GasA",5,"Y",5,1370,0,0,2,0,2,1,4,8,1,4,"Attchd",2,2,484,3,3,3,120,49,0,0,0,0,0,0,"NA",0,4,2010,"WD","Normal",205000,1,1,1,0,0,0,1
"050","RL",12099,"Pave","NA",3,"Lvl",4,"Inside",3,"NAmes","Norm","Norm","1Fam","1.5Fin",5,6,1953,2004,"Gable","CompShg","MetalSd","MetalSd","None",0,3,3,"CBlock",3,2,1,2,1,1216,"GasA",5,"Y",5,1728,1,0,1,0,3,1,3,8,1,4,"Attchd",1,1,371,3,3,3,200,0,0,0,0,0,0,2,"NA",0,6,2007,"WD","Normal",156000,1,1,1,0,1,0,0
"050","RL",10544,"Pave","NA",3,"Lvl",4,"Inside",2,"Mitchel","Norm","Norm","1Fam","1.5Fin",5,5,1969,1969,"Gable","CompShg","HdBoard","HdBoard","None",0,3,3,"CBlock",3,3,3,4,1,864,"GasA",3,"Y",5,1479,0,0,2,0,5,1,3,8,0,0,"Attchd",3,1,275,3,3,3,287,0,280,0,0,0,0,0,"NA",0,4,2010,"WD","Normal",161000,1,1,0,0,0,0,0
"050","RL",8160,"Pave","NA",4,"Lvl",4,"Inside",3,"Edwards","Norm","Norm","1Fam","1.5Fin",5,6,1940,1950,"Gable","CompShg","MetalSd","MetalSd","None",0,3,3,"BrkTil",3,3,1,5,1,756,"GasA",2,"N",2,1134,1,0,1,1,3,1,3,8,0,0,"Detchd",1,1,240,3,3,2,0,0,0,0,0,0,0,0,"NA",0,4,2007,"WD","AdjLand",126000,1,1,0,0,0,0,0
"020","RL",12772,"Pave","NA",3,"Lvl",4,"CulDSac",3,"NAmes","Norm","Norm","1Fam","1Story",6,8,1960,1998,"Hip","CompShg","MetalSd","MetalSd","None",0,3,4,"CBlock",3,3,2,4,1,958,"GasA",3,"Y",5,958,0,0,1,0,2,1,3,8,0,0,"Attchd",2,1,301,3,3,3,0,0,0,0,0,0,0,0,"Gar2",15500,4,2007,"WD","Normal",151500,1,1,0,0,0,0,0
"020","RL",8724,"Pave","NA",4,"Lvl",4,"Inside",3,"Sawyer","Norm","Norm","1Fam","1Story",5,5,1968,1968,"Gable","CompShg","VinylSd","VinylSd","None",0,3,3,"CBlock",4,3,1,4,1,894,"GasA",4,"Y",5,894,0,0,1,0,3,1,3,8,1,1,"Attchd",3,2,450,3,3,3,0,0,0,0,0,0,0,0,"NA",0,5,2007,"WD","Normal",129000,1,1,1,0,0,0,0
"060","RL",7861,"Pave","NA",3,"Lvl",4,"Inside",3,"Gilbert","Norm","Norm","1Fam","2Story",6,5,2002,2003,"Gable","CompShg","VinylSd","VinylSd","None",0,4,3,"PConc",4,3,1,6,1,783,"GasA",5,"Y",5,1509,1,0,2,1,3,1,4,8,1,4,"Attchd",3,2,393,3,3,3,100,75,0,0,0,0,0,0,"NA",0,6,2006,"WD","Normal",183200,1,1,1,0,0,0,0
"075","RM",6300,"Pave","Grvl",4,"Lvl",4,"Inside",3,"OldTown","Norm","Norm","1Fam","2.5Unf",6,6,1914,2001,"Gable","CompShg","Wd Sdng","Wd Shng","None",0,3,3,"CBlock",3,3,1,1,1,742,"GasA",5,"Y",5,1484,0,0,2,0,3,1,3,8,1,4,"NA",0,0,0,0,0,3,0,291,134,0,0,0,0,0,"NA",0,6,2008,"WD","Normal",128000,1,0,1,0,0,1,0
"070","RM",7200,"Pave","NA",4,"Lvl",4,"Corner",3,"OldTown","Norm","Norm","1Fam","2Story",7,7,1920,1950,"Hip","CompShg","Wd Sdng","Wd Sdng","None",0,3,3,"BrkTil",2,3,1,1,1,596,"GasA",5,"Y",5,1762,1,0,1,1,4,1,4,8,0,0,"Detchd",1,2,576,3,3,1,36,0,221,0,0,0,0,0,"NA",0,10,2006,"WD","Normal",157000,1,1,0,0,0,0,0
"180","RM",3675,"Pave","NA",4,"Lvl",4,"Inside",3,"Edwards","Norm","Norm","TwnhsE","SFoyer",6,5,2005,2006,"Gable","CompShg","VinylSd","VinylSd","BrkFace",82,3,3,"PConc",4,3,4,6,1,547,"GasA",4,"Y",5,1072,1,0,2,0,2,1,3,8,0,0,"Basment",3,2,525,3,3,3,0,44,0,0,0,0,0,0,"NA",0,6,2006,"New","Partial",140000,1,1,0,0,0,0,1
"060","RL",12774,"Pave","NA",4,"Lvl",4,"FR2",3,"SawyerW","Norm","Norm","1Fam","2Story",7,5,2003,2004,"Gable","CompShg","VinylSd","VinylSd","BrkFace",95,4,3,"PConc",4,3,3,1,1,835,"GasA",5,"Y",5,1663,0,0,2,1,3,1,4,8,0,0,"Attchd",2,2,478,3,3,3,168,68,0,0,0,0,0,0,"NA",0,7,2008,"WD","Normal",192500,1,1,0,0,0,0,1
"020","RL",11767,"Pave","NA",4,"Lvl",4,"Inside",3,"Edwards","Norm","Norm","1Fam","1Story",5,5,1956,1956,"Hip","CompShg","HdBoard","HdBoard","BrkFace",259,3,3,"CBlock",3,3,1,3,1,1150,"GasA",5,"Y",5,1560,0,0,1,0,2,1,3,7,1,3,"Attchd",1,1,313,3,3,3,0,0,0,0,0,0,0,0,"NA",0,5,2009,"WD","Normal",103500,1,1,1,0,0,0,1
"160","RL",2280,"Pave","NA",4,"Lvl",4,"FR2",3,"NPkVill","Norm","Norm","Twnhs","2Story",6,6,1975,1975,"Gable","CompShg","Plywood","Brk Cmn","None",0,3,3,"CBlock",3,3,1,5,1,855,"GasA",3,"Y",5,1456,0,0,2,1,3,1,4,8,1,3,"Attchd",1,2,440,3,3,3,173,0,0,0,0,0,0,0,"NA",0,6,2010,"WD","Normal",149900,1,1,1,0,0,0,0
"120","RL",6373,"Pave","NA",4,"Lvl",4,"Inside",3,"NridgHt","Norm","Norm","TwnhsE","1Story",9,5,2006,2006,"Hip","CompShg","MetalSd","MetalSd","BrkFace",572,5,3,"PConc",5,4,1,6,1,1666,"GasA",5,"Y",5,1666,1,0,2,0,2,1,4,8,1,4,"Attchd",2,2,575,3,3,3,228,75,0,0,0,0,0,0,"NA",0,6,2006,"New","Partial",310090,1,1,1,0,0,0,1
"060","RL",8462,"Pave","NA",3,"Lvl",4,"Inside",3,"SawyerW","Norm","Norm","1Fam","2Story",6,5,1994,1994,"Gable","CompShg","HdBoard","HdBoard","BrkFace",105,4,4,"PConc",4,4,1,6,1,928,"GasA",5,"Y",5,1721,0,1,2,1,3,1,4,8,0,0,"Attchd",2,2,471,3,3,3,300,87,0,0,0,0,0,0,"NA",0,7,2007,"WD","Normal",201000,1,1,0,0,0,0,1
"030","C (all)",3300,"Pave","NA",4,"Lvl",4,"Inside",3,"OldTown","Norm","Norm","1Fam","1Story",4,3,1910,1950,"Gable","CompShg","Stucco","Stucco","None",0,3,3,"BrkTil",3,3,1,1,1,624,"GasA",5,"Y",5,816,0,0,1,0,2,1,3,8,1,4,"NA",0,0,0,0,0,1,0,33,0,0,0,0,0,0,"NA",0,6,2009,"WD","Normal",58500,1,0,1,0,0,0,0
"070","RL",19950,"Pave","NA",4,"Lvl",4,"Corner",3,"Edwards","Norm","Norm","1Fam","2Story",6,7,1928,1950,"Gable","CompShg","WdShing","Plywood","None",0,3,3,"PConc",3,3,1,1,1,672,"GasA",5,"Y",5,2009,0,0,2,0,4,1,3,8,2,4,"2Types",1,3,795,3,3,2,0,42,0,0,180,0,0,0,"NA",0,12,2006,"WD","Normal",235000,1,1,1,0,0,0,0
"020","RL",9600,"Pave","NA",4,"Lvl",4,"Inside",3,"NWAmes","PosN","Norm","1Fam","1Story",8,5,1981,1981,"Hip","WdShngl","BrkFace","BrkFace","None",0,4,3,"PConc",4,3,1,5,1,2524,"GasA",3,"Y",5,2524,1,0,2,1,4,1,4,8,1,4,"Attchd",3,2,542,3,3,3,474,120,0,0,0,0,0,3,"NA",0,7,2009,"WD","Normal",278000,1,1,1,0,1,0,0
"090","RL",10899,"Pave","NA",3,"Lvl",4,"Inside",3,"NAmes","Norm","Norm","Duplex","1Story",4,5,1964,1964,"Gable","CompShg","HdBoard","HdBoard","None",0,3,3,"Slab",0,0,0,0,0,0,"GasA",3,"N",5,1224,0,0,2,0,2,2,3,8,0,0,"CarPort",1,3,530,3,3,3,0,0,0,0,0,0,0,0,"NA",0,4,2007,"WD","Normal",103000,0,1,0,0,0,0,0
"080","RL",7750,"Pave","NA",4,"Lvl",4,"Inside",3,"Gilbert","Norm","Norm","1Fam","SLvl",8,5,2002,2002,"Hip","CompShg","VinylSd","VinylSd","None",0,4,3,"PConc",4,3,1,6,1,408,"GasA",5,"Y",5,1419,1,0,2,1,3,1,4,8,1,3,"BuiltIn",3,2,527,3,3,3,120,0,0,0,0,0,0,0,"NA",0,3,2009,"WD","Normal",184100,1,1,1,0,0,0,0
"060","RL",10628,"Pave","NA",3,"Lvl",4,"Corner",3,"SawyerW","Norm","Norm","1Fam","2Story",7,5,2004,2004,"Gable","CompShg","VinylSd","VinylSd","None",0,4,3,"PConc",4,3,4,1,1,835,"GasA",5,"Y",5,1812,0,0,2,1,3,1,4,8,0,0,"BuiltIn",2,2,478,3,3,3,146,91,0,0,0,0,0,0,"NA",0,1,2009,"WD","Normal",193000,1,1,0,0,0,0,0
"050","RM",5830,"Pave","NA",4,"Lvl",4,"Corner",3,"BrkSide","Feedr","Feedr","1Fam","1.5Fin",5,6,1950,1997,"Gable","CompShg","MetalSd","MetalSd","None",0,3,4,"CBlock",3,3,1,3,1,988,"GasA",5,"Y",5,1612,0,0,1,1,3,1,3,8,0,0,"Detchd",1,1,363,3,3,3,0,0,0,0,0,0,0,3,"NA",0,3,2010,"WD","Normal",128500,1,1,0,0,1,0,0
"020","RL",10895,"Pave","NA",4,"Lvl",4,"Corner",3,"NAmes","Norm","Norm","1Fam","1Story",5,6,1955,1955,"Gable","CompShg","MetalSd","MetalSd","None",0,3,4,"CBlock",3,3,1,3,1,972,"GasA",3,"Y",5,972,0,0,1,0,3,1,3,8,0,0,"Attchd",1,1,305,3,3,3,0,0,205,0,0,0,0,2,"NA",0,6,2010,"WD","Normal",122500,1,1,0,0,1,0,0
"090","RL",7018,"Pave","NA",4,"Bnk",4,"Inside",3,"SawyerW","Norm","Norm","Duplex","1Story",5,5,1979,1979,"Gable","CompShg","Plywood","Plywood","None",0,3,3,"Slab",0,0,0,0,0,0,"GasA",3,"Y",5,1535,0,0,2,0,4,2,3,8,0,0,"Attchd",1,2,400,3,3,3,0,0,0,0,0,0,0,0,"NA",0,6,2009,"WD","Alloca",118858,0,1,0,0,0,0,0
"120","RL",2529,"Pave","NA",4,"Lvl",4,"Inside",3,"NPkVill","Norm","Norm","Twnhs","1Story",7,6,1977,1977,"Gable","CompShg","Plywood","Brk Cmn","None",0,3,3,"CBlock",4,3,1,5,1,1055,"GasA",2,"Y",5,1055,0,0,2,0,2,1,3,8,0,0,"Attchd",1,2,440,3,3,3,0,38,0,0,0,0,0,0,"NA",0,9,2008,"WD","Normal",148500,1,1,0,0,0,0,0
"050","RL",9638,"Pave","NA",4,"Lvl",4,"Inside",3,"SWISU","Feedr","Norm","1Fam","1.5Fin",6,7,1919,1990,"Gable","CompShg","Wd Sdng","Wd Shng","None",0,3,3,"PConc",3,3,1,1,1,804,"GasA",5,"Y",5,2447,0,0,2,0,4,1,4,6,1,4,"Detchd",1,1,336,3,3,3,272,0,42,0,116,0,0,0,"NA",0,3,2010,"WD","Normal",169000,1,1,1,0,0,0,0
"020","RL",10140,"Pave","NA",4,"Lvl",4,"Inside",3,"NWAmes","RRAn","Norm","1Fam","1Story",7,6,1967,1967,"Hip","CompShg","HdBoard","HdBoard","BrkFace",264,3,3,"CBlock",3,3,1,4,2,1334,"GasA",4,"Y",5,1334,1,0,2,0,3,1,3,8,0,0,"Attchd",2,2,477,3,3,3,0,20,35,0,264,0,0,0,"NA",0,4,2006,"WD","Normal",164500,1,1,0,0,0,0,1
"020","RL",8816,"Pave","NA",4,"Lvl",4,"Corner",3,"Sawyer","Feedr","Norm","1Fam","1Story",5,6,1963,1963,"Gable","CompShg","VinylSd","VinylSd","None",0,3,3,"PConc",3,3,1,3,1,1121,"GasA",3,"Y",5,1121,1,0,1,0,3,1,3,8,0,0,"Detchd",1,2,480,3,3,3,0,80,0,0,0,0,0,3,"NA",0,6,2009,"WD","Normal",139000,1,1,0,0,1,0,0
"020","RL",6762,"Pave","NA",4,"Lvl",4,"Inside",3,"CollgCr","Norm","Norm","1Fam","1Story",7,5,2007,2007,"Gable","CompShg","VinylSd","VinylSd","BrkFace",108,4,3,"PConc",4,3,1,6,1,1208,"GasA",5,"Y",5,1208,1,0,2,0,2,1,4,8,0,0,"Attchd",2,2,628,3,3,3,105,54,0,0,0,0,0,0,"NA",0,9,2007,"New","Partial",195400,1,1,0,0,0,0,1
"020","RL",22002,"Pave","NA",4,"Lvl",4,"Corner",3,"NAmes","Norm","Norm","1Fam","1Story",6,7,1959,1991,"Gable","CompShg","MetalSd","MetalSd","BrkFace",136,3,4,"CBlock",3,3,2,5,1,1592,"GasA",4,"Y",5,1652,1,0,1,1,3,1,4,8,1,4,"Attchd",2,2,510,3,3,3,0,0,0,0,201,0,0,0,"NA",0,7,2007,"WD","Normal",2e+05,1,1,1,0,0,0,1
"020","RL",10206,"Pave","NA",4,"Lvl",4,"Inside",3,"Somerst","Norm","Norm","1Fam","1Story",8,5,2007,2007,"Gable","CompShg","VinylSd","VinylSd","Stone",468,3,3,"PConc",4,3,1,6,1,1563,"GasA",5,"Y",5,1563,0,0,2,0,3,1,4,8,1,4,"Attchd",2,3,758,3,3,3,144,99,0,0,0,0,0,0,"NA",0,10,2008,"WD","Normal",245000,1,1,1,0,0,0,1
"180","RM",3675,"Pave","NA",4,"Lvl",4,"Inside",3,"Edwards","Norm","Norm","TwnhsE","SLvl",5,5,2005,2005,"Gable","CompShg","VinylSd","VinylSd","BrkFace",80,3,3,"PConc",4,3,4,6,1,547,"GasA",4,"Y",5,1072,1,0,1,0,2,1,3,8,0,0,"Basment",3,2,525,3,3,3,0,28,0,0,0,0,0,0,"NA",0,5,2006,"WD","Normal",145000,1,1,0,0,0,0,1
"060","RL",9900,"Pave","NA",4,"Low",4,"Inside",2,"NoRidge","Norm","Norm","1Fam","2Story",7,5,1993,1993,"Gable","CompShg","HdBoard","HdBoard","BrkFace",256,4,3,"PConc",4,3,4,6,1,1347,"GasA",5,"Y",5,2646,1,0,2,1,4,1,4,8,1,3,"Attchd",2,3,656,3,3,3,340,60,144,0,0,0,0,0,"NA",0,4,2009,"WD","Normal",260000,1,1,1,0,0,0,1
"070","RL",7588,"Pave","NA",4,"Lvl",4,"Inside",3,"Crawfor","Norm","Norm","1Fam","2Story",7,6,1920,1950,"Gable","CompShg","Stucco","Stucco","None",0,3,3,"BrkTil",2,3,1,2,1,793,"GasA",4,"Y",5,1802,0,0,1,1,4,1,3,8,1,4,"Detchd",1,1,216,2,3,3,0,0,40,0,0,0,0,0,"NA",0,7,2006,"WD","Normal",200100,1,1,1,0,0,0,0
"090","RL",7728,"Pave","NA",4,"Lvl",4,"Inside",3,"NAmes","Norm","Norm","Duplex","SLvl",5,6,1962,1962,"Hip","CompShg","Wd Sdng","Wd Sdng","BrkFace",120,3,3,"CBlock",3,3,3,5,1,1106,"GasA",3,"Y",5,1190,1,0,1,0,3,1,3,8,0,0,"Attchd",1,2,540,3,3,3,0,18,0,0,0,0,0,2,"NA",0,5,2006,"WD","Normal",132500,1,1,0,0,1,0,1
"060","RL",13143,"Pave","NA",3,"Lvl",4,"Inside",3,"NoRidge","Norm","Norm","1Fam","2Story",8,5,1993,1993,"Gable","CompShg","HdBoard","ImStucc","BrkFace",504,4,3,"PConc",4,3,1,2,6,1231,"GasA",5,"Y",5,2349,1,0,2,1,4,1,4,8,1,3,"Attchd",2,3,762,3,3,3,32,130,0,0,0,0,0,0,"NA",0,6,2010,"WD","Normal",362500,1,1,1,0,0,0,1
"120","RM",5568,"Pave","NA",3,"HLS",4,"Inside",2,"Crawfor","Norm","Norm","TwnhsE","1Story",8,5,2006,2007,"Hip","CompShg","CemntBd","CmentBd","Stone",473,4,3,"PConc",4,3,4,6,1,1573,"GasA",4,"Y",5,1625,1,1,2,0,2,1,4,8,1,4,"Attchd",3,2,495,3,3,3,123,0,0,0,153,0,0,0,"NA",0,10,2007,"New","Partial",375000,1,1,1,0,0,0,1
"020","RL",9240,"Pave","NA",3,"Lvl",4,"Inside",3,"NAmes","Norm","Norm","1Fam","1Story",6,8,1959,1998,"Hip","CompShg","MetalSd","MetalSd","None",0,4,3,"CBlock",3,3,1,5,1,988,"GasA",3,"Y",5,988,1,0,2,0,3,1,4,8,0,0,"Attchd",1,1,297,3,3,3,156,0,0,0,0,0,0,0,"NA",0,6,2009,"WD","Normal",149500,1,1,0,0,0,0,0
"060","RL",11367,"Pave","NA",4,"Lvl",4,"Corner",3,"CollgCr","Norm","Norm","1Fam","2Story",8,5,2002,2002,"Gable","CompShg","VinylSd","VinylSd","BrkFace",210,4,3,"PConc",4,3,2,6,1,1065,"GasA",5,"Y",5,1989,1,0,2,1,3,1,4,8,1,4,"Attchd",3,2,586,3,3,3,199,60,0,0,0,0,0,0,"NA",0,11,2006,"WD","Normal",255000,1,1,1,0,0,0,1
"060","RL",9291,"Pave","NA",3,"Lvl",4,"Corner",3,"SawyerW","RRNe","Norm","1Fam","2Story",6,5,1993,1993,"Gable","CompShg","HdBoard","HdBoard","BrkFace",120,4,3,"PConc",4,3,1,6,1,832,"GasA",5,"Y",5,1710,0,0,2,1,3,1,4,8,0,0,"Attchd",2,2,506,3,3,3,144,70,0,0,0,0,0,0,"NA",0,6,2008,"WD","Normal",187000,1,1,0,0,0,0,1
"030","RL",7223,"Pave","NA",4,"Lvl",4,"Inside",3,"Crawfor","Norm","Norm","1Fam","1Story",5,5,1926,1950,"Hip","CompShg","Stucco","Plywood","None",0,3,3,"PConc",3,3,2,4,1,1290,"GasA",3,"Y",5,1422,0,0,1,0,3,1,3,8,0,0,"Detchd",1,1,352,3,3,3,0,0,64,0,0,0,0,3,"NA",0,4,2007,"WD","Normal",136500,1,1,0,0,1,0,0
"060","RL",9720,"Pave","NA",3,"Lvl",4,"CulDSac",3,"CollgCr","Norm","Norm","1Fam","2Story",9,5,2001,2002,"Gable","CompShg","VinylSd","VinylSd","BrkFace",134,4,3,"PConc",4,3,2,6,1,1357,"GasA",5,"Y",5,1947,1,0,2,1,3,1,4,8,1,3,"BuiltIn",3,3,725,3,3,3,168,116,0,0,0,0,0,0,"NA",0,1,2008,"WD","Normal",274000,1,1,1,0,0,0,1
"060","FV",10207,"Pave","NA",4,"Lvl",4,"Inside",3,"Somerst","Norm","Norm","1Fam","2Story",7,6,2007,2007,"Gable","CompShg","VinylSd","VinylSd","None",0,4,3,"PConc",4,3,1,1,1,874,"GasA",5,"Y",5,1761,0,0,3,0,3,1,4,8,0,0,"Attchd",3,2,578,3,3,3,144,105,0,0,0,0,0,0,"NA",0,8,2007,"New","Partial",227875,1,1,0,0,0,0,0
"080","RL",11080,"Pave","NA",4,"Lvl",4,"Corner",3,"Mitchel","Norm","Norm","1Fam","SLvl",6,6,1975,1975,"Gable","CompShg","Plywood","Plywood","BrkFace",257,3,3,"CBlock",3,3,3,6,1,1128,"GasA",3,"Y",5,1210,1,0,2,0,3,1,3,8,0,0,"Attchd",1,2,528,3,3,3,0,0,0,0,0,0,0,0,"NA",0,5,2006,"WD","Normal",148000,1,1,0,0,0,0,1
"050","RL",9492,"Pave","NA",4,"Lvl",4,"Inside",3,"NAmes","Artery","Norm","1Fam","1.5Fin",5,5,1941,1950,"Gable","CompShg","WdShing","Wd Shng","None",0,3,3,"CBlock",3,3,1,3,4,768,"GasA",3,"Y",5,1376,1,0,1,0,3,1,3,8,1,4,"Attchd",1,1,240,3,3,3,0,0,0,0,0,0,0,0,"NA",0,4,2007,"WD","Normal",105000,1,1,1,0,0,0,0
"085","RL",7400,"Pave","NA",3,"Lvl",4,"CulDSac",3,"Sawyer","Norm","Norm","1Fam","SFoyer",5,5,1984,1984,"Gable","CompShg","VinylSd","VinylSd","None",0,3,3,"PConc",4,3,3,2,5,1060,"GasA",3,"Y",5,1126,1,0,1,0,2,1,3,8,0,0,"Attchd",1,2,506,3,3,3,178,0,0,0,0,0,0,0,"NA",0,3,2008,"WD","Normal",152000,1,1,0,0,0,0,0
"085","RL",9069,"Pave","NA",4,"Lvl",4,"Inside",3,"SawyerW","Norm","Norm","1Fam","SFoyer",6,6,1992,1992,"Gable","CompShg","HdBoard","HdBoard","None",0,3,3,"PConc",4,3,3,6,1,936,"GasA",5,"Y",5,996,1,0,1,0,2,1,4,8,0,0,"Attchd",1,2,564,3,3,3,120,0,0,0,0,0,0,0,"NA",0,4,2010,"WD","Normal",147000,1,1,0,0,0,0,0
"050","RL",7822,"Pave","NA",4,"Bnk",4,"Corner",3,"Edwards","Artery","Norm","1Fam","1.5Fin",6,3,1915,1950,"Gable","CompShg","AsbShng","AsbShng","None",0,3,2,"BrkTil",2,2,1,1,1,832,"GasA",3,"Y",2,1338,0,0,2,0,3,1,3,8,0,0,"Detchd",1,2,528,3,3,1,0,0,208,0,0,0,0,4,"NA",0,5,2006,"WD","AdjLand",92000,1,1,0,0,1,0,0
"120","RL",6955,"Pave","NA",3,"Lvl",4,"Inside",3,"NridgHt","Norm","Norm","TwnhsE","1Story",7,5,2005,2006,"Gable","CompShg","VinylSd","VinylSd","Stone",94,4,3,"PConc",4,3,1,1,1,1368,"GasA",5,"Y",5,1368,0,0,2,0,2,1,4,8,1,4,"Attchd",2,2,474,3,3,3,132,35,0,0,0,0,0,0,"NA",0,9,2006,"New","Partial",202500,1,1,1,0,0,0,1
"020","RL",7500,"Pave","NA",4,"Lvl",4,"Corner",3,"Sawyer","Feedr","Norm","1Fam","1Story",5,5,1963,1963,"Gable","CompShg","HdBoard","HdBoard","None",0,3,3,"CBlock",3,3,1,5,1,1040,"GasA",2,"Y",5,1040,1,0,1,1,3,1,3,8,0,0,"Attchd",3,1,308,3,3,3,0,0,220,0,0,0,0,3,"NA",0,6,2010,"WD","Normal",133000,1,1,0,0,1,0,0
"020","RL",8050,"Pave","NA",4,"Lvl",4,"Inside",3,"NAmes","Norm","Norm","1Fam","1Story",5,6,1967,1993,"Gable","CompShg","MetalSd","MetalSd","None",0,3,3,"CBlock",3,3,1,5,4,949,"GasA",3,"Y",5,1107,1,0,1,0,3,1,4,8,0,0,"Attchd",2,1,308,3,3,3,88,64,0,0,0,0,0,0,"NA",0,3,2007,"WD","Normal",127000,1,1,0,0,0,0,0
"060","RL",13891,"Pave","NA",4,"Lvl",4,"Inside",3,"NridgHt","Norm","Norm","1Fam","2Story",9,5,2008,2009,"Hip","CompShg","VinylSd","VinylSd","Stone",424,5,3,"PConc",5,3,4,1,1,1734,"GasA",5,"Y",5,2822,0,0,3,1,4,1,5,8,1,4,"BuiltIn",2,3,1020,3,3,3,52,170,0,0,192,0,0,0,"NA",0,1,2009,"New","Partial",582933,1,1,1,0,0,0,1
"045","RL",9600,"Pave","NA",4,"Lvl",4,"Inside",3,"NAmes","Norm","Norm","1Fam","1.5Unf",5,7,1949,2003,"Gable","CompShg","MetalSd","MetalSd","None",0,3,3,"CBlock",3,3,1,5,1,845,"GasA",3,"Y",5,893,0,1,1,0,2,1,4,8,0,0,"Detchd",1,2,576,3,3,3,0,0,0,0,0,0,0,0,"NA",0,5,2007,"WD","Normal",135000,1,1,0,0,0,0,0
"160","RM",1680,"Pave","NA",4,"Lvl",4,"Inside",3,"BrDale","Norm","Norm","TwnhsE","2Story",6,3,1971,1971,"Gable","CompShg","HdBoard","HdBoard","BrkFace",604,3,3,"CBlock",3,3,1,5,1,483,"GasA",3,"Y",5,987,0,0,1,1,2,1,3,8,0,0,"Detchd",1,1,264,3,3,3,0,0,0,0,0,0,0,0,"NA",0,8,2008,"WD","Normal",89500,1,1,0,0,0,0,1
"060","RL",13869,"Pave","NA",2,"Lvl",4,"Corner",3,"Gilbert","Norm","Norm","1Fam","2Story",6,6,1997,1997,"Gable","CompShg","VinylSd","VinylSd","None",0,3,3,"PConc",4,3,3,6,1,794,"GasA",4,"Y",5,1470,0,1,2,0,3,1,3,8,0,0,"Attchd",3,2,388,3,3,3,0,75,0,0,0,0,0,0,"NA",0,7,2007,"WD","Normal",177000,1,1,0,0,0,0,0
"020","RL",11694,"Pave","NA",4,"Lvl",4,"Inside",3,"NridgHt","Norm","Norm","1Fam","1Story",9,5,2007,2007,"Hip","CompShg","CemntBd","CmentBd","BrkFace",452,5,3,"PConc",5,3,3,6,1,1822,"GasA",5,"Y",5,1828,0,0,2,0,3,1,4,8,1,4,"Attchd",1,3,774,3,3,3,0,108,0,0,260,0,0,0,"NA",0,7,2007,"New","Partial",314813,1,1,1,0,0,0,1
"070","RL",11435,"Pave","NA",3,"HLS",4,"Corner",2,"Crawfor","Norm","Norm","1Fam","2Story",8,7,1929,1950,"Gable","CompShg","BrkFace","Stucco","None",0,3,3,"PConc",4,3,1,1,1,792,"GasA",2,"Y",5,1517,0,0,1,0,3,1,4,8,2,4,"Detchd",1,2,400,3,3,3,0,0,0,0,0,0,0,0,"NA",0,6,2006,"WD","Normal",230000,1,1,1,0,0,0,0
"020","RL",18044,"Pave","NA",3,"HLS",4,"CulDSac",3,"Crawfor","Norm","Norm","1Fam","1Story",8,5,1986,1986,"Gable","CompShg","WdShing","Plywood","None",0,4,3,"CBlock",4,3,1,1,1,279,"GasA",4,"Y",5,2726,0,0,2,1,2,1,4,8,1,4,"Attchd",3,2,691,4,4,3,216,64,169,0,0,228,5,0,"NA",0,8,2007,"WD","Normal",315000,1,1,1,1,0,0,0
"020","RL",15263,"Pave","NA",3,"Lvl",4,"Inside",3,"ClearCr","Feedr","Norm","1Fam","1Story",5,5,1959,1959,"Gable","CompShg","HdBoard","HdBoard","BrkFace",90,3,3,"CBlock",4,3,1,3,1,1422,"GasA",4,"Y",5,1675,0,0,2,0,3,1,3,8,2,4,"Attchd",1,1,365,3,3,3,0,132,0,0,0,0,0,0,"NA",0,5,2010,"WD","Normal",173000,1,1,1,0,0,0,1
"060","RL",12104,"Pave","NA",3,"Lvl",4,"FR3",3,"Gilbert","Norm","Norm","1Fam","2Story",7,5,2006,2006,"Gable","CompShg","VinylSd","VinylSd","None",0,4,3,"PConc",4,3,1,1,1,1035,"GasA",4,"Y",5,2322,0,0,3,1,4,1,4,8,0,0,"Attchd",2,3,617,3,3,3,400,45,0,0,0,0,0,0,"NA",0,8,2006,"New","Partial",287602,1,1,0,0,0,0,0
"020","RL",17500,"Pave","NA",4,"Lvl",4,"Inside",3,"Crawfor","PosA","Norm","1Fam","1Story",7,8,1959,2002,"Gable","CompShg","BrkFace","HdBoard","None",0,4,4,"PConc",4,3,3,6,1,1902,"GasA",3,"Y",5,1902,1,0,2,0,3,1,5,8,2,3,"Attchd",3,2,567,3,3,3,0,207,162,0,0,0,0,0,"NA",0,5,2010,"WD","Normal",335000,1,1,1,0,0,0,0
"030","RL",8574,"Pave","NA",4,"Lvl",4,"Inside",3,"Crawfor","Norm","Norm","1Fam","1Story",6,8,1916,2000,"Gable","CompShg","Stucco","Stucco","None",0,4,3,"BrkTil",3,3,1,1,1,816,"GasA",5,"Y",5,1232,0,0,1,0,3,1,4,8,1,4,"Detchd",1,2,440,3,3,3,0,0,180,0,0,0,0,0,"NA",0,10,2009,"WD","Normal",147500,1,1,1,0,0,0,0
"020","RL",8176,"Pave","NA",4,"Lvl",4,"Inside",3,"NAmes","Norm","Norm","1Fam","1Story",5,6,1958,1992,"Gable","CompShg","Wd Sdng","Wd Sdng","None",0,3,3,"CBlock",3,3,1,3,1,1056,"GasA",2,"Y",5,1056,1,0,1,0,3,1,3,8,0,0,"Attchd",2,1,308,3,3,3,0,0,0,0,0,0,0,0,"NA",0,8,2007,"WD","Normal",139000,1,1,0,0,0,0,0
"060","RL",8121,"Pave","NA",3,"Lvl",4,"Inside",3,"Gilbert","Norm","Norm","1Fam","2Story",6,5,2000,2000,"Gable","CompShg","VinylSd","VinylSd","None",0,3,3,"PConc",4,3,1,1,1,953,"GasA",5,"Y",5,1664,0,0,2,1,3,1,3,8,1,3,"Attchd",2,2,460,3,3,3,100,40,0,0,0,0,0,0,"NA",0,1,2006,"WD","Normal",172400,1,1,1,0,0,0,0
"060","RL",8199,"Pave","NA",4,"Lvl",4,"Inside",3,"CollgCr","Norm","Norm","1Fam","2Story",7,5,2005,2005,"Gable","CompShg","WdShing","Wd Shng","None",0,4,3,"PConc",4,3,3,6,1,728,"GasA",5,"Y",5,1456,1,0,2,1,3,1,4,8,1,4,"Attchd",3,2,410,3,3,3,36,18,0,0,0,0,0,0,"NA",0,10,2008,"WD","Normal",189000,1,1,1,0,0,0,0
"050","RL",6435,"Pave","NA",4,"Lvl",4,"Inside",3,"BrkSide","RRAn","Norm","1Fam","1.5Fin",6,5,1939,1950,"Gable","CompShg","MetalSd","MetalSd","None",0,3,3,"BrkTil",3,3,1,1,1,972,"GasA",4,"Y",5,1577,0,0,1,0,3,1,2,8,1,4,"Detchd",1,1,312,3,3,3,0,0,0,0,0,0,0,0,"NA",0,10,2006,"WD","Normal",140200,1,1,1,0,0,0,0
"020","RL",10215,"Pave","NA",4,"Bnk",4,"Inside",3,"Edwards","Norm","Norm","1Fam","1Story",4,5,1954,1954,"Hip","CompShg","Wd Sdng","Wd Sdng","BrkFace",132,3,3,"PConc",3,3,1,5,1,864,"GasA",5,"Y",5,948,0,0,1,0,3,1,3,8,0,0,"Attchd",1,1,248,3,3,3,0,0,0,0,0,0,0,0,"NA",0,2,2007,"WD","Normal",111000,1,1,0,0,0,0,1
"080","RL",11475,"Pave","NA",4,"Lvl",4,"Corner",3,"NAmes","Norm","Norm","1Fam","SLvl",6,6,1961,1961,"Hip","CompShg","HdBoard","HdBoard","BrkFace",90,3,3,"CBlock",3,3,4,5,1,1208,"GasA",5,"Y",5,1576,1,0,1,0,4,1,4,8,1,1,"BuiltIn",3,2,368,3,3,3,85,0,0,0,0,0,0,0,"NA",0,9,2009,"WD","Normal",174500,1,1,1,0,0,0,1
"030","RL",10914,"Pave","Grvl",4,"Lvl",4,"Inside",3,"NAmes","Artery","Norm","1Fam","1Story",3,3,1929,1950,"Hip","CompShg","Wd Sdng","Wd Sdng","None",0,3,2,"CBlock",3,3,2,1,1,715,"GasA",2,"N",1,715,0,0,1,0,2,1,3,8,0,0,"Detchd",1,2,660,2,3,1,0,0,75,0,112,0,0,0,"NA",0,8,2006,"WD","Normal",68000,1,1,0,0,0,1,0
"020","RL",11120,"Pave","NA",3,"Lvl",4,"CulDSac",3,"Veenker","Norm","Norm","1Fam","1Story",6,6,1984,1984,"Gable","CompShg","Plywood","Plywood","None",0,3,3,"PConc",4,3,1,4,1,1232,"GasA",3,"Y",5,1232,0,0,2,0,3,1,3,8,0,0,"Attchd",1,2,516,3,3,3,0,0,0,0,0,0,0,0,"NA",0,6,2008,"WD","Normal",162500,1,1,0,0,0,0,0
"060","RL",14200,"Pave","NA",4,"Lvl",4,"Corner",3,"NAmes","Norm","Norm","1Fam","2Story",7,6,1966,1966,"Gable","CompShg","MetalSd","MetalSd","BrkFace",309,3,3,"CBlock",3,3,1,3,1,924,"GasA",5,"Y",5,2157,0,0,2,1,4,1,4,8,2,4,"Attchd",3,2,487,3,3,3,105,66,0,0,0,0,0,4,"NA",0,5,2006,"WD","Normal",226000,1,1,1,0,1,0,1
"050","RL",13758,"Pave","NA",3,"Lvl",4,"CulDSac",3,"Timber","Norm","Norm","1Fam","1.5Fin",7,5,1990,1991,"Gable","CompShg","HdBoard","HdBoard","BrkFace",117,4,4,"CBlock",4,3,2,2,1,1156,"GasA",5,"Y",5,1717,0,0,2,1,3,1,4,8,1,3,"Attchd",2,2,400,3,3,3,168,36,0,0,0,0,0,0,"NA",0,4,2007,"WD","Normal",187500,1,1,1,0,0,0,1
"070","RM",3068,"Pave","Grvl",4,"Lvl",4,"Inside",3,"OldTown","Norm","Norm","1Fam","2Story",6,8,1920,1993,"Gable","CompShg","VinylSd","VinylSd","None",0,3,4,"BrkTil",3,3,1,1,1,662,"GasA",5,"Y",5,1324,0,1,1,0,3,1,3,8,0,0,"Detchd",1,1,180,3,3,3,0,0,112,0,0,0,0,4,"NA",0,2,2010,"WD","Normal",122000,1,1,0,0,1,1,0
"020","RL",9986,"Pave","NA",4,"Lvl",4,"Inside",3,"Somerst","Norm","Norm","1Fam","1Story",8,5,2006,2007,"Gable","CompShg","VinylSd","VinylSd","BrkFace",428,4,3,"PConc",5,3,3,1,1,1795,"GasA",5,"Y",5,1795,0,0,2,0,2,1,4,8,1,4,"Attchd",2,3,895,3,3,3,0,49,0,0,0,0,0,0,"NA",0,2,2007,"New","Partial",147000,1,1,1,0,0,0,1
"120","RL",2280,"Pave","NA",4,"Lvl",4,"FR2",3,"NPkVill","Norm","Norm","Twnhs","1Story",7,5,1975,1975,"Gable","CompShg","Plywood","Brk Cmn","None",0,3,3,"CBlock",4,3,1,5,2,1057,"GasA",3,"Y",5,1055,0,1,2,0,2,1,3,8,1,2,"Attchd",2,2,440,3,3,3,0,27,0,0,0,0,0,0,"NA",0,8,2009,"WD","Normal",123000,1,1,1,0,0,0,0
"030","RL",10267,"Pave","NA",4,"Lvl",4,"Inside",3,"BrkSide","RRAn","Norm","1Fam","1Story",6,7,1918,2000,"Gable","CompShg","Stucco","Wd Shng","None",0,3,4,"BrkTil",3,4,2,3,5,816,"GasA",5,"Y",5,838,1,0,1,0,2,1,2,8,0,0,"Detchd",3,1,275,3,3,1,0,0,112,0,0,0,0,1,"NA",0,5,2008,"WD","Normal",130000,1,1,0,0,1,0,0
"060","RL",10905,"Pave","NA",2,"Lvl",4,"CulDSac",3,"CollgCr","Norm","Norm","1Fam","2Story",7,5,2003,2003,"Gable","CompShg","VinylSd","VinylSd","None",0,4,3,"PConc",4,3,1,1,1,1129,"GasA",5,"Y",5,2327,0,0,2,1,4,1,4,8,1,4,"BuiltIn",2,2,596,3,3,3,0,57,0,0,0,0,0,0,"NA",0,8,2008,"WD","Normal",240000,1,1,1,0,0,0,0
"060","RL",10186,"Pave","NA",3,"Lvl",4,"Inside",3,"NoRidge","Norm","Norm","1Fam","2Story",7,5,1992,1992,"Gable","CompShg","HdBoard","HdBoard","None",0,4,3,"PConc",4,3,1,6,1,750,"GasA",5,"Y",5,1923,1,0,2,1,3,1,4,8,1,3,"Attchd",2,2,564,3,3,3,240,39,0,0,0,0,0,0,"NA",0,6,2010,"WD","Normal",190000,1,1,1,0,0,0,0
"060","RL",11207,"Pave","NA",3,"HLS",4,"FR2",3,"Gilbert","Norm","Norm","1Fam","2Story",6,5,1997,1997,"Gable","CompShg","VinylSd","VinylSd","None",0,3,3,"PConc",4,3,3,6,1,802,"GasA",4,"Y",5,1511,1,0,2,1,3,1,3,8,1,3,"Attchd",3,2,413,3,3,3,95,75,0,0,0,0,0,0,"NA",0,6,2006,"WD","Normal",185000,1,1,1,0,0,0,0
"020","RL",13173,"Pave","NA",3,"Lvl",4,"Corner",3,"NridgHt","Norm","Norm","1Fam","1Story",9,5,2006,2007,"Hip","CompShg","VinylSd","VinylSd","Stone",300,4,3,"PConc",5,3,1,6,1,1652,"GasA",5,"Y",5,1652,1,0,2,0,2,1,5,8,2,5,"Attchd",3,2,840,3,3,3,404,102,0,0,0,0,0,0,"NA",0,11,2009,"WD","Normal",325000,1,1,1,0,0,0,1
"020","RL",13072,"Pave","NA",4,"Lvl",4,"Inside",3,"SawyerW","RRAe","Norm","1Fam","1Story",6,5,2004,2004,"Gable","CompShg","VinylSd","VinylSd","None",0,3,3,"PConc",4,3,1,5,1,1158,"GasA",5,"Y",5,1158,1,0,1,1,3,1,4,8,0,0,"Detchd",1,2,576,3,3,3,0,50,0,0,0,0,0,0,"NA",0,5,2006,"New","Partial",158000,1,1,0,0,0,0,0
"190","RM",7800,"Pave","NA",4,"Lvl",4,"Inside",3,"OldTown","Artery","Norm","2fmCon","1.5Fin",5,7,1939,1950,"Gable","CompShg","MetalSd","MetalSd","None",0,3,3,"CBlock",4,3,2,3,1,793,"GasA",3,"Y",5,1118,1,0,1,0,3,1,3,8,1,4,"Detchd",1,2,410,3,3,3,0,0,0,0,271,0,0,3,"NA",0,5,2006,"WD","Normal",119900,1,1,1,0,1,0,0
"060","RL",9042,"Pave","NA",3,"Lvl",4,"Inside",3,"Gilbert","Norm","Norm","1Fam","2Story",6,5,1998,1998,"Gable","CompShg","VinylSd","VinylSd","None",0,3,3,"PConc",4,3,4,6,1,943,"GasA",4,"Y",5,1638,1,0,2,1,3,1,3,8,2,3,"Attchd",3,2,472,3,3,3,100,38,0,0,0,0,0,0,"NA",0,7,2008,"WD","Normal",192000,1,1,1,0,0,0,0
"060","RL",11645,"Pave","NA",3,"Lvl",4,"Corner",3,"CollgCr","Norm","Norm","1Fam","2Story",7,5,2004,2004,"Gable","CompShg","VinylSd","VinylSd","None",0,4,3,"PConc",4,3,1,1,1,860,"GasA",5,"Y",5,1720,0,0,2,1,3,1,4,8,0,0,"Attchd",2,2,565,3,3,3,0,70,0,0,0,0,0,0,"NA",0,8,2006,"WD","Normal",196500,1,1,0,0,0,0,0
"030","RL",5330,"Pave","NA",4,"HLS",4,"Inside",3,"BrkSide","Norm","Norm","1Fam","1Story",4,7,1940,1950,"Hip","CompShg","VinylSd","VinylSd","None",0,2,3,"CBlock",3,3,1,2,1,420,"GasA",4,"Y",5,708,0,0,1,0,2,1,2,8,0,0,"NA",0,0,0,0,0,3,164,0,0,0,0,0,0,0,"NA",0,12,2009,"WD","Normal",82500,1,0,0,0,0,0,0
"020","RL",11235,"Pave","NA",4,"Lvl",4,"Inside",3,"Sawyer","Norm","Norm","1Fam","1Story",4,5,1963,1979,"Gable","CompShg","HdBoard","HdBoard","BrkFace",51,3,3,"CBlock",3,3,1,3,1,1051,"GasA",4,"Y",5,1382,0,0,1,1,3,1,3,8,1,1,"Attchd",1,2,459,3,3,3,0,82,0,0,0,0,0,0,"NA",0,10,2006,"WD","Normal",148000,1,1,1,0,0,0,1
"120","RL",5389,"Pave","NA",3,"Lvl",4,"Inside",3,"StoneBr","Norm","Norm","TwnhsE","1Story",8,5,1995,1996,"Gable","CompShg","CemntBd","CmentBd","None",0,4,3,"PConc",4,3,1,6,1,1595,"GasA",5,"Y",5,1616,1,0,2,0,2,1,4,8,1,3,"Attchd",2,2,608,3,3,3,237,152,0,0,0,0,0,0,"NA",0,3,2010,"WD","Normal",236500,1,1,1,0,0,0,0
"020","RL",12671,"Pave","NA",3,"Lvl",4,"Corner",3,"ClearCr","Norm","Norm","1Fam","1Story",6,7,1954,1994,"Hip","CompShg","MetalSd","MetalSd","Stone",300,3,4,"CBlock",4,2,1,2,1,1288,"GasA",5,"Y",5,2422,0,0,3,0,4,1,4,6,2,4,"Attchd",3,2,527,3,3,3,0,63,0,0,144,0,0,0,"NA",0,7,2007,"WD","Normal",255000,1,1,1,0,0,0,1
"020","RL",11645,"Pave","NA",4,"Lvl",4,"Inside",3,"CollgCr","Norm","Norm","1Fam","1Story",8,5,2005,2006,"Gable","CompShg","VinylSd","VinylSd","Stone",76,4,3,"PConc",5,3,4,6,1,1498,"GasA",5,"Y",5,1498,0,0,2,0,3,1,4,8,1,4,"Attchd",3,3,844,3,3,3,144,98,0,0,0,0,0,0,"NA",0,3,2009,"WD","Normal",237000,1,1,1,0,0,0,1
"060","RL",14565,"Pave","NA",2,"Lvl",4,"CulDSac",3,"SawyerW","Norm","Norm","1Fam","2Story",7,5,1994,1995,"Gable","CompShg","VinylSd","VinylSd","BrkFace",145,4,3,"PConc",4,3,3,6,1,832,"GasA",5,"Y",5,1657,0,0,2,1,3,1,4,8,0,0,"Attchd",2,2,483,3,3,3,144,74,0,0,0,0,0,0,"Shed",2000,11,2008,"WD","Normal",189000,1,1,0,0,0,0,1
"020","RL",39104,"Pave","NA",3,"Low",4,"CulDSac",1,"ClearCr","Norm","Norm","1Fam","1Story",7,7,1954,2005,"Flat","Membran","Plywood","Plywood","None",0,3,3,"CBlock",4,3,4,2,6,1385,"GasA",5,"Y",5,1363,1,0,1,0,2,1,3,5,2,3,"Attchd",1,2,439,3,3,3,81,0,0,0,0,0,0,0,"NA",0,4,2008,"WD","Normal",241500,1,1,1,0,0,0,0
"160","RM",1680,"Pave","NA",4,"Lvl",4,"Inside",3,"BrDale","Norm","Norm","Twnhs","2Story",6,5,1972,1972,"Gable","CompShg","HdBoard","HdBoard","BrkFace",504,3,3,"CBlock",3,3,1,4,1,525,"GasA",4,"Y",5,1092,0,0,1,1,3,1,3,8,0,0,"Detchd",1,1,264,3,3,3,352,0,0,0,0,0,0,4,"NA",0,10,2006,"WD","Normal",108000,1,1,0,0,1,0,1
"020","RL",10140,"Pave","NA",4,"Lvl",4,"Inside",3,"NWAmes","Norm","Norm","1Fam","1Story",6,6,1974,1999,"Hip","CompShg","HdBoard","HdBoard","BrkFace",99,3,3,"CBlock",3,3,1,5,2,1040,"GasA",2,"Y",5,1309,1,0,1,1,3,1,4,8,1,2,"Attchd",2,2,484,3,3,3,265,0,0,0,0,648,2,4,"NA",0,1,2006,"WD","Normal",181000,1,1,1,1,1,0,1
"120","RL",4084,"Pave","NA",3,"Lvl",4,"Inside",3,"Timber","Norm","Norm","TwnhsE","1Story",7,6,1986,1986,"Gable","CompShg","VinylSd","VinylSd","BrkFace",340,4,3,"CBlock",4,3,3,6,1,1277,"GasA",4,"Y",5,1501,1,0,2,0,2,1,4,8,1,3,"Attchd",3,2,512,3,3,3,240,0,0,0,0,0,0,0,"NA",0,7,2008,"WD","Normal",241500,1,1,1,0,0,0,1
"060","RL",8581,"Pave","NA",3,"Lvl",4,"Inside",3,"CollgCr","Norm","Norm","1Fam","2Story",7,5,2006,2006,"Gable","CompShg","VinylSd","VinylSd","None",0,4,3,"PConc",4,4,2,1,1,851,"GasA",5,"Y",5,1737,0,0,2,1,3,1,4,8,0,0,"Attchd",2,2,578,3,3,3,0,105,0,0,0,0,0,0,"NA",0,8,2006,"New","Partial",203160,1,1,0,0,0,0,0
"070","RL",8146,"Pave","NA",4,"Lvl",4,"Corner",3,"OldTown","Norm","Norm","1Fam","2Story",4,8,1900,2003,"Gable","CompShg","MetalSd","MetalSd","None",0,4,4,"BrkTil",2,3,1,1,1,405,"GasA",4,"Y",5,1039,0,0,1,0,2,1,3,8,0,0,"Detchd",1,1,281,3,3,1,0,0,168,0,111,0,0,0,"NA",0,5,2009,"WD","Normal",114000,1,1,0,0,0,0,0
"020","RL",11846,"Pave","NA",3,"HLS",4,"Inside",3,"NridgHt","Norm","Norm","1Fam","1Story",9,5,2003,2004,"Hip","CompShg","VinylSd","VinylSd","BrkFace",562,4,3,"PConc",5,3,4,6,1,1792,"GasA",5,"Y",5,1792,1,0,2,0,2,1,5,8,1,4,"Attchd",3,3,874,3,3,3,206,49,0,0,0,0,0,0,"NA",0,8,2006,"WD","Normal",374000,1,1,1,0,0,0,1
"020","RL",7200,"Pave","NA",4,"Lvl",4,"Inside",3,"NAmes","Norm","Norm","1Fam","1Story",5,7,1950,1950,"Gable","CompShg","MetalSd","MetalSd","None",0,3,3,"CBlock",3,3,1,4,3,876,"GasA",3,"Y",5,988,0,0,1,0,3,1,3,8,0,0,"Attchd",1,1,276,3,3,3,0,80,0,0,0,0,0,0,"NA",0,5,2007,"WD","Normal",119000,1,1,0,0,0,0,0
"060","RL",12192,"Pave","NA",3,"Lvl",4,"Inside",3,"CollgCr","Norm","Norm","1Fam","2Story",7,5,2000,2001,"Gable","CompShg","VinylSd","VinylSd","None",0,4,3,"PConc",4,3,1,6,1,928,"GasA",5,"Y",5,1823,1,0,2,1,3,1,4,8,0,0,"Attchd",2,2,626,3,3,3,192,36,0,0,0,0,0,0,"Shed",4500,5,2008,"WD","Normal",235000,1,1,0,0,0,0,0
"020","RL",11767,"Pave","NA",4,"Lvl",4,"Inside",3,"Edwards","Norm","Norm","1Fam","1Story",5,5,1950,1950,"Gable","CompShg","MetalSd","MetalSd","None",0,3,3,"CBlock",2,3,2,3,1,1078,"GasA",3,"Y",3,1368,1,0,1,0,3,1,3,7,0,0,"Attchd",2,1,195,3,3,3,0,41,211,0,0,0,0,0,"Shed",900,6,2009,"WD","Normal",120000,1,1,0,0,0,0,0
"020","RM",8546,"Pave","NA",4,"Lvl",4,"Corner",3,"Edwards","Norm","Norm","1Fam","1Story",4,5,2003,2004,"Gable","CompShg","VinylSd","VinylSd","None",0,3,3,"PConc",4,3,1,1,1,1121,"GasA",5,"Y",5,1121,0,0,2,0,2,1,3,8,0,0,"Attchd",2,2,440,3,3,3,132,64,0,0,0,0,0,0,"NA",0,3,2010,"WD","Normal",140000,1,1,0,0,0,0,0
"020","RL",7560,"Pave","NA",4,"Lvl",4,"Inside",3,"NAmes","Norm","Norm","1Fam","1Story",5,5,1971,1971,"Hip","CompShg","MetalSd","MetalSd","None",0,3,3,"CBlock",4,3,1,3,5,864,"GasA",3,"Y",5,864,1,0,1,0,3,1,3,8,0,0,"Detchd",1,2,576,3,3,3,0,0,0,0,0,0,0,0,"NA",0,5,2008,"WD","Normal",123000,1,1,0,0,0,0,0
"120","RL",3182,"Pave","NA",4,"Lvl",4,"Inside",3,"Blmngtn","Norm","Norm","TwnhsE","1Story",7,5,2005,2006,"Gable","CompShg","VinylSd","VinylSd","BrkFace",16,4,3,"PConc",4,3,3,6,1,1373,"GasA",5,"Y",5,1555,0,0,2,0,2,1,4,8,1,3,"Attchd",3,2,430,3,3,3,143,20,0,0,0,0,0,0,"NA",0,5,2009,"WD","Normal",192500,1,1,1,0,0,0,1
"030","RM",11340,"Pave","NA",4,"Lvl",4,"Corner",3,"OldTown","Norm","Norm","1Fam","1Story",6,5,1923,1950,"Gable","CompShg","Wd Sdng","Wd Sdng","None",0,3,3,"BrkTil",3,3,1,1,1,1200,"GasA",3,"Y",3,1200,0,0,1,0,4,1,3,8,0,0,"Detchd",1,1,312,2,2,3,0,0,228,0,0,0,0,0,"NA",0,3,2006,"WD","Family",125000,1,1,0,0,0,0,0
"160","RM",2592,"Pave","NA",4,"Lvl",4,"Inside",3,"MeadowV","Norm","Norm","TwnhsE","2Story",5,3,1976,1976,"Gable","CompShg","CemntBd","CmentBd","None",0,3,3,"CBlock",4,3,1,3,4,536,"GasA",3,"Y",5,1112,0,0,1,1,3,1,3,8,0,0,"Attchd",1,1,336,3,3,3,182,0,0,0,0,0,0,0,"NA",0,4,2010,"WD","Normal",85000,1,1,0,0,0,0,0
"050","RM",6000,"Pave","NA",4,"Lvl",4,"Inside",3,"OldTown","Norm","Norm","1Fam","1.5Fin",5,7,1924,1950,"Gable","CompShg","MetalSd","MetalSd","BrkFace",145,3,4,"PConc",3,3,1,1,1,816,"GasA",5,"Y",5,1566,0,0,1,1,5,1,4,8,0,0,"Detchd",1,2,450,3,3,3,24,0,296,0,0,0,0,3,"NA",0,8,2006,"WD","Normal",139000,1,1,0,0,1,0,1
"060","RL",9375,"Pave","NA",4,"Lvl",4,"Inside",3,"CollgCr","Norm","Norm","1Fam","2Story",8,5,2002,2002,"Gable","CompShg","VinylSd","VinylSd","BrkFace",149,4,3,"PConc",4,3,1,1,1,1284,"GasA",5,"Y",5,2169,0,0,2,1,3,1,4,8,1,4,"Attchd",2,2,647,3,3,3,192,87,0,0,0,0,0,0,"NA",0,8,2007,"WD","Normal",228500,1,1,1,0,0,0,1
"050","RL",9600,"Pave","NA",3,"HLS",4,"Inside",3,"Crawfor","Norm","Norm","1Fam","1.5Fin",5,7,1940,1950,"Gable","CompShg","MetalSd","MetalSd","None",0,4,4,"BrkTil",3,2,1,3,1,728,"GasA",5,"Y",5,1308,1,0,1,1,2,1,3,6,2,3,"Detchd",1,1,256,3,3,3,0,70,0,0,0,0,0,0,"NA",0,6,2009,"WD","Normal",160000,1,1,1,0,0,0,0
"060","RL",17242,"Pave","NA",3,"Lvl",4,"Inside",3,"NoRidge","Norm","Norm","1Fam","2Story",9,5,1993,1994,"Hip","CompShg","MetalSd","MetalSd","BrkFace",738,4,4,"PConc",5,3,4,3,6,1733,"GasA",5,"Y",5,3500,1,0,3,1,4,1,5,8,1,3,"Attchd",2,3,959,3,3,3,870,86,0,0,210,0,0,0,"NA",0,5,2006,"WD","Normal",584500,1,1,1,0,0,0,1
"020","RL",9120,"Pave","NA",4,"Lvl",4,"Inside",3,"NAmes","Norm","Norm","1Fam","1Story",6,6,1958,1958,"Hip","CompShg","MetalSd","MetalSd","None",0,3,3,"CBlock",3,3,1,5,1,1261,"GasA",5,"Y",5,1261,1,0,1,0,3,1,3,8,1,3,"Attchd",2,2,433,3,3,3,0,0,0,0,288,0,0,0,"Shed",1400,11,2008,"WD","Normal",163000,1,1,1,0,0,0,0
"020","RL",9600,"Pave","NA",4,"Lvl",4,"FR2",3,"Veenker","Feedr","Norm","1Fam","1Story",6,8,1976,1976,"Gable","CompShg","MetalSd","MetalSd","None",0,3,3,"CBlock",4,3,4,5,1,1262,"GasA",5,"Y",5,1262,0,1,2,0,3,1,3,8,1,3,"Attchd",2,2,460,3,3,3,298,0,0,0,0,0,0,0,"NA",0,5,2007,"WD","Normal",181500,1,1,1,0,0,0,0
"180","RM",1596,"Pave","NA",4,"Lvl",4,"Inside",3,"MeadowV","Norm","Norm","Twnhs","SLvl",4,5,1973,1973,"Gable","CompShg","CemntBd","CmentBd","None",0,3,3,"CBlock",4,3,4,6,1,462,"GasA",3,"Y",5,988,1,0,1,0,2,1,3,8,0,0,"BuiltIn",1,1,297,3,3,3,120,101,0,0,0,0,0,2,"NA",0,11,2009,"WD","Normal",91000,1,1,0,0,1,0,0
"060","RL",12209,"Pave","NA",3,"Lvl",4,"CulDSac",3,"Mitchel","Norm","Norm","1Fam","2Story",6,5,2001,2002,"Gable","CompShg","VinylSd","VinylSd","None",0,3,3,"PConc",5,3,1,5,1,804,"GasA",5,"Y",5,1961,1,0,2,1,3,1,4,8,1,3,"BuiltIn",3,2,560,3,3,3,125,192,0,0,0,0,0,0,"NA",0,6,2009,"WD","Normal",215000,1,1,1,0,0,0,0
"020","RL",11851,"Pave","NA",4,"Lvl",4,"Corner",3,"Gilbert","Norm","Norm","1Fam","1Story",7,5,1990,1990,"Gable","CompShg","HdBoard","HdBoard","None",0,3,3,"PConc",4,3,1,1,1,1424,"GasA",5,"Y",5,1442,0,0,2,0,3,1,3,8,0,0,"Attchd",2,2,500,3,3,3,0,34,0,508,0,0,0,0,"NA",0,5,2009,"WD","Normal",180500,1,1,0,0,0,0,0
"020","RL",16269,"Pave","NA",3,"Lvl",4,"CulDSac",3,"CollgCr","Norm","Norm","1Fam","1Story",5,5,1978,1978,"Gable","CompShg","MetalSd","MetalSd","BrkFace",76,3,3,"BrkTil",4,3,3,6,1,907,"GasA",3,"Y",5,907,0,0,1,0,3,1,3,8,0,0,"Attchd",1,1,343,3,3,3,72,0,0,0,0,0,0,3,"NA",0,7,2009,"WD","Normal",140000,1,1,0,0,1,0,1
"020","RL",17199,"Pave","NA",4,"Lvl",4,"FR2",3,"NAmes","Norm","Norm","1Fam","1Story",4,7,1961,1961,"Gable","CompShg","MetalSd","MetalSd","None",0,3,4,"BrkTil",3,3,1,5,1,914,"GasA",5,"Y",5,914,0,0,1,0,2,1,3,8,0,0,"Basment",1,1,270,2,3,3,140,0,0,0,0,0,0,2,"NA",0,7,2007,"WD","Normal",128000,1,1,0,0,1,0,0
"020","RL",8800,"Pave","NA",4,"Lvl",4,"Inside",3,"NAmes","Norm","Norm","1Fam","1Story",6,6,1964,1964,"Hip","CompShg","HdBoard","HdBoard","BrkFace",425,3,3,"CBlock",3,3,1,4,1,1251,"GasA",3,"Y",5,1251,1,0,1,0,3,1,3,8,2,4,"Attchd",2,1,461,3,3,3,0,116,0,0,0,0,0,3,"Shed",700,3,2006,"WD","Normal",160000,1,1,1,0,1,0,1
"050","RL",11767,"Pave","NA",4,"Lvl",4,"Inside",3,"Edwards","Norm","Norm","1Fam","2Story",4,7,1910,2000,"Gable","CompShg","MetalSd","HdBoard","None",0,3,3,"CBlock",2,3,1,1,1,560,"GasA",4,"N",5,1346,0,0,1,1,2,1,3,6,0,0,"Detchd",1,1,384,2,3,3,168,24,0,0,0,0,0,2,"NA",0,5,2007,"WD","Normal",112000,1,1,0,0,1,0,0
"030","RL",5142,"Pave","NA",4,"Lvl",4,"Inside",3,"Edwards","Norm","Norm","1Fam","1.5Fin",4,7,1923,2008,"Gable","CompShg","Wd Sdng","Wd Sdng","None",0,3,3,"PConc",3,3,1,5,1,949,"GasA",3,"Y",5,1292,0,0,1,1,3,1,4,8,0,0,"Detchd",1,1,205,3,3,1,0,0,183,0,0,0,0,0,"NA",0,6,2008,"WD","Normal",108000,1,1,0,0,0,0,0
"020","RL",10386,"Pave","NA",4,"Lvl",4,"Inside",3,"CollgCr","Norm","Norm","1Fam","1Story",8,5,2004,2005,"Gable","CompShg","CemntBd","CmentBd","Stone",246,4,3,"PConc",4,3,1,6,1,2000,"GasA",5,"Y",5,2000,1,0,2,0,3,1,4,8,0,0,"Attchd",3,3,888,3,3,3,168,0,0,0,0,0,0,0,"NA",0,7,2007,"WD","Normal",305900,1,1,0,0,0,0,1
"020","FV",11824,"Pave","NA",3,"Lvl",4,"Corner",3,"Somerst","Norm","Norm","1Fam","1Story",8,5,2006,2006,"Gable","CompShg","VinylSd","VinylSd","BrkFace",298,4,3,"PConc",4,3,3,1,1,1685,"GasA",5,"Y",5,1685,0,0,2,0,2,1,4,8,1,4,"Attchd",3,3,658,3,3,3,112,63,0,0,0,0,0,0,"NA",0,4,2007,"WD","Normal",253000,1,1,1,0,0,0,1
"060","RL",11198,"Pave","NA",3,"Lvl",4,"Inside",3,"StoneBr","Norm","Norm","1Fam","2Story",9,5,2005,2007,"Hip","CompShg","VinylSd","VinylSd","BrkFace",245,4,3,"PConc",4,4,1,1,1,1122,"GasA",5,"Y",5,2504,0,0,2,1,4,1,5,8,1,4,"BuiltIn",3,3,656,3,3,3,144,39,0,0,0,0,0,0,"NA",0,6,2008,"WD","Normal",325000,1,1,1,0,0,0,1
"060","RL",11999,"Pave","NA",4,"Lvl",4,"Inside",3,"NridgHt","Norm","Norm","1Fam","2Story",8,5,2003,2004,"Hip","CompShg","VinylSd","VinylSd","BrkFace",340,4,3,"PConc",4,3,1,1,1,1181,"GasA",5,"Y",5,2374,0,0,2,1,4,1,5,8,1,4,"BuiltIn",3,3,656,3,3,3,104,100,0,0,0,0,0,0,"NA",0,5,2007,"WD","Normal",285000,1,1,1,0,0,0,1
"060","RL",9350,"Pave","NA",4,"Bnk",4,"Inside",3,"Edwards","Norm","Norm","1Fam","2Story",6,7,1946,1950,"Hip","CompShg","MetalSd","MetalSd","None",0,3,3,"CBlock",3,3,1,4,1,747,"GasA",5,"Y",5,1639,0,0,1,1,3,1,4,8,1,4,"Detchd",1,1,240,3,3,3,0,50,0,0,0,0,0,0,"NA",0,7,2009,"WD","Normal",154400,1,1,1,0,0,0,0
"070","RM",9000,"Pave","Grvl",4,"Lvl",4,"Inside",3,"OldTown","Norm","Norm","1Fam","2Story",8,9,1890,2002,"Gable","CompShg","Wd Sdng","Wd Sdng","None",0,4,4,"Stone",2,2,1,1,1,346,"GasA",5,"Y",5,2268,0,0,3,0,3,1,4,8,0,0,"Detchd",1,2,624,3,3,1,0,108,0,0,0,0,0,0,"NA",0,4,2010,"WD","Normal",240000,1,1,0,0,0,1,0
"020","RL",9560,"Pave","NA",3,"Lvl",4,"Corner",3,"CollgCr","Norm","Norm","1Fam","1Story",5,7,1972,1972,"Hip","CompShg","MetalSd","MetalSd","None",0,3,4,"CBlock",3,3,2,3,1,864,"GasA",5,"Y",5,864,0,0,1,0,3,1,3,8,0,0,"Attchd",2,1,288,3,3,3,0,0,0,0,0,0,0,0,"NA",0,6,2006,"WD","Normal",128500,1,1,0,0,0,0,0
"120","RM",4435,"Pave","NA",4,"Lvl",4,"Inside",3,"CollgCr","Norm","Norm","TwnhsE","1Story",6,5,2003,2003,"Gable","CompShg","VinylSd","VinylSd","BrkFace",170,4,3,"PConc",4,3,3,6,1,848,"GasA",5,"Y",5,848,1,0,1,0,1,1,4,8,0,0,"Attchd",3,2,420,3,3,3,140,0,0,0,0,0,0,0,"NA",0,11,2007,"WD","Normal",131500,1,1,0,0,0,0,1
"020","RL",11625,"Pave","NA",3,"Lvl",4,"Inside",3,"Mitchel","Norm","Norm","1Fam","1Story",5,7,1983,1983,"Gable","CompShg","HdBoard","HdBoard","None",0,3,3,"CBlock",4,3,1,5,1,816,"GasA",3,"Y",5,816,1,0,1,0,2,1,3,8,0,0,"Attchd",3,1,264,3,3,3,330,0,0,0,0,0,0,3,"NA",0,5,2007,"WD","Normal",139000,1,1,0,0,1,0,0
"060","RL",13006,"Pave","NA",3,"Lvl",4,"Corner",3,"Gilbert","Norm","Norm","1Fam","2Story",7,5,1997,1997,"Gable","CompShg","HdBoard","HdBoard","BrkFace",285,3,3,"PConc",4,3,1,1,1,964,"GasA",4,"Y",5,2236,0,0,2,1,4,1,4,8,1,3,"BuiltIn",3,2,642,3,3,3,0,0,0,0,0,0,0,0,"NA",0,11,2006,"WD","Normal",222000,1,1,1,0,0,0,1
"120","FV",4217,"Pave","Pave",3,"Lvl",4,"Inside",3,"Somerst","Norm","Norm","TwnhsE","1Story",6,5,2008,2008,"Gable","CompShg","VinylSd","VinylSd","Stone",252,4,3,"PConc",4,3,1,6,1,1145,"GasA",5,"Y",5,1256,1,0,1,1,1,1,4,8,1,4,"Attchd",3,2,641,3,3,3,0,169,0,0,0,0,0,0,"NA",0,3,2009,"WD","Normal",195000,1,1,1,0,0,1,1
"020","RL",9503,"Pave","NA",4,"Lvl",4,"Inside",3,"NAmes","Norm","Norm","1Fam","1Story",5,5,1958,1983,"Hip","CompShg","HdBoard","HdBoard","None",0,3,3,"CBlock",3,3,1,5,3,1024,"GasA",3,"Y",5,1344,1,0,1,0,2,1,3,7,1,3,"Detchd",1,1,484,3,3,3,316,28,0,0,0,0,0,2,"NA",0,6,2007,"WD","Normal",144000,1,1,1,0,1,0,0
"020","RL",9457,"Pave","NA",4,"Lvl",4,"Inside",3,"NAmes","Norm","Norm","1Fam","1Story",5,6,1970,1990,"Gable","CompShg","MetalSd","MetalSd","None",0,3,3,"CBlock",3,3,1,5,1,925,"GasA",3,"Y",5,1422,1,0,1,0,3,1,3,6,0,0,"Detchd",1,2,576,3,3,3,252,0,0,0,0,0,0,2,"NA",0,9,2007,"WD","Normal",155000,1,1,0,0,1,0,0
"120","RL",3922,"Pave","NA",4,"Lvl",4,"Inside",3,"Blmngtn","Norm","Norm","TwnhsE","1Story",7,5,2006,2007,"Gable","CompShg","VinylSd","VinylSd","BrkFace",72,4,3,"PConc",5,3,3,1,1,1258,"GasA",5,"Y",5,1402,0,2,0,2,2,1,4,8,1,4,"Attchd",3,3,648,3,3,3,120,16,0,0,0,0,0,0,"NA",0,2,2007,"New","Partial",194201,1,1,1,0,0,0,1
"020","RL",8000,"Pave","NA",4,"Lvl",4,"Inside",3,"NAmes","Norm","Norm","1Fam","1Story",5,5,1960,1960,"Hip","CompShg","BrkFace","BrkFace","None",0,3,3,"CBlock",3,3,1,4,3,1377,"GasA",3,"Y",5,1377,1,0,1,0,3,1,3,8,2,3,"Attchd",1,1,351,3,3,3,0,0,0,0,0,0,0,3,"NA",0,11,2007,"WD","Normal",156500,1,1,1,0,1,0,0
"030","RM",6120,"Pave","NA",4,"Lvl",4,"Inside",3,"BrkSide","Norm","Norm","1Fam","1Story",5,6,1945,1995,"Gable","CompShg","Plywood","Plywood","None",0,3,4,"CBlock",0,0,0,0,0,0,"GasA",4,"N",5,808,0,0,1,0,1,1,3,6,0,0,"Attchd",1,1,164,3,3,2,0,48,0,0,0,0,0,0,"NA",0,6,2008,"WD","Normal",81300,0,1,0,0,0,0,0
"120","RL",3901,"Pave","NA",4,"Lvl",4,"Inside",3,"NridgHt","Norm","Norm","Twnhs","1Story",6,5,2005,2006,"Gable","CompShg","VinylSd","VinylSd","Stone",182,4,3,"PConc",4,3,3,5,1,1302,"GasA",5,"Y",5,1302,1,0,1,1,1,1,4,8,1,4,"Attchd",2,2,631,3,3,3,110,50,0,0,0,0,0,0,"NA",0,8,2007,"New","Partial",204000,1,1,1,0,0,0,1
"050","RL",9525,"Pave","NA",4,"Lvl",4,"Inside",3,"Edwards","Norm","Norm","1Fam","1.5Fin",6,5,1953,1953,"Gable","CompShg","MetalSd","MetalSd","None",0,3,3,"CBlock",3,3,1,2,1,1000,"GasA",3,"Y",5,1609,0,0,1,1,5,1,3,8,0,0,"Attchd",1,1,305,2,3,3,0,0,0,0,0,0,0,0,"NA",0,7,2006,"WD","Normal",149900,1,1,0,0,0,0,0
"020","RL",15865,"Pave","NA",3,"Lvl",4,"Inside",2,"NAmes","Norm","Norm","1Fam","1Story",8,6,1970,1970,"Flat","Tar&Grv","Wd Sdng","Wd Sdng","None",0,4,4,"PConc",3,4,4,5,3,2217,"GasA",5,"Y",5,2217,1,0,2,0,4,1,4,8,1,3,"Attchd",1,2,621,3,3,3,81,207,0,0,224,0,0,0,"NA",0,10,2007,"WD","Normal",268000,1,1,1,0,0,0,0
"060","RL",11839,"Pave","NA",4,"Lvl",4,"Inside",3,"SawyerW","Norm","Norm","1Fam","2Story",7,5,1990,1990,"Hip","CompShg","HdBoard","HdBoard","BrkFace",99,3,3,"PConc",4,3,1,6,1,1475,"GasA",5,"Y",5,2329,1,0,2,1,4,1,4,8,1,5,"Attchd",1,2,514,3,3,3,192,121,0,0,0,0,0,0,"NA",0,5,2008,"WD","Normal",262280,1,1,1,0,0,0,1
"030","RL",8480,"Pave","NA",4,"Lvl",4,"Corner",3,"NAmes","Norm","Norm","1Fam","1Story",5,6,1945,1950,"Gable","CompShg","MetalSd","MetalSd","None",0,3,4,"CBlock",3,3,1,4,1,793,"GasA",3,"Y",5,793,1,0,1,0,2,1,2,8,0,0,"Detchd",1,1,240,3,3,3,0,0,0,0,0,0,0,0,"NA",0,8,2009,"WD","Normal",113000,1,1,0,0,0,0,0
"080","RL",12095,"Pave","NA",3,"Lvl",4,"Corner",3,"NAmes","Norm","Norm","1Fam","SLvl",6,6,1964,1964,"Gable","CompShg","MetalSd","HdBoard","BrkFace",115,3,4,"CBlock",3,3,4,3,1,1127,"GasA",3,"Y",5,1445,0,0,1,1,3,1,3,8,1,2,"Attchd",2,2,645,3,3,3,180,0,0,0,0,0,0,3,"NA",0,8,2009,"WD","Normal",158000,1,1,1,0,1,0,1
"020","RL",10667,"Pave","NA",4,"Lvl",4,"Inside",3,"NAmes","Norm","Norm","1Fam","1Story",6,6,1971,1971,"Gable","CompShg","MetalSd","MetalSd","BrkFace",302,3,3,"CBlock",3,3,1,4,1,1587,"GasA",3,"Y",5,1587,0,0,2,0,3,1,3,8,1,4,"Attchd",1,2,525,3,3,3,0,44,0,0,0,0,0,0,"NA",0,3,2007,"WD","Normal",167300,1,1,1,0,0,0,1
"060","RL",11250,"Pave","NA",3,"Lvl",4,"Inside",3,"CollgCr","Norm","Norm","1Fam","2Story",7,5,2001,2002,"Gable","CompShg","VinylSd","VinylSd","BrkFace",162,4,3,"PConc",4,3,2,6,1,920,"GasA",5,"Y",5,1786,1,0,2,1,3,1,4,8,1,3,"Attchd",2,2,608,3,3,3,0,42,0,0,0,0,0,0,"NA",0,9,2008,"WD","Normal",223500,1,1,1,0,0,0,1
"050","RL",8064,"Pave","NA",4,"Lvl",4,"Inside",3,"NAmes","Artery","Norm","1Fam","1.5Fin",6,8,1948,2004,"Gable","CompShg","WdShing","Wd Shng","None",0,3,3,"CBlock",3,3,1,5,3,816,"GasA",3,"Y",5,1224,1,0,1,0,3,1,3,8,0,0,"Detchd",1,1,280,3,3,3,414,0,0,0,0,0,0,2,"NA",0,5,2010,"WD","Normal",132000,1,1,0,0,1,0,0
"020","RL",9308,"Pave","NA",3,"Lvl",4,"CulDSac",3,"Sawyer","RRNe","Norm","1Fam","1Story",5,5,1965,1965,"Gable","CompShg","HdBoard","HdBoard","None",0,3,3,"CBlock",3,3,1,3,1,984,"GasA",3,"Y",5,984,0,0,1,0,3,1,3,8,0,0,"Attchd",1,1,310,3,3,3,0,0,0,0,0,0,0,3,"NA",0,7,2006,"WD","Normal",126000,1,1,0,0,1,0,0
"060","RL",12891,"Pave","NA",3,"Lvl",4,"Corner",3,"Gilbert","Norm","Norm","1Fam","2Story",8,5,2002,2002,"Gable","CompShg","VinylSd","VinylSd","None",0,4,3,"PConc",5,3,1,6,1,870,"GasA",5,"Y",5,2004,1,0,2,1,4,1,4,8,1,4,"BuiltIn",3,3,644,3,3,3,0,48,0,0,0,0,0,0,"NA",0,7,2009,"WD","Normal",257500,1,1,1,0,0,0,0
"160","RM",1680,"Pave","NA",4,"Lvl",4,"Inside",3,"BrDale","Norm","Norm","Twnhs","2Story",5,5,1972,1972,"Gable","CompShg","HdBoard","HdBoard","BrkFace",356,3,3,"CBlock",3,3,1,3,1,630,"GasA",3,"Y",5,1302,0,0,2,1,3,1,3,8,0,0,"Detchd",1,1,264,3,3,3,0,0,0,0,0,0,0,0,"NA",0,12,2008,"WD","Normal",111750,1,1,0,0,0,0,1
"120","RL",6563,"Pave","NA",3,"Low",4,"CulDSac",2,"StoneBr","Norm","Norm","1Fam","1Story",8,5,1985,1985,"Gable","CompShg","HdBoard","HdBoard","None",0,4,3,"PConc",4,3,4,6,1,1742,"GasA",3,"Y",5,1742,1,0,2,0,2,1,4,8,1,3,"Attchd",2,2,564,3,3,3,114,28,234,0,0,0,0,0,"NA",0,12,2006,"WD","Normal",275000,1,1,1,0,0,0,0
"020","RL",11923,"Pave","NA",3,"Lvl",4,"Corner",3,"CollgCr","Norm","Norm","1Fam","1Story",9,5,2007,2007,"Gable","CompShg","VinylSd","VinylSd","None",0,4,3,"PConc",5,3,1,1,1,1800,"GasA",5,"Y",5,1800,0,0,2,0,2,1,5,8,0,0,"Attchd",3,2,702,3,3,3,288,136,0,0,0,0,0,0,"NA",0,5,2009,"WD","Normal",239000,1,1,0,0,0,0,0
"020","RL",13615,"Pave","NA",3,"HLS",4,"Corner",2,"NridgHt","Norm","Norm","1Fam","1Story",9,5,2006,2006,"Hip","CompShg","MetalSd","MetalSd","Stone",510,5,3,"PConc",5,3,4,1,1,1802,"GasA",5,"Y",5,1802,0,0,2,1,3,1,5,8,1,4,"Attchd",3,3,843,3,3,3,158,105,0,0,0,0,0,0,"NA",0,6,2007,"WD","Normal",372000,1,1,1,0,0,0,1
"060","RL",10400,"Pave","NA",4,"Lvl",4,"Inside",3,"NWAmes","PosA","Norm","1Fam","2Story",6,7,1967,1997,"Gable","CompShg","MetalSd","MetalSd","BrkFace",256,3,3,"PConc",3,3,1,1,1,932,"GasA",4,"Y",5,2640,0,0,2,1,5,1,4,8,1,3,"Attchd",2,2,515,3,3,3,0,120,0,0,168,0,0,0,"NA",0,5,2009,"WD","Normal",256900,1,1,1,0,0,0,1
"030","RL",5400,"Pave","NA",4,"Lvl",4,"Corner",3,"OldTown","Norm","Norm","1Fam","1Story",4,7,1940,2005,"Gambrel","CompShg","VinylSd","VinylSd","None",0,4,3,"PConc",3,3,1,1,1,672,"GasA",4,"Y",5,672,0,0,1,0,2,1,3,8,0,0,"Detchd",1,1,308,3,3,1,88,108,0,0,0,0,0,0,"NA",0,7,2008,"WD","Normal",86900,1,1,0,0,0,0,0
"050","RL",10164,"Pave","NA",4,"Bnk",4,"Inside",3,"SWISU","Norm","Norm","1Fam","1.5Fin",5,5,1939,1950,"Gable","CompShg","VinylSd","VinylSd","None",0,3,3,"CBlock",3,2,3,2,1,992,"GasA",2,"Y",5,1465,0,0,2,0,3,1,3,8,2,3,"Detchd",1,1,240,3,3,3,0,126,0,0,0,0,0,0,"NA",0,7,2006,"WD","Normal",131000,1,1,1,0,0,0,0
"030","RL",8777,"Pave","NA",4,"Lvl",4,"Inside",3,"Edwards","Feedr","Norm","1Fam","1Story",5,7,1910,1950,"Gable","CompShg","MetalSd","Wd Sdng","None",0,3,3,"CBlock",2,3,1,1,1,796,"GasA",4,"Y",3,796,0,0,1,0,2,1,3,8,0,0,"NA",0,0,0,0,0,2,328,0,164,0,0,0,0,3,"NA",0,5,2008,"WD","Normal",85000,1,0,0,0,1,0,0
"180","RM",1477,"Pave","NA",4,"Lvl",4,"Inside",3,"MeadowV","Norm","Norm","TwnhsE","SFoyer",4,4,1970,1970,"Gable","CompShg","CemntBd","CmentBd","None",0,3,3,"CBlock",4,3,3,6,1,630,"GasA",3,"Y",5,630,1,0,1,0,1,1,3,8,0,0,"Attchd",1,1,286,3,3,3,0,0,0,0,0,0,0,0,"NA",0,4,2009,"WD","Normal",80000,1,1,0,0,0,0,0
"050","RM",8635,"Pave","NA",4,"Lvl",4,"Inside",3,"BrkSide","Norm","Norm","1Fam","1.5Fin",5,5,1948,2001,"Gable","CompShg","Wd Sdng","Wd Sdng","None",0,3,3,"CBlock",3,3,1,4,6,672,"GasA",3,"Y",5,1285,1,0,1,0,2,1,3,7,0,0,"Detchd",1,1,240,3,3,3,0,0,0,0,0,0,0,3,"NA",0,1,2008,"WD","Normal",127000,1,1,0,0,1,0,0
"060","RL",7590,"Pave","NA",4,"Lvl",4,"Inside",3,"NAmes","PosN","Norm","1Fam","2Story",6,5,1966,1966,"Gable","CompShg","VinylSd","VinylSd","BrkFace",266,3,3,"CBlock",3,3,1,4,1,660,"GasA",3,"Y",5,1348,0,0,1,1,3,1,3,8,1,2,"Attchd",2,2,453,3,3,3,188,108,0,0,0,0,0,0,"NA",0,7,2006,"WD","Normal",155000,1,1,1,0,0,0,1
"020","RL",9768,"Pave","NA",4,"Lvl",4,"Inside",3,"NAmes","Norm","Norm","1Fam","1Story",5,5,1955,1955,"Gable","CompShg","Wd Sdng","Wd Sdng","None",0,3,3,"CBlock",3,3,1,3,5,960,"GasA",4,"Y",5,960,1,0,1,0,2,1,3,8,0,0,"Attchd",2,1,330,3,3,3,0,70,0,0,0,0,0,3,"NA",0,2,2009,"WD","Normal",122000,1,1,0,0,1,0,0
"020","RL",32668,"Pave","NA",3,"Lvl",4,"CulDSac",3,"Crawfor","Norm","Norm","1Fam","1Story",6,3,1957,1975,"Hip","CompShg","Wd Sdng","Stone","None",0,4,3,"PConc",3,3,1,3,1,2035,"GasA",3,"Y",5,2515,1,0,3,0,4,2,3,4,2,3,"Attchd",2,2,484,3,3,3,0,0,200,0,0,0,0,0,"NA",0,3,2007,"WD","Alloca",200624,1,1,1,0,0,0,0
"020","RL",14977,"Pave","NA",3,"Lvl",4,"Inside",3,"NridgHt","Norm","Norm","1Fam","1Story",8,5,2006,2007,"Gable","CompShg","VinylSd","VinylSd","BrkFace",304,4,3,"PConc",5,3,4,6,1,1976,"GasA",5,"Y",5,1976,1,0,2,0,2,1,4,8,1,5,"Attchd",2,3,908,3,3,3,250,63,0,0,0,0,0,0,"NA",0,7,2007,"New","Partial",440000,1,1,1,0,0,0,1
"060","RL",8883,"Pave","NA",3,"Lvl",4,"Inside",3,"SawyerW","Norm","Norm","1Fam","2Story",7,5,1988,1988,"Gable","CompShg","HdBoard","HdBoard","BrkFace",360,4,3,"PConc",4,3,1,6,2,929,"GasA",5,"Y",5,1873,1,0,2,1,3,1,4,8,1,3,"Attchd",2,2,619,3,3,3,108,48,0,0,144,0,0,4,"NA",0,5,2007,"WD","Normal",207000,1,1,1,0,1,0,1
"020","RL",16163,"Pave","NA",4,"Lvl",4,"Corner",3,"NridgHt","Norm","Norm","1Fam","1Story",8,5,2004,2004,"Gable","CompShg","VinylSd","VinylSd","BrkFace",232,4,3,"PConc",4,3,3,1,1,1618,"GasA",5,"Y",5,1618,0,0,2,0,2,1,4,8,1,4,"Attchd",3,3,880,3,3,3,0,0,0,0,0,0,0,0,"NA",0,7,2006,"WD","Normal",252000,1,1,1,0,0,0,1
"020","RL",11664,"Pave","NA",4,"Lvl",4,"Corner",3,"CollgCr","Norm","Norm","1Fam","1Story",7,5,2002,2002,"Hip","CompShg","VinylSd","VinylSd","None",0,4,3,"PConc",4,3,3,6,1,1569,"GasA",5,"Y",5,1611,1,0,2,0,3,1,4,8,0,0,"Attchd",2,3,1231,3,3,3,262,93,0,0,0,0,0,0,"NA",0,9,2009,"WD","Normal",250000,1,1,0,0,0,0,0
"020","RL",10140,"Pave","NA",4,"Lvl",4,"Inside",3,"NWAmes","RRAn","Norm","1Fam","1Story",7,5,1998,1999,"Hip","CompShg","VinylSd","VinylSd","None",0,4,3,"PConc",5,3,1,2,6,1650,"GasA",5,"Y",5,1680,1,0,2,0,3,1,4,4,1,3,"Attchd",3,2,583,3,3,3,78,73,0,0,0,0,0,0,"NA",0,6,2009,"WD","Normal",213250,1,1,1,0,0,0,0
"075","RL",11888,"Pave","Pave",3,"Bnk",4,"Inside",3,"BrkSide","PosN","Norm","1Fam","2.5Unf",6,6,1916,1994,"Gable","CompShg","Wd Sdng","Wd Shng","None",0,3,3,"BrkTil",3,3,1,1,1,844,"GasA",4,"N",3,2134,0,0,2,0,5,1,4,8,0,0,"Detchd",1,2,441,3,3,3,0,60,268,0,0,0,0,0,"NA",0,7,2009,"WD","Normal",214500,1,1,0,0,0,1,0
"020","FV",7500,"Pave","Pave",4,"Lvl",4,"Inside",3,"Somerst","Norm","Norm","1Fam","1Story",7,5,2007,2008,"Gable","CompShg","CemntBd","CmentBd","Stone",210,4,3,"PConc",4,3,1,6,1,1218,"GasA",5,"Y",5,1218,1,0,2,0,2,1,4,8,0,0,"Attchd",3,2,462,3,3,3,168,168,0,0,0,0,0,0,"NA",0,4,2008,"New","Partial",230348,1,1,0,0,0,1,1
"090","RL",8385,"Pave","NA",4,"Lvl",4,"Inside",3,"Mitchel","Norm","Norm","Duplex","1Story",6,5,1978,1978,"Gable","CompShg","Plywood","Plywood","None",0,3,3,"CBlock",3,3,2,1,1,1664,"GasA",3,"Y",5,1664,0,0,2,0,4,2,3,8,0,0,"2Types",1,2,616,3,3,3,0,0,0,0,0,0,0,0,"NA",0,10,2006,"WD","Normal",145000,1,1,0,0,0,0,0
"060","RL",19522,"Pave","NA",3,"Bnk",4,"Inside",3,"Veenker","Norm","Norm","1Fam","2Story",7,5,1990,1990,"Gable","CompShg","HdBoard","HdBoard","BrkFace",272,4,3,"PConc",4,3,1,6,1,1223,"GasA",4,"Y",5,2503,1,0,2,1,3,1,4,8,1,3,"Attchd",2,2,564,3,3,3,0,99,0,0,182,0,0,0,"NA",0,2,2007,"WD","Normal",3e+05,1,1,1,0,0,0,1
"080","RL",16219,"Pave","NA",2,"Lvl",4,"Inside",3,"Gilbert","Norm","Norm","1Fam","SLvl",7,5,2004,2005,"Gable","CompShg","VinylSd","VinylSd","None",0,4,3,"PConc",4,3,4,6,1,835,"GasA",5,"Y",5,1119,1,0,2,0,2,1,4,8,0,0,"Attchd",3,2,437,3,3,3,100,24,0,0,0,0,0,0,"NA",0,4,2007,"WD","Normal",188500,1,1,0,0,0,0,0
"070","RM",10690,"Pave","NA",4,"Lvl",4,"Inside",3,"IDOTRR","Norm","Norm","1Fam","2Story",5,7,1920,1997,"Hip","CompShg","VinylSd","VinylSd","None",0,3,4,"CBlock",3,2,1,3,1,672,"GasA",4,"Y",3,1344,0,0,1,0,3,1,3,8,0,0,"Detchd",1,1,468,3,2,3,0,128,218,0,0,0,0,0,"NA",0,7,2009,"WD","Normal",147000,1,1,0,0,0,0,0
"020","RL",14694,"Pave","NA",3,"Lvl",4,"Inside",3,"Veenker","Norm","Norm","1Fam","1Story",8,9,1977,2008,"Gable","CompShg","MetalSd","MetalSd","BrkFace",450,5,5,"CBlock",4,4,4,6,5,1694,"GasA",5,"Y",5,1694,1,0,2,0,2,1,5,8,1,4,"Attchd",3,2,642,3,3,3,501,120,0,225,0,0,0,0,"NA",0,6,2009,"WD","Normal",318750,1,1,1,0,0,0,1
"070","RL",9084,"Pave","NA",4,"Lvl",4,"Inside",3,"Edwards","Artery","Norm","1Fam","2Story",4,5,1940,1950,"Gable","CompShg","MetalSd","MetalSd","None",0,3,3,"CBlock",3,3,2,1,1,755,"GasA",3,"Y",5,1510,1,0,1,0,4,1,3,8,1,4,"Detchd",1,1,296,2,1,2,120,0,0,0,0,0,0,3,"NA",0,10,2009,"WD","Normal",108000,1,1,1,0,1,0,0
"020","RL",13284,"Pave","NA",4,"Lvl",4,"Inside",3,"Sawyer","PosN","Norm","1Fam","1Story",5,5,1954,1954,"Gable","CompShg","Wd Sdng","Plywood","None",0,3,3,"PConc",4,3,2,4,1,1383,"GasA",3,"Y",5,1383,1,0,1,0,3,1,3,8,1,4,"Attchd",1,1,354,3,3,3,511,116,0,0,0,0,0,4,"NA",0,6,2008,"WD","Normal",165000,1,1,1,0,1,0,0
"120","RL",4920,"Pave","NA",4,"Lvl",4,"Inside",3,"StoneBr","Norm","Norm","TwnhsE","1Story",8,5,2001,2001,"Gable","CompShg","CemntBd","CmentBd","None",0,4,3,"PConc",4,3,2,6,1,1338,"GasA",5,"Y",5,1338,1,0,2,0,2,1,4,8,0,0,"Attchd",3,2,582,3,3,3,0,0,170,0,0,0,0,0,"NA",0,4,2010,"WD","Normal",213500,1,1,0,0,0,0,0
"080","RL",7134,"Pave","NA",4,"Bnk",4,"Inside",2,"NAmes","Norm","Norm","1Fam","SLvl",5,5,1955,1955,"Gable","CompShg","MetalSd","MetalSd","None",0,3,3,"CBlock",3,3,1,5,1,384,"GasA",3,"Y",5,1360,0,0,1,0,3,1,3,7,1,3,"Detchd",1,2,572,3,3,3,0,50,0,0,0,0,0,3,"NA",0,2,2007,"WD","Normal",130000,1,1,1,0,1,0,0
"020","RL",7990,"Pave","NA",3,"Lvl",4,"Inside",3,"CollgCr","Norm","Norm","1Fam","1Story",5,6,1975,1975,"Hip","CompShg","HdBoard","HdBoard","None",0,3,3,"CBlock",4,3,1,1,1,924,"GasA",3,"Y",5,924,0,0,1,0,3,1,3,8,0,0,"Detchd",1,1,280,3,3,3,0,0,0,0,0,0,0,3,"NA",0,4,2008,"WD","Normal",110000,1,1,0,0,1,0,0
"070","RM",5700,"Pave","NA",3,"Lvl",4,"Corner",3,"OldTown","Feedr","Norm","1Fam","2Story",7,6,1929,1990,"Gable","CompShg","Wd Sdng","Wd Shng","None",0,3,3,"BrkTil",3,3,1,3,1,672,"GasA",4,"N",3,1344,1,0,1,1,3,1,4,8,1,4,"Attchd",1,2,456,3,3,3,0,0,70,0,0,0,0,4,"NA",0,9,2007,"WD","Normal",140000,1,1,1,0,1,0,0
"120","RL",6371,"Pave","NA",3,"Lvl",4,"Inside",3,"NridgHt","Norm","Norm","TwnhsE","1Story",7,5,2009,2010,"Gable","CompShg","VinylSd","VinylSd","Stone",128,4,3,"PConc",4,3,2,6,1,1358,"GasA",5,"Y",5,1358,1,0,2,0,2,1,4,8,1,4,"Attchd",2,2,484,3,3,3,192,35,0,0,0,0,0,0,"NA",0,6,2010,"New","Partial",224000,1,1,1,0,0,0,1
"085","RL",12122,"Pave","NA",3,"Lvl",4,"Corner",3,"NAmes","Norm","Norm","1Fam","SFoyer",7,9,1961,2007,"Gable","CompShg","CemntBd","CmentBd","Stone",210,5,3,"CBlock",3,3,3,5,1,944,"GasA",4,"Y",5,999,1,0,1,0,3,1,5,8,0,0,"Attchd",2,2,588,3,3,3,144,76,0,0,0,0,0,0,"NA",0,7,2008,"WD","Normal",178400,1,1,0,0,0,0,1
"180","RM",3675,"Pave","NA",4,"Lvl",4,"Inside",3,"Edwards","Norm","Norm","TwnhsE","SFoyer",6,5,2005,2005,"Gable","CompShg","VinylSd","VinylSd","Stone",76,3,3,"PConc",4,3,4,6,1,547,"GasA",5,"Y",5,1072,1,0,1,0,2,1,4,8,0,0,"Basment",3,2,525,3,3,3,0,44,0,0,0,0,0,0,"NA",0,5,2007,"WD","Normal",140000,1,1,0,0,0,0,1
"190","C (all)",8250,"Pave","NA",4,"Lvl",4,"Inside",3,"IDOTRR","Feedr","Norm","2fmCon","2Story",5,6,1895,2006,"Gable","CompShg","VinylSd","VinylSd","None",0,3,4,"CBlock",3,3,1,1,1,957,"GasA",2,"N",5,1991,0,0,2,0,4,2,3,8,0,0,"NA",0,0,0,0,0,1,0,0,133,0,0,0,0,0,"NA",0,6,2007,"WD","Normal",119600,1,0,0,0,0,0,0
"060","RL",16698,"Pave","NA",3,"HLS",4,"CulDSac",2,"ClearCr","Norm","Norm","1Fam","2Story",7,5,1992,1993,"Gable","CompShg","VinylSd","VinylSd","None",0,4,3,"PConc",4,3,3,6,1,1449,"GasA",4,"Y",5,1759,1,0,2,1,3,1,4,8,1,3,"Attchd",1,2,525,3,3,3,150,193,0,0,0,0,0,0,"NA",0,6,2009,"WD","Normal",233500,1,1,1,0,0,0,0
"045","RH",9000,"Pave","NA",4,"Lvl",4,"Corner",3,"SawyerW","Norm","Norm","1Fam","1.5Unf",6,3,1928,1950,"Gable","CompShg","Wd Sdng","Wd Sdng","None",0,3,3,"BrkTil",2,2,1,1,1,784,"GasA",3,"N",3,784,0,0,1,0,2,1,3,8,0,0,"Detchd",1,2,360,2,2,1,0,0,91,0,0,0,0,0,"NA",0,10,2009,"WD","Normal",76000,1,1,0,0,0,0,0
"090","RL",8250,"Pave","NA",4,"Lvl",4,"Inside",3,"SawyerW","Norm","Norm","Duplex","2Story",6,7,1981,1981,"Gable","CompShg","Wd Sdng","Wd Shng","None",0,3,3,"Slab",0,0,0,0,0,0,"GasA",3,"Y",5,1882,0,0,2,0,4,2,3,8,2,3,"Attchd",1,2,612,3,3,3,0,0,0,0,0,0,0,0,"NA",0,5,2009,"WD","Normal",160000,0,1,1,0,0,0,0
"020","FV",10440,"Pave","NA",4,"Lvl",4,"Corner",3,"Somerst","Norm","Norm","1Fam","1Story",8,5,2007,2007,"Gable","CompShg","CemntBd","CmentBd","None",0,5,3,"PConc",4,3,2,1,1,1574,"GasA",5,"Y",5,1584,0,0,2,0,2,1,5,8,1,4,"Attchd",3,2,594,3,3,3,0,256,0,0,0,0,0,0,"NA",0,5,2007,"New","Partial",261329,1,1,1,0,0,0,0
"020","FV",8640,"Pave","NA",4,"Lvl",4,"Inside",3,"Somerst","Norm","Norm","1Fam","1Story",8,5,2007,2008,"Gable","CompShg","VinylSd","VinylSd","None",0,4,3,"PConc",4,3,1,6,1,1363,"GasA",5,"Y",5,1372,0,0,2,0,3,1,4,8,0,0,"Attchd",2,2,588,3,3,3,192,113,0,0,0,0,0,0,"NA",0,7,2008,"New","Partial",212700,1,1,0,0,0,0,0
"020","RL",7441,"Pave","NA",3,"Lvl",4,"Inside",3,"SawyerW","Norm","Norm","1Fam","1Story",7,5,2006,2006,"Gable","CompShg","VinylSd","VinylSd","BrkFace",170,4,3,"PConc",4,3,1,1,1,1461,"GasA",5,"Y",5,1486,0,0,2,0,3,1,4,8,0,0,"Attchd",2,2,566,3,3,3,0,32,0,0,0,0,0,0,"NA",0,6,2007,"WD","Normal",181000,1,1,0,0,0,0,1
"020","RL",25095,"Pave","NA",3,"Low",4,"Inside",1,"ClearCr","Norm","Norm","1Fam","1Story",5,8,1968,2003,"Flat","Tar&Grv","Wd Sdng","Wd Sdng","None",0,3,3,"CBlock",3,3,4,6,1,1437,"GasA",5,"Y",5,1473,2,0,1,0,1,1,5,8,2,4,"Attchd",1,1,452,3,3,3,0,48,0,0,60,0,0,0,"NA",0,6,2009,"WD","Partial",143000,1,1,1,0,0,0,0
"070","RL",9670,"Pave","NA",3,"HLS",4,"Inside",2,"Crawfor","Norm","Norm","1Fam","2Story",8,6,1935,1950,"Gable","CompShg","BrkFace","Stucco","Stone",40,3,3,"PConc",3,2,1,2,1,608,"GasA",3,"Y",5,1873,0,0,1,1,4,1,3,8,2,4,"Detchd",3,2,786,2,3,3,0,0,207,0,0,0,0,0,"NA",0,6,2008,"WD","Alloca",257076,1,1,1,0,0,0,1
"050","RL",15564,"Pave","NA",4,"Lvl",4,"Inside",3,"Crawfor","Norm","Norm","1Fam","1.5Fin",6,6,1914,1995,"Gable","CompShg","Wd Sdng","Wd Shng","None",0,3,3,"BrkTil",4,3,1,1,1,676,"GasA",5,"Y",5,1264,0,0,1,0,3,1,3,8,0,0,"Detchd",1,2,400,3,3,3,424,0,0,0,0,0,0,0,"Shed",400,1,2008,"WD","Normal",147500,1,1,0,0,0,0,0
"020","RL",10141,"Pave","NA",3,"Lvl",4,"Inside",3,"SawyerW","Norm","Norm","1Fam","1Story",8,5,2004,2004,"Gable","Tar&Grv","VinylSd","VinylSd","BrkFace",264,4,3,"PConc",4,3,4,4,3,1512,"GasA",5,"Y",5,1512,0,0,2,0,3,1,4,8,0,0,"Attchd",2,3,845,3,3,3,210,36,0,0,0,0,0,0,"NA",0,1,2009,"WD","Normal",203000,1,1,0,0,0,0,1
"085","RL",10820,"Pave","NA",4,"Lvl",4,"Corner",3,"Sawyer","Feedr","Norm","1Fam","SFoyer",5,7,1971,1972,"Gable","CompShg","HdBoard","HdBoard","BrkFace",153,3,3,"PConc",4,3,3,6,3,782,"GasA",5,"Y",5,810,1,0,1,0,2,1,3,8,0,0,"Detchd",1,2,576,3,3,3,0,0,0,0,0,0,0,3,"NA",0,6,2006,"WD","Normal",130000,1,1,0,0,1,0,1
"060","RL",8285,"Pave","NA",4,"Lvl",4,"Corner",3,"SawyerW","Norm","Norm","1Fam","2Story",7,5,1992,1992,"Gable","CompShg","HdBoard","HdBoard","None",0,4,3,"PConc",4,3,1,6,1,836,"GasA",4,"Y",5,1737,0,1,2,1,3,1,4,8,0,0,"Attchd",3,2,506,3,3,3,192,85,0,0,0,0,0,0,"NA",0,5,2008,"WD","Normal",175000,1,1,0,0,0,0,0
"080","RL",9720,"Pave","NA",4,"Lvl",4,"Inside",3,"CollgCr","Norm","Norm","1Fam","SLvl",5,7,1977,1977,"Gable","CompShg","Plywood","VinylSd","BrkFace",51,3,3,"CBlock",3,5,3,5,1,995,"GasA",3,"Y",5,1009,0,0,2,0,3,1,3,8,1,2,"Detchd",1,2,576,3,3,3,0,0,0,0,0,0,0,3,"NA",0,6,2007,"WD","Normal",160000,1,1,1,0,1,0,1
"050","RL",10678,"Pave","NA",4,"Lvl",4,"Inside",3,"NoRidge","Norm","Norm","1Fam","1.5Fin",8,5,1992,2000,"Hip","CompShg","HdBoard","HdBoard","BrkFace",337,4,3,"PConc",4,3,1,6,1,1683,"GasA",5,"Y",5,2872,0,0,2,1,4,1,4,8,1,3,"Attchd",3,2,541,3,3,3,0,33,0,0,0,0,0,0,"NA",0,4,2007,"WD","Normal",285000,1,1,1,0,0,0,1
"060","FV",8125,"Pave","NA",4,"Lvl",4,"Inside",3,"Somerst","Norm","Norm","1Fam","2Story",7,5,2006,2006,"Gable","CompShg","VinylSd","VinylSd","None",0,4,3,"PConc",4,4,1,1,1,770,"GasA",5,"Y",5,1576,0,0,2,1,3,1,4,8,0,0,"Attchd",2,2,614,3,3,3,0,50,0,0,0,0,0,0,"NA",0,8,2006,"New","Partial",197000,1,1,0,0,0,0,0
"020","RL",16158,"Pave","NA",3,"Low",4,"Inside",2,"StoneBr","Norm","Norm","1Fam","1Story",7,5,2005,2005,"Hip","CompShg","VinylSd","VinylSd","Stone",16,4,3,"PConc",5,3,3,5,1,1530,"GasA",5,"Y",5,1530,1,0,2,0,3,1,4,8,1,4,"Attchd",3,2,430,3,3,3,168,36,0,0,0,0,0,0,"NA",0,6,2009,"WD","Normal",260000,1,1,1,0,0,0,1
"030","RM",8635,"Pave","NA",4,"Lvl",4,"Inside",3,"BrkSide","Norm","Norm","1Fam","1Story",5,5,1925,1950,"Hip","CompShg","Wd Sdng","Wd Sdng","None",0,3,2,"BrkTil",3,3,1,2,1,1072,"GasA",3,"Y",5,1072,1,0,1,0,2,1,3,8,0,0,"Detchd",1,5,1184,2,3,2,0,0,105,0,0,0,0,0,"NA",0,8,2009,"WD","Normal",126500,1,1,0,0,0,0,0
"120","RM",3811,"Pave","NA",3,"HLS",4,"Corner",2,"Crawfor","Artery","Norm","TwnhsE","1Story",8,5,2004,2005,"Hip","CompShg","CemntBd","CmentBd","Stone",186,4,3,"PConc",5,3,4,6,1,1594,"GasA",5,"Y",5,1646,1,1,2,0,2,1,4,8,1,4,"Attchd",3,2,525,3,3,3,128,53,0,0,155,0,0,0,"NA",0,5,2010,"WD","Normal",246000,1,1,1,0,0,0,1
"060","RL",14803,"Pave","NA",3,"Lvl",4,"CulDSac",3,"NWAmes","Norm","Norm","1Fam","2Story",6,5,1971,1971,"Gable","CompShg","HdBoard","HdBoard","BrkFace",252,3,3,"CBlock",3,3,1,3,1,825,"GasA",4,"Y",5,1993,0,0,2,1,4,1,3,8,1,4,"Attchd",2,2,495,3,3,3,0,66,0,0,0,0,0,2,"NA",0,6,2006,"WD","Normal",190000,1,1,1,0,1,0,1
"060","RL",9200,"Pave","NA",4,"Lvl",4,"Inside",3,"NoRidge","Norm","Norm","1Fam","2Story",8,5,1998,1998,"Gable","CompShg","VinylSd","VinylSd","BrkFace",473,4,3,"PConc",4,3,1,6,1,1470,"GasA",4,"Y",5,2630,1,0,2,1,4,1,4,8,1,3,"Attchd",3,3,696,3,3,3,0,66,0,0,0,0,0,0,"NA",0,6,2008,"WD","Normal",315000,1,1,1,0,0,0,1
"050","RL",7550,"Pave","NA",4,"Lvl",4,"Inside",3,"Edwards","Norm","Norm","1Fam","1.5Fin",4,5,1920,1950,"Gambrel","CompShg","MetalSd","MetalSd","None",0,2,2,"BrkTil",3,2,1,1,1,951,"GasW",2,"N",5,1362,0,0,2,0,4,1,3,8,0,0,"Detchd",1,1,280,2,3,2,0,0,0,0,0,0,0,3,"NA",0,3,2007,"WD","Normal",96000,1,1,0,0,1,0,0
"020","RL",9937,"Pave","NA",4,"Lvl",4,"Corner",3,"Edwards","Norm","Norm","1Fam","1Story",5,7,1964,1999,"Hip","CompShg","MetalSd","MetalSd","None",0,3,4,"PConc",3,3,1,4,1,1486,"GasA",5,"Y",5,1486,1,0,1,0,3,1,3,8,0,0,"Detchd",3,2,480,3,3,3,0,0,0,0,0,0,0,3,"NA",0,3,2009,"WD","Normal",167000,1,1,0,0,1,0,0
"050","RL",8707,"Pave","NA",4,"Lvl",4,"FR2",3,"Edwards","Feedr","Norm","1Fam","1.5Fin",4,5,1924,1950,"Gable","CompShg","Wd Sdng","Wd Sdng","None",0,3,3,"BrkTil",3,3,1,1,1,1093,"GasA",3,"N",2,1669,0,0,1,1,4,1,3,6,0,0,"Attchd",1,1,288,2,3,3,0,0,56,0,0,0,0,0,"NA",0,5,2006,"WD","AdjLand",107000,1,1,0,0,0,0,0
"070","RL",8730,"Pave","NA",4,"Lvl",4,"Inside",3,"BrkSide","RRAn","Norm","1Fam","2Story",6,7,1915,2003,"Gable","CompShg","Wd Sdng","Wd Sdng","None",0,3,3,"BrkTil",3,3,1,1,1,698,"GasA",5,"Y",3,1396,0,0,1,0,3,1,3,8,0,0,"Detchd",1,1,384,3,3,3,0,0,0,0,259,0,0,0,"NA",0,7,2007,"WD","Normal",153575,1,1,0,0,0,0,0
"120","RL",7301,"Pave","NA",3,"Lvl",4,"Inside",3,"NridgHt","Norm","Norm","TwnhsE","1Story",7,6,2007,2008,"Gable","CompShg","VinylSd","VinylSd","Stone",176,4,3,"PConc",4,3,1,6,1,1350,"GasA",5,"Y",5,1358,1,0,2,0,2,1,4,8,1,4,"Attchd",2,2,484,3,3,3,192,26,0,0,0,0,0,0,"NA",0,11,2008,"New","Partial",217300,1,1,1,0,0,0,1
"060","RL",7984,"Pave","NA",3,"Lvl",4,"Inside",3,"Gilbert","Norm","Norm","1Fam","2Story",7,5,2004,2005,"Gable","CompShg","VinylSd","VinylSd","BrkFace",200,4,3,"PConc",4,3,1,1,1,868,"GasA",5,"Y",5,1630,0,0,2,1,3,1,4,8,1,4,"BuiltIn",3,2,436,3,3,3,120,48,0,0,0,0,0,0,"NA",0,9,2009,"WD","Normal",189500,1,1,1,0,0,0,1
"060","FV",8640,"Pave","NA",4,"Lvl",4,"Inside",3,"Somerst","Norm","Norm","1Fam","2Story",7,5,2009,2009,"Gable","CompShg","VinylSd","VinylSd","None",0,3,3,"PConc",4,3,2,6,1,756,"GasA",5,"Y",5,1547,0,0,2,1,3,1,4,8,0,0,"Attchd",1,2,614,3,3,3,169,45,0,0,0,0,0,0,"NA",0,6,2010,"Con","Normal",215200,1,1,0,0,0,0,0
"020","RL",7800,"Pave","NA",4,"Lvl",4,"Inside",3,"Sawyer","Norm","Norm","1Fam","1Story",5,7,1966,2008,"Hip","CompShg","HdBoard","HdBoard","BrkFace",47,3,3,"CBlock",3,3,2,4,3,864,"GasA",5,"Y",5,892,1,0,1,0,3,1,4,8,0,0,"Detchd",1,1,416,3,3,3,0,0,0,0,0,0,0,0,"NA",0,6,2010,"WD","Normal",137900,1,1,0,0,0,0,1
"020","FV",11096,"Pave","NA",4,"Lvl",4,"Inside",3,"Somerst","Norm","Norm","1Fam","1Story",8,5,2006,2006,"Gable","CompShg","VinylSd","VinylSd","None",0,4,3,"PConc",4,3,3,6,1,1656,"GasA",5,"Y",5,1656,0,0,2,0,3,1,4,8,0,0,"Attchd",2,3,826,3,3,3,0,146,0,0,0,0,0,0,"NA",0,7,2007,"WD","Normal",249700,1,1,0,0,0,0,0
"020","RL",8172,"Pave","NA",4,"Lvl",4,"Inside",3,"Edwards","Norm","Norm","1Fam","1Story",5,7,1955,1990,"Hip","CompShg","WdShing","Plywood","None",0,3,3,"CBlock",3,3,1,3,1,864,"GasA",3,"Y",5,864,1,0,1,0,2,1,3,8,0,0,"Detchd",1,2,572,3,3,1,0,0,0,0,0,0,0,0,"NA",0,4,2006,"WD","Normal",115000,1,1,0,0,0,0,0
"020","RL",10634,"Pave","NA",4,"Lvl",4,"Inside",3,"NAmes","Norm","Norm","1Fam","1Story",5,6,1953,1953,"Gable","CompShg","MetalSd","MetalSd","None",0,3,3,"PConc",3,3,1,4,2,608,"GasA",3,"Y",5,1319,1,0,1,0,3,1,3,6,0,0,"Attchd",1,1,270,3,3,3,66,0,0,0,0,0,0,2,"NA",0,11,2009,"WD","Normal",123000,1,1,0,0,1,0,0
"080","RL",9125,"Pave","NA",3,"Lvl",4,"Inside",3,"Gilbert","Norm","Norm","1Fam","SLvl",7,5,1992,1992,"Gable","CompShg","HdBoard","HdBoard","BrkFace",170,3,3,"PConc",4,3,1,1,1,384,"GasA",4,"Y",5,1482,0,0,2,1,3,1,4,8,1,3,"Attchd",3,2,392,3,3,3,100,25,0,0,0,0,0,0,"NA",0,7,2007,"WD","Normal",163900,1,1,1,0,0,0,1
"020","RL",17755,"Pave","NA",4,"Lvl",4,"Inside",3,"Edwards","Norm","Norm","1Fam","1Story",5,4,1959,1959,"Gable","CompShg","HdBoard","Plywood","BrkFace",132,3,3,"CBlock",3,3,1,4,1,1466,"GasA",3,"Y",5,1466,0,0,1,1,3,1,2,8,2,4,"Attchd",3,2,528,3,3,3,0,140,0,0,100,0,0,0,"NA",0,11,2006,"WD","Normal",149900,1,1,1,0,0,0,1
"020","RL",8665,"Pave","NA",3,"Lvl",4,"Inside",3,"Sawyer","Norm","Norm","1Fam","1Story",5,5,1968,1968,"Gable","CompShg","HdBoard","HdBoard","BrkFace",89,3,3,"CBlock",3,3,2,3,4,876,"GasA",3,"Y",5,897,0,0,1,0,3,1,3,8,0,0,"Attchd",2,1,264,3,3,3,0,0,0,0,0,0,0,0,"NA",0,1,2007,"WD","Normal",115000,1,1,0,0,0,0,1
"030","C (all)",10200,"Pave","Grvl",4,"Lvl",4,"Inside",3,"IDOTRR","Norm","Norm","1Fam","1Story",4,6,1925,1950,"Gable","CompShg","MetalSd","MetalSd","None",0,3,3,"BrkTil",3,3,1,1,1,572,"GasA",2,"N",1,572,0,0,1,0,2,1,3,8,0,0,"Detchd",1,1,200,3,3,1,0,0,72,0,0,0,0,0,"NA",0,5,2009,"WD","Normal",75000,1,1,0,0,0,1,0
"060","RL",11050,"Pave","NA",4,"Lvl",4,"Inside",3,"Mitchel","Norm","Norm","1Fam","2Story",8,5,1998,1999,"Gable","CompShg","VinylSd","VinylSd","None",0,4,3,"PConc",4,3,1,6,1,1049,"GasA",5,"Y",5,1916,1,0,2,1,3,1,4,8,1,3,"Attchd",1,3,741,3,3,3,0,70,0,0,0,0,0,0,"NA",0,5,2010,"WD","Normal",254900,1,1,1,0,0,0,0
"020","FV",10625,"Pave","NA",4,"Lvl",4,"Inside",3,"Somerst","Norm","Norm","1Fam","1Story",8,5,2007,2007,"Gable","CompShg","VinylSd","VinylSd","BrkFace",292,4,3,"PConc",4,3,3,1,1,1660,"GasA",5,"Y",5,1660,0,0,2,0,3,1,4,8,1,4,"Attchd",3,3,660,3,3,3,133,120,0,0,0,0,0,0,"NA",0,6,2008,"WD","Normal",256000,1,1,1,0,0,0,1
"060","RL",9801,"Pave","NA",4,"Lvl",4,"Inside",3,"Somerst","Norm","Norm","1Fam","2Story",8,5,2007,2007,"Gable","CompShg","VinylSd","VinylSd","Stone",156,4,3,"PConc",4,3,3,1,1,1341,"GasA",5,"Y",5,1861,0,0,3,0,3,1,4,8,1,4,"BuiltIn",2,3,851,3,3,3,144,60,0,0,0,0,0,0,"NA",0,7,2008,"WD","Normal",257000,1,1,1,0,0,0,1
"120","FV",4538,"Pave","NA",3,"Lvl",4,"Inside",3,"Somerst","Norm","Norm","TwnhsE","1Story",9,5,2001,2001,"Gable","CompShg","VinylSd","VinylSd","BrkFace",179,4,3,"PConc",5,3,3,6,1,1310,"GasA",5,"Y",5,1310,1,0,1,1,1,1,4,8,1,3,"Attchd",2,2,545,3,3,3,277,45,0,0,0,0,0,0,"NA",0,7,2008,"WD","Normal",285000,1,1,1,0,0,0,1
"020","RL",8049,"Pave","NA",3,"Lvl",4,"CulDSac",3,"Timber","Norm","Norm","1Fam","1Story",7,5,1990,1990,"Hip","CompShg","HdBoard","HdBoard","BrkFace",54,3,3,"CBlock",4,3,1,5,1,1309,"GasA",3,"Y",5,1339,1,0,2,0,2,1,3,8,1,3,"Attchd",3,2,484,4,4,3,0,58,0,0,90,0,0,0,"NA",0,7,2006,"WD","Normal",180000,1,1,1,0,0,0,1
"020","RL",14850,"Pave","NA",3,"Lvl",4,"Inside",3,"NAmes","Norm","Norm","1Fam","1Story",5,5,1957,1957,"Gable","CompShg","Wd Sdng","Wd Sdng","None",0,3,3,"CBlock",3,3,1,3,1,1092,"GasA",3,"Y",3,1092,1,0,1,0,2,1,3,8,1,3,"Attchd",3,1,299,3,3,3,268,0,0,0,122,0,0,1,"NA",0,5,2006,"WD","Normal",141000,1,1,1,0,1,0,0
"020","RL",9790,"Pave","NA",4,"Lvl",4,"Inside",3,"NWAmes","Feedr","Norm","1Fam","1Story",6,5,1963,1963,"Hip","CompShg","HdBoard","HdBoard","BrkFace",451,3,3,"CBlock",3,3,1,5,3,1328,"GasA",3,"Y",5,1328,1,0,1,1,3,1,3,8,2,4,"Attchd",1,2,528,3,3,3,0,26,0,0,0,0,0,0,"NA",0,6,2010,"WD","Normal",143000,1,1,1,0,0,0,1
"070","RM",6876,"Pave","NA",4,"Lvl",4,"Inside",3,"IDOTRR","Norm","Norm","1Fam","2Story",6,5,1927,1950,"Gable","CompShg","Plywood","Plywood","None",0,3,3,"CBlock",3,2,1,4,1,720,"GasA",2,"Y",5,1930,1,0,2,0,4,1,3,8,0,0,"Attchd",1,1,316,3,3,3,0,0,213,0,0,0,0,3,"NA",0,8,2009,"WD","Normal",149000,1,1,0,0,1,0,0
"060","RL",12334,"Pave","NA",3,"Lvl",4,"Inside",3,"CollgCr","Norm","Norm","1Fam","2Story",8,5,2003,2003,"Gable","CompShg","VinylSd","VinylSd","BrkFace",198,4,3,"PConc",4,3,3,1,1,1068,"GasA",5,"Y",5,2184,0,0,2,1,4,1,4,8,1,4,"BuiltIn",2,2,570,3,3,3,192,132,0,0,0,0,0,0,"NA",0,6,2009,"WD","Normal",254750,1,1,1,0,0,0,1
"120","RL",9466,"Pave","NA",2,"Lvl",4,"FR2",3,"Veenker","Norm","Norm","TwnhsE","1Story",8,5,1994,1995,"Gable","CompShg","BrkFace","BrkFace","None",0,4,3,"PConc",4,3,4,2,5,1494,"GasA",5,"Y",5,1494,1,0,1,1,1,1,4,8,1,4,"Attchd",3,2,478,3,3,3,0,30,0,0,217,0,0,0,"NA",0,5,2007,"WD","Normal",279700,1,1,1,0,0,0,0
"020","RL",9204,"Pave","NA",4,"Lvl",4,"Inside",3,"NAmes","Norm","Norm","1Fam","1Story",5,5,1963,1963,"Gable","CompShg","HdBoard","HdBoard","None",0,3,3,"CBlock",3,3,1,4,3,1144,"GasA",3,"Y",5,1144,1,0,1,1,3,1,3,8,0,0,"Detchd",1,1,336,3,3,3,0,88,0,0,0,0,0,0,"NA",0,8,2008,"COD","Normal",124000,1,1,0,0,0,0,0
"060","RL",9370,"Pave","NA",2,"Lvl",4,"Inside",3,"SawyerW","Norm","Norm","1Fam","2Story",6,5,1992,1993,"Gable","CompShg","HdBoard","HdBoard","None",0,4,3,"PConc",4,3,1,5,1,836,"GasA",5,"Y",5,1731,1,0,2,1,3,1,4,8,0,0,"Attchd",2,2,462,3,3,3,307,85,0,0,224,0,0,0,"Othr",3000,10,2006,"WD","Family",248500,1,1,0,0,0,0,0
"020","RL",8072,"Pave","NA",4,"Lvl",4,"Inside",3,"CollgCr","Norm","Norm","1Fam","1Story",5,5,1994,1995,"Gable","CompShg","VinylSd","VinylSd","None",0,3,4,"PConc",4,4,1,5,1,990,"GasA",5,"Y",5,990,1,0,1,0,3,1,3,8,0,0,"Detchd",1,2,480,3,3,3,0,64,0,0,0,0,0,0,"NA",0,5,2009,"WD","Normal",138000,1,1,0,0,0,0,0
"080","RL",9967,"Pave","NA",3,"Lvl",4,"Inside",3,"Gilbert","Norm","Norm","1Fam","SLvl",7,5,2000,2000,"Gable","CompShg","VinylSd","VinylSd","None",0,3,3,"PConc",4,3,1,1,1,384,"GasA",5,"Y",5,1430,0,0,2,1,3,1,3,8,1,3,"BuiltIn",2,2,400,3,3,3,100,0,0,0,0,0,0,0,"NA",0,12,2007,"WD","Normal",170000,1,1,1,0,0,0,0
"090","RL",6012,"Pave","NA",4,"Lvl",4,"Corner",3,"Edwards","Norm","Norm","Duplex","1Story",4,5,1955,1955,"Gable","CompShg","AsbShng","Plywood","None",0,3,2,"PConc",0,0,0,0,0,0,"GasA",3,"N",5,1152,0,0,2,0,2,2,3,8,0,0,"NA",0,0,0,0,0,1,0,0,0,0,0,0,0,0,"NA",0,6,2008,"WD","AdjLand",82000,0,0,0,0,0,0,0
"020","RL",10750,"Pave","NA",3,"Lvl",4,"CulDSac",3,"NoRidge","Norm","Norm","1Fam","1Story",8,5,1994,1995,"Hip","CompShg","Wd Sdng","Wd Sdng","BrkFace",634,4,3,"PConc",4,3,3,4,6,2024,"GasA",5,"Y",5,2063,1,0,2,0,3,1,4,8,2,4,"Attchd",3,3,815,3,3,3,182,56,0,0,0,0,0,0,"NA",0,6,2009,"WD","Normal",315000,1,1,1,0,0,0,1
"060","RL",16387,"Pave","NA",3,"Lvl",4,"Inside",3,"NridgHt","Norm","Norm","1Fam","2Story",9,5,2006,2006,"Hip","CompShg","VinylSd","VinylSd","Stone",215,4,3,"PConc",5,4,1,6,1,1738,"GasA",4,"Y",5,2589,1,0,2,1,4,1,5,8,1,4,"Attchd",2,3,831,3,3,3,0,0,0,0,0,0,0,0,"NA",0,8,2006,"New","Partial",412083,1,1,1,0,0,0,1
"120","RL",6240,"Pave","NA",4,"Lvl",4,"Inside",3,"NridgHt","Norm","Norm","TwnhsE","1Story",8,5,2006,2007,"Hip","CompShg","MetalSd","MetalSd","BrkFace",176,4,3,"PConc",4,3,1,6,1,1342,"GasA",5,"Y",5,1342,1,0,2,0,2,1,4,8,1,4,"Attchd",3,2,550,3,3,3,0,35,0,0,0,0,0,0,"NA",0,6,2008,"WD","Normal",234250,1,1,1,0,0,0,1
"190","RM",10120,"Pave","NA",3,"Bnk",4,"Inside",3,"OldTown","Feedr","Norm","2fmCon","2.5Unf",7,4,1910,1950,"Hip","CompShg","Wd Sdng","Wd Sdng","None",0,2,3,"CBlock",3,3,1,1,1,925,"GasA",3,"N",2,1889,0,0,1,1,4,2,3,8,1,4,"Detchd",1,1,308,3,3,1,0,0,264,0,0,0,0,3,"NA",0,1,2007,"WD","Normal",122000,1,1,1,0,1,0,0
"060","RL",8924,"Pave","NA",3,"Lvl",4,"CulDSac",3,"CollgCr","Norm","Norm","1Fam","2Story",7,5,1998,1999,"Gable","CompShg","VinylSd","VinylSd","None",0,3,3,"PConc",4,3,3,1,1,880,"GasA",5,"Y",5,1724,0,0,2,1,3,1,4,8,0,0,"Attchd",3,2,527,3,3,3,120,155,0,0,0,0,0,0,"NA",0,7,2008,"WD","Normal",188000,1,1,0,0,0,0,0
"020","RL",10500,"Pave","NA",4,"Lvl",4,"FR2",3,"NAmes","Norm","Norm","1Fam","1Story",4,5,1971,1971,"Gable","CompShg","HdBoard","HdBoard","None",0,3,3,"CBlock",3,3,1,5,1,864,"GasA",3,"Y",5,864,0,0,1,0,3,1,3,8,1,1,"NA",0,0,0,0,0,3,0,0,0,0,0,0,0,0,"NA",0,4,2010,"ConLI","Normal",115000,1,0,1,0,0,0,0
"080","RL",7750,"Pave","NA",4,"Lvl",4,"Inside",3,"Gilbert","Norm","Norm","1Fam","SLvl",7,5,1999,2000,"Gable","CompShg","VinylSd","VinylSd","None",0,3,3,"PConc",4,3,1,1,1,384,"GasA",5,"Y",5,1430,0,0,2,1,3,1,3,8,1,3,"BuiltIn",2,2,400,3,3,3,0,0,0,0,0,0,0,0,"NA",0,3,2009,"WD","Normal",156000,1,1,1,0,0,0,0
"060","RL",13262,"Pave","NA",3,"Lvl",4,"Inside",3,"NridgHt","Norm","Norm","1Fam","2Story",8,5,2003,2004,"Gable","CompShg","VinylSd","VinylSd","Stone",186,4,3,"PConc",4,3,1,1,1,1082,"GasA",5,"Y",5,2400,0,0,3,1,4,1,4,8,1,4,"BuiltIn",3,3,730,3,3,3,114,40,0,0,0,0,0,0,"NA",0,6,2009,"WD","Normal",290000,1,1,1,0,0,0,1
"120","RL",6240,"Pave","NA",4,"Lvl",4,"Inside",3,"NridgHt","Norm","Norm","TwnhsE","1Story",8,5,2006,2006,"Hip","CompShg","MetalSd","MetalSd","BrkFace",176,4,3,"PConc",4,3,1,6,1,1324,"GasA",5,"Y",5,1324,1,0,2,0,2,1,4,8,1,4,"Attchd",3,2,550,3,3,3,192,38,0,0,0,0,0,0,"NA",0,12,2009,"WD","Normal",254000,1,1,1,0,0,0,1
"190","RM",6000,"Pave","NA",4,"Lvl",4,"Inside",3,"OldTown","Norm","Norm","2fmCon","1.5Fin",5,4,1954,1954,"Gable","CompShg","Wd Sdng","Wd Sdng","None",0,3,3,"CBlock",3,3,1,1,1,811,"GasA",3,"Y",3,1387,0,0,2,0,3,2,4,8,0,0,"BuiltIn",1,1,256,3,3,3,0,0,0,0,0,0,0,0,"NA",0,11,2009,"WD","Normal",93000,1,1,0,0,0,0,0
"075","RM",13500,"Pave","NA",4,"Lvl",4,"Inside",3,"OldTown","Artery","PosA","1Fam","2.5Unf",10,9,1893,2000,"Gable","CompShg","Wd Sdng","Wd Sdng","None",0,5,5,"BrkTil",3,3,1,1,1,1237,"GasA",4,"Y",5,2775,0,0,3,1,3,1,4,8,1,4,"Detchd",1,2,880,4,3,3,105,502,0,0,0,0,0,0,"NA",0,7,2008,"WD","Normal",325000,1,1,1,0,0,0,0
"020","RL",9250,"Pave","NA",4,"Lvl",4,"Corner",3,"NAmes","Norm","Norm","1Fam","1Story",5,7,1954,2005,"Gable","CompShg","Wd Sdng","Wd Sdng","None",0,3,3,"CBlock",3,3,1,4,2,1056,"GasA",3,"Y",5,1056,0,1,1,0,3,1,3,8,0,0,"Attchd",1,1,260,3,3,3,390,0,0,0,0,0,0,0,"NA",0,7,2007,"WD","Normal",139400,1,1,0,0,0,0,0
"070","RL",11737,"Pave","NA",3,"Bnk",4,"Inside",3,"BrkSide","Norm","Norm","1Fam","2Story",6,7,1924,1996,"Gambrel","CompShg","BrkComm","Stucco","None",0,3,3,"BrkTil",3,3,1,1,1,848,"GasW",3,"N",5,1827,0,0,1,0,2,1,3,8,1,4,"Detchd",1,1,240,2,3,3,27,36,42,0,0,0,0,4,"NA",0,5,2006,"WD","Normal",202500,1,1,1,0,1,0,0
"020","RL",12633,"Pave","NA",3,"HLS",4,"Inside",3,"Timber","PosA","PosA","1Fam","1Story",10,5,2006,2007,"Hip","CompShg","MetalSd","MetalSd","BrkFace",242,5,3,"PConc",5,3,4,1,1,1824,"GasA",5,"Y",5,1824,0,0,2,0,3,1,5,8,1,4,"Attchd",3,3,932,3,3,3,160,36,0,0,108,0,0,0,"NA",0,9,2007,"New","Partial",392000,1,1,1,0,0,0,1
"020","RL",9760,"Pave","NA",4,"Lvl",4,"Inside",2,"NAmes","Norm","Norm","1Fam","1Story",6,7,1963,1984,"Hip","CompShg","Wd Sdng","Wd Sdng","BrkFace",218,3,3,"CBlock",3,3,4,4,2,1395,"GasA",3,"Y",5,1395,1,0,1,0,2,1,3,7,1,3,"Attchd",2,2,440,3,3,3,657,0,113,0,240,0,0,0,"NA",0,5,2010,"WD","Normal",192000,1,1,1,0,0,0,1
"060","RL",9375,"Pave","NA",4,"Lvl",4,"Inside",3,"CollgCr","Norm","Norm","1Fam","2Story",7,5,1997,1998,"Gable","CompShg","VinylSd","VinylSd","BrkFace",573,3,3,"PConc",4,3,1,6,1,1057,"GasA",5,"Y",5,2034,1,0,2,1,3,1,4,8,0,0,"Attchd",2,2,645,3,3,3,576,36,0,0,0,0,0,4,"NA",0,2,2009,"WD","Normal",219500,1,1,0,0,1,0,1
"120","RM",4426,"Pave","NA",4,"Lvl",4,"Inside",3,"CollgCr","Norm","Norm","TwnhsE","1Story",6,5,2004,2004,"Gable","CompShg","VinylSd","VinylSd","BrkFace",169,4,3,"PConc",4,3,3,6,1,848,"GasA",5,"Y",5,848,1,0,1,0,1,1,4,8,0,0,"Attchd",2,2,420,3,3,3,160,0,0,0,0,0,0,0,"NA",0,5,2010,"WD","Normal",143000,1,1,0,0,0,0,1
"060","RL",10142,"Pave","NA",3,"Lvl",4,"Inside",3,"SawyerW","Norm","Norm","1Fam","2Story",7,5,2004,2004,"Gable","CompShg","VinylSd","VinylSd","None",0,4,3,"PConc",4,3,1,6,1,956,"GasA",5,"Y",5,2084,1,0,2,1,4,1,4,8,0,0,"BuiltIn",2,2,618,3,3,3,0,45,0,0,0,0,0,0,"NA",0,1,2010,"WD","Normal",233000,1,1,0,0,0,0,0
"160","FV",2880,"Pave","Pave",4,"Lvl",4,"Inside",3,"Somerst","Norm","Norm","Twnhs","2Story",7,5,2004,2005,"Gable","CompShg","MetalSd","MetalSd","None",0,4,3,"PConc",4,3,1,1,1,1376,"GasA",5,"Y",5,3005,0,0,2,1,3,1,4,5,1,3,"BuiltIn",3,3,704,3,3,3,0,177,0,0,0,0,0,0,"NA",0,7,2009,"WD","Normal",280750,1,1,1,0,0,1,0
"090","RL",11643,"Pave","NA",4,"Lvl",4,"Inside",3,"NAmes","Artery","Norm","Duplex","2Story",5,5,1969,1969,"Gable","CompShg","MetalSd","MetalSd","BrkFace",368,3,3,"CBlock",3,3,1,2,1,1248,"GasA",3,"Y",5,2634,1,1,2,2,6,2,3,8,0,0,"Detchd",1,4,968,3,3,3,0,0,0,0,0,0,0,0,"NA",0,8,2009,"WD","Normal",2e+05,1,1,0,0,0,0,1
"030","RM",8520,"Pave","NA",4,"Lvl",4,"Inside",3,"OldTown","Norm","Norm","1Fam","1Story",5,8,1923,1950,"Gable","CompShg","Stucco","Stucco","None",0,4,3,"PConc",2,3,1,1,1,624,"GasA",3,"Y",5,792,0,0,1,0,2,1,3,8,0,0,"Detchd",1,1,287,3,3,3,0,0,81,0,0,0,0,2,"NA",0,2,2009,"WD","Normal",99500,1,1,0,0,1,0,0
"060","RL",8000,"Pave","NA",4,"Lvl",4,"Inside",3,"NWAmes","PosN","Norm","1Fam","2Story",6,6,1974,1974,"Gable","CompShg","HdBoard","HdBoard","None",0,3,3,"CBlock",3,3,1,5,2,1084,"GasA",3,"Y",5,1877,1,0,2,1,4,1,3,8,1,3,"Attchd",1,2,488,3,3,3,0,96,0,0,0,0,0,0,"NA",0,11,2007,"WD","Normal",178900,1,1,1,0,0,0,0
"020","RL",12518,"Pave","NA",3,"Lvl",4,"Inside",3,"Mitchel","Norm","Norm","1Fam","1Story",5,7,1968,1968,"Gable","CompShg","HdBoard","HdBoard","BrkFace",182,3,3,"CBlock",3,3,1,5,1,1008,"GasA",4,"Y",5,1008,0,0,1,0,3,1,4,8,0,0,"Attchd",1,1,384,3,3,3,144,0,0,0,0,0,0,3,"NA",0,4,2009,"WD","Normal",139500,1,1,0,0,1,0,1
"190","RL",10880,"Pave","NA",4,"Lvl",4,"Inside",3,"Edwards","Norm","Norm","2fmCon","1Story",5,5,1950,1950,"Gable","CompShg","MetalSd","MetalSd","None",0,3,3,"CBlock",3,3,1,5,1,1164,"GasW",3,"N",5,1164,1,0,1,0,3,1,3,8,0,0,"Detchd",1,1,240,3,3,3,0,48,0,0,0,0,0,0,"NA",0,8,2008,"ConLD","Normal",125000,1,1,0,0,0,0,0
"020","RL",7700,"Pave","NA",4,"Lvl",4,"Corner",3,"CollgCr","Norm","Norm","1Fam","1Story",5,5,1972,1972,"Gable","CompShg","VinylSd","VinylSd","None",0,3,3,"CBlock",3,3,1,2,3,882,"GasA",3,"Y",5,882,1,0,1,0,3,1,3,8,0,0,"Detchd",1,2,461,3,3,3,96,0,0,0,0,0,0,3,"NA",0,3,2007,"WD","Normal",112500,1,1,0,0,1,0,0
"060","FV",7500,"Pave","NA",4,"Lvl",4,"Inside",3,"Somerst","Norm","Norm","1Fam","2Story",7,5,2000,2000,"Gable","CompShg","VinylSd","VinylSd","None",0,4,3,"PConc",4,3,1,6,1,814,"GasA",5,"Y",5,1674,1,0,2,1,3,1,4,8,0,0,"Attchd",2,2,663,3,3,3,0,96,0,0,0,0,0,0,"NA",0,1,2010,"WD","Normal",216000,1,1,0,0,0,0,0
"060","RL",9543,"Pave","NA",3,"Lvl",4,"Inside",3,"CollgCr","Norm","Norm","1Fam","2Story",7,5,2001,2001,"Gable","CompShg","VinylSd","VinylSd","None",0,4,3,"PConc",4,3,1,1,1,845,"GasA",5,"Y",5,1690,0,0,2,1,3,1,4,8,0,0,"Attchd",2,2,517,3,3,3,0,103,0,0,0,0,0,0,"NA",0,2,2007,"WD","Normal",190550,1,1,0,0,0,0,0
"070","RL",10800,"Pave","Grvl",4,"Lvl",4,"Inside",3,"OldTown","Norm","Norm","1Fam","2Story",5,9,1895,1999,"Gable","CompShg","Wd Sdng","HdBoard","None",0,3,4,"CBlock",4,3,3,1,1,736,"GasA",5,"Y",5,1534,0,0,1,1,3,1,4,8,0,0,"NA",0,0,0,0,0,1,0,112,0,0,0,0,0,0,"NA",0,7,2007,"WD","Normal",148000,1,0,0,0,0,1,0
"020","RL",9510,"Pave","NA",4,"Lvl",4,"Inside",3,"NAmes","Norm","Norm","1Fam","1Story",6,5,1962,1985,"Gable","CompShg","HdBoard","HdBoard","BrkCmn",161,3,3,"CBlock",3,3,1,5,1,1135,"GasA",5,"Y",5,1207,0,0,1,1,3,1,3,8,0,0,"Attchd",2,1,264,3,3,3,0,240,0,0,0,0,0,0,"NA",0,5,2006,"WD","Normal",147000,1,1,0,0,0,0,1
"120","RL",8013,"Pave","NA",3,"Lvl",4,"Corner",3,"StoneBr","Norm","Norm","TwnhsE","1Story",8,5,1995,1996,"Gable","CompShg","CemntBd","CmentBd","None",0,4,3,"PConc",4,3,1,6,1,1587,"GasA",5,"Y",5,1734,1,0,2,0,2,1,4,8,0,0,"Attchd",2,2,528,3,3,3,52,50,0,0,0,0,0,0,"NA",0,9,2009,"WD","Normal",239500,1,1,0,0,0,0,0
"190","RM",9142,"Pave","Grvl",4,"Lvl",4,"Inside",3,"OldTown","Norm","Norm","2fmCon","2Story",6,8,1910,1950,"Gable","CompShg","AsbShng","AsbShng","None",0,3,2,"Stone",2,3,1,1,1,1020,"GasA",4,"N",1,1928,0,0,2,0,4,2,2,8,0,0,"Detchd",1,1,440,1,1,3,0,60,112,0,0,0,0,0,"NA",0,4,2006,"WD","Normal",137000,1,1,0,0,0,1,0
"075","RM",8850,"Pave","NA",3,"Bnk",4,"Corner",3,"OldTown","Norm","Norm","1Fam","2.5Unf",7,6,1916,1950,"Gable","CompShg","MetalSd","MetalSd","None",0,3,3,"BrkTil",3,3,1,1,1,815,"GasA",5,"Y",5,1690,0,0,1,0,3,1,3,8,1,4,"Detchd",1,1,225,3,3,3,0,0,330,0,0,0,0,0,"NA",0,7,2006,"ConLw","Normal",144000,1,1,1,0,0,0,0
"160","FV",4447,"Pave","NA",3,"Lvl",4,"FR2",3,"Somerst","Norm","Norm","TwnhsE","2Story",7,5,2003,2003,"Gable","CompShg","VinylSd","VinylSd","None",0,4,3,"PConc",4,3,1,1,1,530,"GasA",5,"Y",5,1080,0,0,2,1,2,1,4,8,0,0,"Attchd",2,2,496,3,3,3,0,50,0,0,0,0,0,0,"NA",0,7,2006,"WD","Normal",139000,1,1,0,0,0,0,0
"070","RL",6858,"Pave","NA",4,"Bnk",4,"Corner",3,"SWISU","Norm","Norm","1Fam","2Story",6,4,1915,1950,"Gable","CompShg","Wd Sdng","Wd Sdng","None",0,3,3,"PConc",4,3,1,1,1,806,"GasA",3,"N",2,1647,1,0,1,1,4,1,2,8,0,0,"Detchd",1,1,216,3,3,3,0,66,136,0,0,0,0,0,"NA",0,5,2010,"WD","Normal",128000,1,1,0,0,0,0,0
"020","RL",10000,"Pave","NA",4,"Lvl",4,"Corner",3,"Sawyer","Feedr","Norm","1Fam","1Story",5,6,1961,1983,"Hip","CompShg","HdBoard","HdBoard","None",0,3,3,"CBlock",3,3,1,4,1,864,"GasA",5,"Y",5,1144,1,0,1,0,3,1,3,8,1,3,"Attchd",2,1,264,3,3,3,165,0,0,0,0,0,0,2,"Shed",400,3,2009,"WD","Normal",131400,1,1,1,0,1,0,0
"060","RL",13600,"Pave","NA",4,"Lvl",4,"Inside",3,"NAmes","Norm","Norm","1Fam","2Story",7,6,1965,1990,"Gable","CompShg","HdBoard","HdBoard","BrkFace",176,3,3,"CBlock",3,3,1,4,1,768,"GasA",3,"Y",5,1986,0,0,2,1,3,1,3,8,3,2,"Attchd",1,2,486,3,3,3,0,42,0,0,189,0,0,0,"NA",0,10,2009,"WD","Normal",205000,1,1,1,0,0,0,1
"060","RL",12720,"Pave","NA",4,"Lvl",4,"Inside",3,"NoRidge","Norm","Norm","1Fam","2Story",8,5,2000,2000,"Gable","CompShg","VinylSd","VinylSd","BrkFace",150,4,3,"PConc",4,3,2,6,1,1455,"GasA",5,"Y",5,2687,1,0,2,1,4,1,4,8,2,3,"BuiltIn",2,3,810,3,3,3,252,30,0,0,0,0,0,0,"NA",0,9,2009,"WD","Normal",327000,1,1,1,0,0,0,1
"070","RM",10800,"Pave","Grvl",4,"Bnk",4,"Inside",3,"OldTown","Norm","Norm","1Fam","2Story",7,8,1890,1998,"Gable","CompShg","Wd Sdng","VinylSd","None",0,3,4,"BrkTil",3,3,1,1,1,718,"GasA",5,"Y",5,2554,0,0,1,1,3,1,3,8,0,0,"Detchd",1,2,704,3,3,2,0,48,143,0,0,0,0,0,"NA",0,7,2007,"WD","Normal",159500,1,1,0,0,0,1,0
"060","RL",12438,"Pave","NA",3,"Lvl",4,"Inside",3,"StoneBr","Norm","Norm","1Fam","2Story",8,5,2006,2006,"Hip","CompShg","VinylSd","VinylSd","BrkFace",466,5,3,"PConc",5,4,1,1,1,1234,"GasA",5,"Y",5,2576,0,0,2,1,4,1,5,8,1,4,"BuiltIn",3,3,666,3,3,3,324,100,0,0,0,0,0,0,"NA",0,7,2006,"New","Partial",361919,1,1,1,0,0,0,1
"060","RL",8749,"Pave","NA",4,"Lvl",4,"Inside",3,"CollgCr","Norm","Norm","1Fam","2Story",7,5,2002,2002,"Gable","CompShg","VinylSd","VinylSd","None",0,4,3,"PConc",4,3,1,1,1,840,"GasA",5,"Y",5,1725,0,0,2,1,3,1,4,8,0,0,"Attchd",2,2,550,3,3,3,0,48,0,0,0,0,0,0,"NA",0,11,2009,"WD","Normal",198500,1,1,0,0,0,0,0
"080","RL",8385,"Pave","NA",4,"Lvl",4,"Inside",3,"CollgCr","Norm","Norm","1Fam","SLvl",5,8,1977,1977,"Gable","CompShg","HdBoard","HdBoard","BrkFace",220,4,3,"CBlock",4,4,3,6,1,985,"GasA",3,"Y",5,985,0,0,2,0,3,1,3,8,0,0,"Attchd",1,1,328,3,3,3,210,0,0,0,0,0,0,0,"NA",0,11,2008,"WD","Normal",149900,1,1,0,0,0,0,1
"020","RL",6960,"Pave","NA",4,"Lvl",4,"Inside",3,"NAmes","Norm","Norm","1Fam","1Story",4,6,1970,1970,"Gable","CompShg","HdBoard","Plywood","None",0,3,3,"CBlock",3,3,1,5,4,864,"GasA",3,"Y",5,864,0,0,1,0,3,1,4,8,0,0,"Detchd",1,2,660,3,3,3,96,0,0,0,0,0,0,0,"Shed",500,11,2009,"WD","Normal",120500,1,1,0,0,0,0,0
"120","RL",6240,"Pave","NA",4,"Lvl",4,"Inside",3,"NridgHt","Norm","Norm","TwnhsE","1Story",8,5,2006,2006,"Hip","CompShg","MetalSd","MetalSd","BrkFace",176,4,3,"PConc",4,3,1,6,1,1324,"GasA",5,"Y",5,1324,0,0,2,0,2,1,4,8,1,4,"Attchd",3,2,550,3,3,3,0,38,0,0,0,0,0,0,"NA",0,9,2007,"New","Partial",221370,1,1,1,0,0,0,1
"050","RL",9084,"Pave","NA",4,"Lvl",4,"Inside",3,"Edwards","Artery","Norm","1Fam","1.5Fin",5,6,1941,1950,"Gable","CompShg","VinylSd","VinylSd","None",0,3,3,"CBlock",3,2,2,2,3,616,"GasA",3,"N",5,1111,0,1,1,0,3,1,3,8,0,0,"Detchd",1,1,200,3,2,3,48,0,0,0,0,0,0,0,"NA",0,3,2008,"ConLw","Normal",95000,1,1,0,0,0,0,0
"020","RL",10357,"Pave","NA",3,"Lvl",4,"Corner",3,"SawyerW","Feedr","Norm","1Fam","1Story",7,5,1990,1991,"Hip","CompShg","HdBoard","HdBoard","None",0,4,3,"PConc",4,3,2,6,1,910,"GasA",4,"Y",5,1442,1,0,2,0,3,1,4,8,1,3,"Attchd",3,2,719,3,3,3,0,244,0,0,0,0,0,0,"NA",0,5,2007,"WD","Normal",179900,1,1,1,0,0,0,0
"060","RL",9588,"Pave","NA",3,"Lvl",4,"Inside",3,"CollgCr","Norm","Norm","1Fam","2Story",8,5,2007,2007,"Gable","CompShg","CemntBd","CmentBd","Stone",270,4,3,"PConc",5,3,1,1,1,1482,"GasA",5,"Y",5,2574,0,0,2,1,3,1,5,8,1,4,"BuiltIn",3,3,868,3,3,3,0,148,0,0,0,0,0,0,"NA",0,11,2007,"New","Partial",276000,1,1,1,0,0,0,1
"060","RL",7590,"Pave","NA",4,"Lvl",4,"Inside",3,"NAmes","PosN","Norm","1Fam","2Story",5,5,1962,1962,"Gable","CompShg","VinylSd","VinylSd","BrkFace",288,3,3,"CBlock",3,3,1,5,1,864,"GasA",3,"Y",5,1812,0,0,2,0,4,1,3,8,1,3,"Attchd",2,1,264,3,3,3,0,168,0,0,0,0,0,0,"NA",0,7,2007,"WD","Normal",169500,1,1,1,0,0,0,1
"050","RM",6240,"Pave","NA",4,"Lvl",4,"Inside",3,"BrkSide","Norm","Norm","1Fam","1.5Fin",5,4,1936,1950,"Gable","CompShg","MetalSd","MetalSd","None",0,3,3,"BrkTil",4,3,1,1,1,896,"GasA",4,"Y",3,1344,0,0,1,0,3,1,3,8,0,0,"Detchd",1,1,240,2,3,3,200,114,0,0,0,0,0,0,"NA",0,4,2006,"WD","Normal",115000,1,1,0,0,0,0,0
"020","RL",7150,"Pave","NA",4,"Lvl",4,"Inside",3,"NAmes","Norm","Norm","1Fam","1Story",5,5,1967,1967,"Gable","CompShg","HdBoard","HdBoard","BrkFace",60,3,3,"CBlock",3,3,1,4,1,892,"GasA",3,"Y",5,892,0,0,1,0,3,1,3,8,0,0,"Attchd",2,1,288,3,3,3,0,0,0,0,0,0,0,2,"NA",0,7,2009,"WD","Normal",1e+05,1,1,0,0,1,0,1
"060","RL",9709,"Pave","NA",3,"Lvl",4,"Inside",3,"NridgHt","Norm","Norm","1Fam","2Story",8,5,2007,2007,"Gable","CompShg","VinylSd","VinylSd","Stone",120,5,3,"PConc",5,3,4,6,1,918,"GasA",5,"Y",5,2100,1,0,2,1,3,1,5,8,2,4,"BuiltIn",3,3,786,3,3,3,172,104,0,0,0,0,0,0,"NA",0,9,2007,"New","Partial",319500,1,1,1,0,0,0,1
"160","RM",1680,"Pave","NA",4,"Lvl",4,"Inside",3,"BrDale","Norm","Norm","Twnhs","2Story",6,5,1973,1973,"Gable","CompShg","HdBoard","HdBoard","BrkFace",359,3,3,"CBlock",3,3,1,2,1,483,"GasA",3,"Y",5,987,0,1,1,1,2,1,3,8,0,0,"Detchd",1,1,264,3,3,3,52,0,0,0,0,0,0,0,"NA",0,2,2008,"WD","Normal",103400,1,1,0,0,0,0,1
"060","RL",12292,"Pave","NA",3,"HLS",4,"CulDSac",3,"StoneBr","Norm","Norm","1Fam","2Story",9,5,2006,2006,"Hip","CompShg","VinylSd","VinylSd","BrkFace",184,4,3,"PConc",5,4,4,6,1,1094,"GasA",5,"Y",5,2473,0,0,2,1,4,1,4,8,1,4,"BuiltIn",3,3,675,3,3,3,246,39,0,0,0,0,0,0,"NA",0,7,2006,"New","Partial",356383,1,1,1,0,0,0,1
"020","RL",8172,"Pave","NA",4,"HLS",4,"Inside",3,"Edwards","Norm","Norm","1Fam","1Story",4,5,1955,1955,"Gable","CompShg","WdShing","Plywood","None",0,3,3,"CBlock",3,3,1,5,1,864,"GasA",3,"Y",5,864,1,0,1,0,3,1,3,8,0,0,"Detchd",1,2,528,3,3,1,196,0,0,0,0,0,0,0,"NA",0,10,2007,"COD","Family",79275,1,1,0,0,0,0,0
"030","RL",10200,"Pave","NA",4,"Lvl",4,"Inside",3,"Sawyer","Norm","Norm","1Fam","1Story",5,8,1940,1997,"Gable","CompShg","Wd Sdng","Wd Sdng","None",0,3,3,"PConc",3,3,1,1,1,672,"GasA",5,"Y",5,672,0,0,1,0,2,1,3,8,0,0,"Detchd",1,1,240,3,3,1,168,0,0,0,0,0,0,4,"NA",0,8,2008,"WD","Normal",108000,1,1,0,0,1,0,0
"020","RL",10000,"Pave","NA",4,"Lvl",4,"Inside",3,"NWAmes","Norm","Norm","1Fam","1Story",5,6,1973,2000,"Gable","CompShg","HdBoard","HdBoard","None",0,3,3,"CBlock",4,3,1,4,1,1176,"GasA",4,"Y",5,1178,0,1,1,1,3,1,4,8,1,2,"Attchd",1,2,439,3,3,3,224,0,0,0,0,0,0,3,"NA",0,11,2008,"WD","Normal",157000,1,1,1,0,1,0,0
"070","RL",13132,"Pave","NA",4,"Lvl",4,"Inside",3,"Crawfor","Norm","Norm","1Fam","2Story",5,5,1914,1950,"Gable","CompShg","Wd Sdng","Wd Sdng","None",0,3,3,"BrkTil",4,3,2,1,1,747,"GasA",4,"Y",2,1784,0,0,1,1,4,1,3,8,0,0,"Detchd",1,1,180,2,2,1,203,40,0,0,0,0,0,0,"NA",0,7,2006,"WD","Normal",138887,1,1,0,0,0,0,0
"020","RL",12898,"Pave","NA",3,"HLS",4,"Inside",3,"Timber","Norm","Norm","1Fam","1Story",9,5,2007,2008,"Hip","CompShg","VinylSd","VinylSd","Stone",70,4,3,"PConc",5,3,4,6,1,1620,"GasA",5,"Y",5,1620,1,0,2,0,2,1,5,8,1,5,"Attchd",3,3,912,3,3,3,228,0,0,0,0,0,0,0,"NA",0,9,2009,"WD","Normal",315500,1,1,1,0,0,0,1
"020","RL",11700,"Pave","NA",4,"Lvl",4,"Corner",3,"NWAmes","Norm","Norm","1Fam","1Story",6,5,1968,1968,"Gable","CompShg","HdBoard","HdBoard","BrkFace",196,3,3,"PConc",4,3,1,5,1,1295,"GasA",2,"Y",5,1295,1,0,1,1,3,1,3,8,0,0,"Attchd",3,2,528,3,3,3,0,194,0,0,200,0,0,0,"NA",0,4,2007,"WD","Normal",164000,1,1,0,0,0,0,1
"060","RL",13440,"Pave","NA",4,"Lvl",4,"Inside",3,"NridgHt","Norm","Norm","1Fam","2Story",8,5,2006,2007,"Hip","CompShg","VinylSd","VinylSd","BrkFace",190,4,3,"PConc",5,3,1,1,1,1108,"GasA",5,"Y",5,2550,0,0,2,1,4,1,5,8,1,4,"BuiltIn",3,3,670,3,3,3,120,39,0,0,0,0,0,0,"NA",0,3,2007,"New","Partial",338931,1,1,1,0,0,0,1
"060","RL",10237,"Pave","NA",4,"Lvl",4,"Inside",3,"Gilbert","RRAn","Norm","1Fam","2Story",7,5,2006,2006,"Gable","CompShg","VinylSd","VinylSd","None",0,4,3,"PConc",4,3,1,1,1,738,"GasA",5,"Y",5,1492,0,0,2,1,3,1,4,8,0,0,"Attchd",3,2,440,3,3,3,0,32,0,0,0,0,0,0,"NA",0,9,2006,"New","Partial",169985,1,1,0,0,0,0,0
"020","RL",5470,"Pave","NA",4,"Lvl",4,"Inside",3,"OldTown","Norm","Norm","1Fam","1Story",3,5,1958,1958,"Gable","CompShg","MetalSd","MetalSd","None",0,3,3,"CBlock",3,3,1,1,1,792,"GasA",4,"Y",3,792,0,0,1,0,2,1,3,8,0,0,"Attchd",1,1,366,2,3,3,0,90,0,0,0,0,0,0,"NA",0,8,2009,"WD","Normal",99900,1,1,0,0,0,0,0
"050","RL",9144,"Pave","Pave",4,"Lvl",4,"Inside",3,"BrkSide","Norm","Norm","1Fam","1.5Fin",5,5,1940,1982,"Gable","CompShg","MetalSd","MetalSd","None",0,3,3,"CBlock",3,3,1,3,1,883,"GasA",4,"Y",5,1505,1,0,1,0,3,1,3,8,0,0,"Detchd",1,1,240,3,3,1,0,0,0,0,0,0,0,0,"NA",0,7,2008,"WD","Normal",145000,1,1,0,0,0,1,0
"060","RL",10261,"Pave","NA",3,"Lvl",4,"Inside",3,"Gilbert","Norm","Norm","1Fam","2Story",6,5,2000,2000,"Gable","CompShg","VinylSd","VinylSd","BrkFace",318,3,3,"PConc",4,3,1,1,1,936,"GasA",5,"Y",5,1792,1,0,2,1,3,1,3,8,1,3,"Attchd",3,2,451,3,3,3,0,0,0,0,0,0,0,0,"NA",0,5,2008,"WD","Normal",186500,1,1,1,0,0,0,1
"020","RL",9000,"Pave","NA",4,"Lvl",4,"Inside",3,"NAmes","Norm","Norm","1Fam","1Story",6,5,1956,1956,"Gable","CompShg","Wd Sdng","Wd Sdng","BrkFace",74,3,3,"CBlock",4,3,1,2,1,1196,"GasA",4,"Y",3,1196,1,0,1,0,2,1,3,8,1,4,"Attchd",2,1,297,3,3,3,0,44,0,0,0,0,0,0,"NA",0,5,2008,"WD","Normal",139000,1,1,1,0,0,0,1
"030","C (all)",6060,"Pave","NA",4,"Lvl",4,"Inside",3,"IDOTRR","Norm","Norm","1Fam","1Story",5,9,1930,2007,"Hip","CompShg","MetalSd","MetalSd","None",0,4,3,"BrkTil",3,3,1,5,1,837,"GasA",5,"Y",5,1001,0,0,1,0,2,1,4,8,0,0,"Detchd",1,1,216,3,1,1,154,0,42,86,0,0,0,0,"NA",0,11,2007,"WD","Normal",124900,1,1,0,0,0,0,0
"020","RL",9830,"Pave","NA",3,"Lvl",4,"Corner",3,"NAmes","Norm","Norm","1Fam","1Story",5,7,1959,2006,"Gable","CompShg","Wd Sdng","Wd Sdng","None",0,3,4,"CBlock",3,3,1,5,3,1063,"GasA",5,"Y",5,1287,1,0,1,0,3,1,4,8,1,4,"Detchd",3,2,576,3,3,3,364,17,0,0,182,0,0,0,"NA",0,3,2010,"WD","Normal",162000,1,1,1,0,0,0,0
"020","RL",11578,"Pave","NA",4,"Lvl",4,"Inside",3,"NridgHt","Norm","Norm","1Fam","1Story",9,5,2008,2008,"Gable","CompShg","VinylSd","VinylSd","Stone",302,5,3,"PConc",5,3,1,1,1,1736,"GasA",5,"Y",5,1736,0,0,2,0,3,1,5,8,1,4,"Attchd",2,3,834,3,3,3,319,90,0,0,0,0,0,0,"NA",0,7,2009,"WD","Normal",360000,1,1,1,0,0,0,1
"060","RL",10316,"Pave","NA",3,"Lvl",4,"Inside",3,"CollgCr","Norm","Norm","1Fam","2Story",7,5,2000,2000,"Gable","CompShg","VinylSd","VinylSd","None",0,4,3,"PConc",4,3,1,6,1,992,"GasA",5,"Y",5,1865,1,0,2,1,3,1,4,8,1,3,"Attchd",2,3,839,3,3,3,0,184,0,0,0,0,0,0,"NA",0,6,2008,"WD","Normal",235000,1,1,1,0,0,0,0
"020","RL",10859,"Pave","NA",4,"Lvl",4,"Corner",3,"CollgCr","Norm","Norm","1Fam","1Story",5,5,1994,1995,"Gable","CompShg","VinylSd","VinylSd","None",0,3,3,"PConc",4,3,1,1,1,1097,"GasA",5,"Y",5,1097,0,0,1,1,3,1,3,8,0,0,"Attchd",1,2,672,3,3,3,392,64,0,0,0,0,0,0,"NA",0,6,2009,"WD","Normal",145000,1,1,0,0,0,0,0
